Entity,Code,Year,Gini coefficient of lifespan inequality - Sex: female
Afghanistan,AFG,1950,0.54744756
Afghanistan,AFG,1951,0.542838
Afghanistan,AFG,1952,0.53825915
Afghanistan,AFG,1953,0.5335585
Afghanistan,AFG,1954,0.5305659
Afghanistan,AFG,1955,0.52357817
Afghanistan,AFG,1956,0.5186611
Afghanistan,AFG,1957,0.5134093
Afghanistan,AFG,1958,0.5083792
Afghanistan,AFG,1959,0.50321424
Afghanistan,AFG,1960,0.49840853
Afghanistan,AFG,1961,0.4933985
Afghanistan,AFG,1962,0.48873046
Afghanistan,AFG,1963,0.4842429
Afghanistan,AFG,1964,0.4793324
Afghanistan,AFG,1965,0.47456142
Afghanistan,AFG,1966,0.46974084
Afghanistan,AFG,1967,0.4650124
Afghanistan,AFG,1968,0.4607101
Afghanistan,AFG,1969,0.455963
Afghanistan,AFG,1970,0.45097846
Afghanistan,AFG,1971,0.44610307
Afghanistan,AFG,1972,0.44118991
Afghanistan,AFG,1973,0.43603867
Afghanistan,AFG,1974,0.43097565
Afghanistan,AFG,1975,0.42563817
Afghanistan,AFG,1976,0.42032868
Afghanistan,AFG,1977,0.41476753
Afghanistan,AFG,1978,0.4169455
Afghanistan,AFG,1979,0.42079237
Afghanistan,AFG,1980,0.41565138
Afghanistan,AFG,1981,0.4120206
Afghanistan,AFG,1982,0.42936403
Afghanistan,AFG,1983,0.42352676
Afghanistan,AFG,1984,0.4545359
Afghanistan,AFG,1985,0.44776878
Afghanistan,AFG,1986,0.4039567
Afghanistan,AFG,1987,0.39836103
Afghanistan,AFG,1988,0.36926103
Afghanistan,AFG,1989,0.35926637
Afghanistan,AFG,1990,0.3525144
Afghanistan,AFG,1991,0.34686932
Afghanistan,AFG,1992,0.3345885
Afghanistan,AFG,1993,0.3118813
Afghanistan,AFG,1994,0.30363023
Afghanistan,AFG,1995,0.29808366
Afghanistan,AFG,1996,0.29107842
Afghanistan,AFG,1997,0.28775248
Afghanistan,AFG,1998,0.28988075
Afghanistan,AFG,1999,0.27588964
Afghanistan,AFG,2000,0.2702977
Afghanistan,AFG,2001,0.26518112
Afghanistan,AFG,2002,0.2617542
Afghanistan,AFG,2003,0.25214607
Afghanistan,AFG,2004,0.24632357
Afghanistan,AFG,2005,0.24131405
Afghanistan,AFG,2006,0.23605599
Afghanistan,AFG,2007,0.22964911
Afghanistan,AFG,2008,0.22375888
Afghanistan,AFG,2009,0.22009324
Afghanistan,AFG,2010,0.21540971
Afghanistan,AFG,2011,0.20992303
Afghanistan,AFG,2012,0.20519254
Afghanistan,AFG,2013,0.20070104
Afghanistan,AFG,2014,0.1985924
Afghanistan,AFG,2015,0.19666442
Afghanistan,AFG,2016,0.19228809
Afghanistan,AFG,2017,0.18396133
Afghanistan,AFG,2018,0.18077601
Afghanistan,AFG,2019,0.17872962
Afghanistan,AFG,2020,0.17898226
Afghanistan,AFG,2021,0.18036123
Afghanistan,AFG,2022,0.16892317
Afghanistan,AFG,2023,0.16621046
Africa (UN),UN_AFR,1950,0.46167094
Africa (UN),UN_AFR,1951,0.45596492
Africa (UN),UN_AFR,1952,0.45071417
Africa (UN),UN_AFR,1953,0.44557405
Africa (UN),UN_AFR,1954,0.44062275
Africa (UN),UN_AFR,1955,0.4354891
Africa (UN),UN_AFR,1956,0.43067682
Africa (UN),UN_AFR,1957,0.43176544
Africa (UN),UN_AFR,1958,0.4274088
Africa (UN),UN_AFR,1959,0.4172228
Africa (UN),UN_AFR,1960,0.4135989
Africa (UN),UN_AFR,1961,0.40912804
Africa (UN),UN_AFR,1962,0.40555245
Africa (UN),UN_AFR,1963,0.40143347
Africa (UN),UN_AFR,1964,0.3973818
Africa (UN),UN_AFR,1965,0.39416406
Africa (UN),UN_AFR,1966,0.3930907
Africa (UN),UN_AFR,1967,0.38843003
Africa (UN),UN_AFR,1968,0.3839373
Africa (UN),UN_AFR,1969,0.38100472
Africa (UN),UN_AFR,1970,0.37727198
Africa (UN),UN_AFR,1971,0.37337112
Africa (UN),UN_AFR,1972,0.37197378
Africa (UN),UN_AFR,1973,0.36591908
Africa (UN),UN_AFR,1974,0.3630269
Africa (UN),UN_AFR,1975,0.35875812
Africa (UN),UN_AFR,1976,0.35179985
Africa (UN),UN_AFR,1977,0.34674016
Africa (UN),UN_AFR,1978,0.3420561
Africa (UN),UN_AFR,1979,0.33686566
Africa (UN),UN_AFR,1980,0.33234903
Africa (UN),UN_AFR,1981,0.32821253
Africa (UN),UN_AFR,1982,0.323875
Africa (UN),UN_AFR,1983,0.3305809
Africa (UN),UN_AFR,1984,0.32768485
Africa (UN),UN_AFR,1985,0.3239615
Africa (UN),UN_AFR,1986,0.31938824
Africa (UN),UN_AFR,1987,0.3124824
Africa (UN),UN_AFR,1988,0.3149762
Africa (UN),UN_AFR,1989,0.3076359
Africa (UN),UN_AFR,1990,0.30708924
Africa (UN),UN_AFR,1991,0.3095999
Africa (UN),UN_AFR,1992,0.3099418
Africa (UN),UN_AFR,1993,0.30513567
Africa (UN),UN_AFR,1994,0.3158973
Africa (UN),UN_AFR,1995,0.30052343
Africa (UN),UN_AFR,1996,0.30015445
Africa (UN),UN_AFR,1997,0.2982795
Africa (UN),UN_AFR,1998,0.2990996
Africa (UN),UN_AFR,1999,0.2926011
Africa (UN),UN_AFR,2000,0.28892806
Africa (UN),UN_AFR,2001,0.28555468
Africa (UN),UN_AFR,2002,0.28176594
Africa (UN),UN_AFR,2003,0.27730316
Africa (UN),UN_AFR,2004,0.27260047
Africa (UN),UN_AFR,2005,0.2671941
Africa (UN),UN_AFR,2006,0.2612288
Africa (UN),UN_AFR,2007,0.2551744
Africa (UN),UN_AFR,2008,0.2496094
Africa (UN),UN_AFR,2009,0.24669316
Africa (UN),UN_AFR,2010,0.23916353
Africa (UN),UN_AFR,2011,0.23739356
Africa (UN),UN_AFR,2012,0.22945811
Africa (UN),UN_AFR,2013,0.22467026
Africa (UN),UN_AFR,2014,0.2224186
Africa (UN),UN_AFR,2015,0.21953504
Africa (UN),UN_AFR,2016,0.21646754
Africa (UN),UN_AFR,2017,0.21392454
Africa (UN),UN_AFR,2018,0.20841889
Africa (UN),UN_AFR,2019,0.20570408
Africa (UN),UN_AFR,2020,0.20037852
Africa (UN),UN_AFR,2021,0.20001575
Africa (UN),UN_AFR,2022,0.19895872
Africa (UN),UN_AFR,2023,0.19264936
Albania,ALB,1950,0.3786347
Albania,ALB,1951,0.370997
Albania,ALB,1952,0.3618192
Albania,ALB,1953,0.3518556
Albania,ALB,1954,0.3426059
Albania,ALB,1955,0.3315927
Albania,ALB,1956,0.31974787
Albania,ALB,1957,0.30605128
Albania,ALB,1958,0.29226756
Albania,ALB,1959,0.27913347
Albania,ALB,1960,0.2671915
Albania,ALB,1961,0.2572036
Albania,ALB,1962,0.24779531
Albania,ALB,1963,0.23878706
Albania,ALB,1964,0.23069353
Albania,ALB,1965,0.22308777
Albania,ALB,1966,0.2150943
Albania,ALB,1967,0.20727533
Albania,ALB,1968,0.19943166
Albania,ALB,1969,0.19207223
Albania,ALB,1970,0.18513955
Albania,ALB,1971,0.17863141
Albania,ALB,1972,0.17241907
Albania,ALB,1973,0.16664267
Albania,ALB,1974,0.16127111
Albania,ALB,1975,0.15632956
Albania,ALB,1976,0.15179706
Albania,ALB,1977,0.14762625
Albania,ALB,1978,0.14381923
Albania,ALB,1979,0.14110515
Albania,ALB,1980,0.13831751
Albania,ALB,1981,0.13641337
Albania,ALB,1982,0.13459547
Albania,ALB,1983,0.13273396
Albania,ALB,1984,0.13085742
Albania,ALB,1985,0.12886128
Albania,ALB,1986,0.12605748
Albania,ALB,1987,0.12419515
Albania,ALB,1988,0.1233086
Albania,ALB,1989,0.12239171
Albania,ALB,1990,0.12128819
Albania,ALB,1991,0.11966794
Albania,ALB,1992,0.117876045
Albania,ALB,1993,0.115718395
Albania,ALB,1994,0.114165924
Albania,ALB,1995,0.11236363
Albania,ALB,1996,0.11125957
Albania,ALB,1997,0.114617854
Albania,ALB,1998,0.1090832
Albania,ALB,1999,0.10770994
Albania,ALB,2000,0.10638767
Albania,ALB,2001,0.10499848
Albania,ALB,2002,0.10396718
Albania,ALB,2003,0.102858126
Albania,ALB,2004,0.10201137
Albania,ALB,2005,0.100590244
Albania,ALB,2006,0.09820295
Albania,ALB,2007,0.095362805
Albania,ALB,2008,0.09283909
Albania,ALB,2009,0.09105749
Albania,ALB,2010,0.0901434
Albania,ALB,2011,0.0896768
Albania,ALB,2012,0.08953467
Albania,ALB,2013,0.08918837
Albania,ALB,2014,0.08858736
Albania,ALB,2015,0.087675326
Albania,ALB,2016,0.08684987
Albania,ALB,2017,0.08603883
Albania,ALB,2018,0.08544342
Albania,ALB,2019,0.08545424
Albania,ALB,2020,0.08517212
Albania,ALB,2021,0.08866679
Albania,ALB,2022,0.08623092
Albania,ALB,2023,0.084109694
Algeria,DZA,1950,0.41181046
Algeria,DZA,1951,0.40624735
Algeria,DZA,1952,0.4043486
Algeria,DZA,1953,0.40266576
Algeria,DZA,1954,0.40473512
Algeria,DZA,1955,0.40225077
Algeria,DZA,1956,0.40175453
Algeria,DZA,1957,0.40133104
Algeria,DZA,1958,0.40119544
Algeria,DZA,1959,0.4010699
Algeria,DZA,1960,0.4011851
Algeria,DZA,1961,0.40157425
Algeria,DZA,1962,0.41027755
Algeria,DZA,1963,0.40376997
Algeria,DZA,1964,0.40524194
Algeria,DZA,1965,0.40660697
Algeria,DZA,1966,0.40754062
Algeria,DZA,1967,0.40763608
Algeria,DZA,1968,0.40670055
Algeria,DZA,1969,0.40454254
Algeria,DZA,1970,0.40074414
Algeria,DZA,1971,0.39554793
Algeria,DZA,1972,0.38870466
Algeria,DZA,1973,0.3805076
Algeria,DZA,1974,0.37089112
Algeria,DZA,1975,0.35999018
Algeria,DZA,1976,0.34754997
Algeria,DZA,1977,0.33370394
Algeria,DZA,1978,0.31822872
Algeria,DZA,1979,0.301409
Algeria,DZA,1980,0.2844899
Algeria,DZA,1981,0.2623483
Algeria,DZA,1982,0.24238792
Algeria,DZA,1983,0.22496845
Algeria,DZA,1984,0.21015073
Algeria,DZA,1985,0.1958672
Algeria,DZA,1986,0.18564647
Algeria,DZA,1987,0.17494993
Algeria,DZA,1988,0.16828968
Algeria,DZA,1989,0.1630799
Algeria,DZA,1990,0.15744877
Algeria,DZA,1991,0.1563846
Algeria,DZA,1992,0.15423729
Algeria,DZA,1993,0.15772717
Algeria,DZA,1994,0.15718423
Algeria,DZA,1995,0.1547303
Algeria,DZA,1996,0.15024355
Algeria,DZA,1997,0.14596063
Algeria,DZA,1998,0.14233805
Algeria,DZA,1999,0.13883856
Algeria,DZA,2000,0.1354817
Algeria,DZA,2001,0.13277364
Algeria,DZA,2002,0.12820762
Algeria,DZA,2003,0.12731962
Algeria,DZA,2004,0.122638054
Algeria,DZA,2005,0.12066301
Algeria,DZA,2006,0.11874656
Algeria,DZA,2007,0.11730132
Algeria,DZA,2008,0.11601168
Algeria,DZA,2009,0.1145757
Algeria,DZA,2010,0.11326211
Algeria,DZA,2011,0.11211301
Algeria,DZA,2012,0.11135533
Algeria,DZA,2013,0.11056234
Algeria,DZA,2014,0.109907135
Algeria,DZA,2015,0.10917803
Algeria,DZA,2016,0.10850318
Algeria,DZA,2017,0.10763799
Algeria,DZA,2018,0.10662253
Algeria,DZA,2019,0.105384804
Algeria,DZA,2020,0.1063331
Algeria,DZA,2021,0.10353182
Algeria,DZA,2022,0.101434216
Algeria,DZA,2023,0.10011859
American Samoa,ASM,1950,0.21090695
American Samoa,ASM,1951,0.20550093
American Samoa,ASM,1952,0.20100212
American Samoa,ASM,1953,0.19652033
American Samoa,ASM,1954,0.19226512
American Samoa,ASM,1955,0.18819252
American Samoa,ASM,1956,0.18438086
American Samoa,ASM,1957,0.18053615
American Samoa,ASM,1958,0.1757124
American Samoa,ASM,1959,0.16968854
American Samoa,ASM,1960,0.16292946
American Samoa,ASM,1961,0.15646794
American Samoa,ASM,1962,0.15119103
American Samoa,ASM,1963,0.14743632
American Samoa,ASM,1964,0.14488164
American Samoa,ASM,1965,0.14343022
American Samoa,ASM,1966,0.23343275
American Samoa,ASM,1967,0.14131808
American Samoa,ASM,1968,0.14094019
American Samoa,ASM,1969,0.14028415
American Samoa,ASM,1970,0.13848603
American Samoa,ASM,1971,0.13583262
American Samoa,ASM,1972,0.13339177
American Samoa,ASM,1973,0.13221216
American Samoa,ASM,1974,0.1310156
American Samoa,ASM,1975,0.12961777
American Samoa,ASM,1976,0.12797189
American Samoa,ASM,1977,0.1262377
American Samoa,ASM,1978,0.124523014
American Samoa,ASM,1979,0.122790314
American Samoa,ASM,1980,0.12029421
American Samoa,ASM,1981,0.11745183
American Samoa,ASM,1982,0.1158318
American Samoa,ASM,1983,0.11511322
American Samoa,ASM,1984,0.11495315
American Samoa,ASM,1985,0.11394653
American Samoa,ASM,1986,0.11264727
American Samoa,ASM,1987,0.111207955
American Samoa,ASM,1988,0.10993032
American Samoa,ASM,1989,0.10932054
American Samoa,ASM,1990,0.105717376
American Samoa,ASM,1991,0.10206099
American Samoa,ASM,1992,0.09834218
American Samoa,ASM,1993,0.098201126
American Samoa,ASM,1994,0.09799091
American Samoa,ASM,1995,0.09826744
American Samoa,ASM,1996,0.09859021
American Samoa,ASM,1997,0.0990469
American Samoa,ASM,1998,0.103525974
American Samoa,ASM,1999,0.1075854
American Samoa,ASM,2000,0.11107581
American Samoa,ASM,2001,0.11002751
American Samoa,ASM,2002,0.10848187
American Samoa,ASM,2003,0.10910646
American Samoa,ASM,2004,0.103741005
American Samoa,ASM,2005,0.103818186
American Samoa,ASM,2006,0.10493778
American Samoa,ASM,2007,0.1064657
American Samoa,ASM,2008,0.10616698
American Samoa,ASM,2009,0.12435202
American Samoa,ASM,2010,0.10557836
American Samoa,ASM,2011,0.10524022
American Samoa,ASM,2012,0.10501765
American Samoa,ASM,2013,0.10522113
American Samoa,ASM,2014,0.107290335
American Samoa,ASM,2015,0.10830969
American Samoa,ASM,2016,0.108721845
American Samoa,ASM,2017,0.10651279
American Samoa,ASM,2018,0.10637325
American Samoa,ASM,2019,0.10677595
American Samoa,ASM,2020,0.1078996
American Samoa,ASM,2021,0.107815914
American Samoa,ASM,2022,0.10758061
American Samoa,ASM,2023,0.107441135
Americas,,1950,0.26463675
Americas,,1951,0.26061493
Americas,,1952,0.25669336
Americas,,1953,0.25177768
Americas,,1954,0.24707222
Americas,,1955,0.2426154
Americas,,1956,0.23886788
Americas,,1957,0.2353812
Americas,,1958,0.23155044
Americas,,1959,0.22774357
Americas,,1960,0.22443312
Americas,,1961,0.2213308
Americas,,1962,0.2189128
Americas,,1963,0.21674612
Americas,,1964,0.2141631
Americas,,1965,0.21180633
Americas,,1966,0.20954716
Americas,,1967,0.20715828
Americas,,1968,0.20505106
Americas,,1969,0.20280012
Americas,,1970,0.20363119
Americas,,1971,0.19732042
Americas,,1972,0.19544363
Americas,,1973,0.19236992
Americas,,1974,0.18971206
Americas,,1975,0.18652488
Americas,,1976,0.18443038
Americas,,1977,0.1802414
Americas,,1978,0.17710201
Americas,,1979,0.17388412
Americas,,1980,0.17039569
Americas,,1981,0.1676443
Americas,,1982,0.16512097
Americas,,1983,0.16132125
Americas,,1984,0.15860116
Americas,,1985,0.15696062
Americas,,1986,0.15346368
Americas,,1987,0.15103309
Americas,,1988,0.14839761
Americas,,1989,0.14614473
Americas,,1990,0.14357813
Americas,,1991,0.14142062
Americas,,1992,0.13908555
Americas,,1993,0.13673882
Americas,,1994,0.13488816
Americas,,1995,0.1327763
Americas,,1996,0.13062987
Americas,,1997,0.12848474
Americas,,1998,0.12733462
Americas,,1999,0.12431156
Americas,,2000,0.122387126
Americas,,2001,0.12098689
Americas,,2002,0.119171806
Americas,,2003,0.11776156
Americas,,2004,0.11680398
Americas,,2005,0.11518548
Americas,,2006,0.114159204
Americas,,2007,0.11297102
Americas,,2008,0.11204896
Americas,,2009,0.111874595
Americas,,2010,0.11423273
Americas,,2011,0.109621435
Americas,,2012,0.108780555
Americas,,2013,0.10816007
Americas,,2014,0.10788943
Americas,,2015,0.10734847
Americas,,2016,0.10785604
Americas,,2017,0.107214816
Americas,,2018,0.10657981
Americas,,2019,0.10603821
Americas,,2020,0.10903437
Americas,,2021,0.11563508
Americas,,2022,0.10722631
Americas,,2023,0.10425296
Andorra,AND,1950,0.13946576
Andorra,AND,1951,0.13691033
Andorra,AND,1952,0.13430294
Andorra,AND,1953,0.13033687
Andorra,AND,1954,0.12622218
Andorra,AND,1955,0.1233309
Andorra,AND,1956,0.12090118
Andorra,AND,1957,0.118645735
Andorra,AND,1958,0.11559031
Andorra,AND,1959,0.11294581
Andorra,AND,1960,0.10978025
Andorra,AND,1961,0.10688595
Andorra,AND,1962,0.10421718
Andorra,AND,1963,0.10213997
Andorra,AND,1964,0.100175284
Andorra,AND,1965,0.09898398
Andorra,AND,1966,0.09826778
Andorra,AND,1967,0.09804317
Andorra,AND,1968,0.09796893
Andorra,AND,1969,0.09801387
Andorra,AND,1970,0.09773605
Andorra,AND,1971,0.0973557
Andorra,AND,1972,0.09650514
Andorra,AND,1973,0.09559256
Andorra,AND,1974,0.09459456
Andorra,AND,1975,0.093610436
Andorra,AND,1976,0.09241701
Andorra,AND,1977,0.09130472
Andorra,AND,1978,0.09005603
Andorra,AND,1979,0.0888561
Andorra,AND,1980,0.087708846
Andorra,AND,1981,0.08679193
Andorra,AND,1982,0.08599596
Andorra,AND,1983,0.08536578
Andorra,AND,1984,0.084788404
Andorra,AND,1985,0.084322825
Andorra,AND,1986,0.08374605
Andorra,AND,1987,0.08322834
Andorra,AND,1988,0.0827916
Andorra,AND,1989,0.08246596
Andorra,AND,1990,0.0820476
Andorra,AND,1991,0.081819326
Andorra,AND,1992,0.08144328
Andorra,AND,1993,0.08086658
Andorra,AND,1994,0.08016692
Andorra,AND,1995,0.079615496
Andorra,AND,1996,0.07904955
Andorra,AND,1997,0.078523606
Andorra,AND,1998,0.07813484
Andorra,AND,1999,0.077612236
Andorra,AND,2000,0.07753629
Andorra,AND,2001,0.07736144
Andorra,AND,2002,0.07745379
Andorra,AND,2003,0.07749078
Andorra,AND,2004,0.07784023
Andorra,AND,2005,0.07709212
Andorra,AND,2006,0.07628625
Andorra,AND,2007,0.075335495
Andorra,AND,2008,0.074562736
Andorra,AND,2009,0.073794305
Andorra,AND,2010,0.073618025
Andorra,AND,2011,0.0735992
Andorra,AND,2012,0.07365357
Andorra,AND,2013,0.07369503
Andorra,AND,2014,0.073756106
Andorra,AND,2015,0.07385767
Andorra,AND,2016,0.07413591
Andorra,AND,2017,0.074488945
Andorra,AND,2018,0.074796535
Andorra,AND,2019,0.07502914
Andorra,AND,2020,0.08641259
Andorra,AND,2021,0.07694334
Andorra,AND,2022,0.07509228
Andorra,AND,2023,0.0750129
Angola,AGO,1950,0.4764402
Angola,AGO,1951,0.47442064
Angola,AGO,1952,0.47261837
Angola,AGO,1953,0.4705103
Angola,AGO,1954,0.4683209
Angola,AGO,1955,0.46601644
Angola,AGO,1956,0.46364602
Angola,AGO,1957,0.46117908
Angola,AGO,1958,0.45854998
Angola,AGO,1959,0.4556421
Angola,AGO,1960,0.45241126
Angola,AGO,1961,0.44997454
Angola,AGO,1962,0.44654998
Angola,AGO,1963,0.44329137
Angola,AGO,1964,0.43977192
Angola,AGO,1965,0.43620652
Angola,AGO,1966,0.4323496
Angola,AGO,1967,0.42842582
Angola,AGO,1968,0.42439693
Angola,AGO,1969,0.42049956
Angola,AGO,1970,0.4165432
Angola,AGO,1971,0.4126659
Angola,AGO,1972,0.40866897
Angola,AGO,1973,0.4049262
Angola,AGO,1974,0.40107083
Angola,AGO,1975,0.40177858
Angola,AGO,1976,0.400426
Angola,AGO,1977,0.39699483
Angola,AGO,1978,0.393749
Angola,AGO,1979,0.39060935
Angola,AGO,1980,0.38758916
Angola,AGO,1981,0.38463566
Angola,AGO,1982,0.38185984
Angola,AGO,1983,0.3857305
Angola,AGO,1984,0.38331604
Angola,AGO,1985,0.38120285
Angola,AGO,1986,0.3794135
Angola,AGO,1987,0.39066076
Angola,AGO,1988,0.38644934
Angola,AGO,1989,0.38453847
Angola,AGO,1990,0.3833232
Angola,AGO,1991,0.37193295
Angola,AGO,1992,0.3819544
Angola,AGO,1993,0.3718703
Angola,AGO,1994,0.36353588
Angola,AGO,1995,0.36025006
Angola,AGO,1996,0.3576908
Angola,AGO,1997,0.35463545
Angola,AGO,1998,0.3587929
Angola,AGO,1999,0.349864
Angola,AGO,2000,0.34772864
Angola,AGO,2001,0.3384831
Angola,AGO,2002,0.33409086
Angola,AGO,2003,0.3178482
Angola,AGO,2004,0.30861464
Angola,AGO,2005,0.29860315
Angola,AGO,2006,0.29042512
Angola,AGO,2007,0.2781483
Angola,AGO,2008,0.2670846
Angola,AGO,2009,0.256903
Angola,AGO,2010,0.24653946
Angola,AGO,2011,0.23725617
Angola,AGO,2012,0.22847106
Angola,AGO,2013,0.22044787
Angola,AGO,2014,0.2135005
Angola,AGO,2015,0.20745063
Angola,AGO,2016,0.20182419
Angola,AGO,2017,0.1970163
Angola,AGO,2018,0.19249263
Angola,AGO,2019,0.18852307
Angola,AGO,2020,0.18453024
Angola,AGO,2021,0.1836851
Angola,AGO,2022,0.1779216
Angola,AGO,2023,0.17459802
Anguilla,AIA,1950,0.2317923
Anguilla,AIA,1951,0.2274972
Anguilla,AIA,1952,0.22352882
Anguilla,AIA,1953,0.21927978
Anguilla,AIA,1954,0.21498942
Anguilla,AIA,1955,0.21041946
Anguilla,AIA,1956,0.20596775
Anguilla,AIA,1957,0.20150097
Anguilla,AIA,1958,0.19725923
Anguilla,AIA,1959,0.19278723
Anguilla,AIA,1960,0.20726785
Anguilla,AIA,1961,0.18445987
Anguilla,AIA,1962,0.18035072
Anguilla,AIA,1963,0.17628224
Anguilla,AIA,1964,0.17225274
Anguilla,AIA,1965,0.1682202
Anguilla,AIA,1966,0.16438961
Anguilla,AIA,1967,0.16135958
Anguilla,AIA,1968,0.15838131
Anguilla,AIA,1969,0.15547831
Anguilla,AIA,1970,0.15262336
Anguilla,AIA,1971,0.14979686
Anguilla,AIA,1972,0.14708832
Anguilla,AIA,1973,0.14448267
Anguilla,AIA,1974,0.14199848
Anguilla,AIA,1975,0.13964319
Anguilla,AIA,1976,0.13737188
Anguilla,AIA,1977,0.13532661
Anguilla,AIA,1978,0.13348071
Anguilla,AIA,1979,0.13169211
Anguilla,AIA,1980,0.13008705
Anguilla,AIA,1981,0.12858804
Anguilla,AIA,1982,0.1273088
Anguilla,AIA,1983,0.12593208
Anguilla,AIA,1984,0.124780625
Anguilla,AIA,1985,0.1236643
Anguilla,AIA,1986,0.12239352
Anguilla,AIA,1987,0.12088316
Anguilla,AIA,1988,0.1190612
Anguilla,AIA,1989,0.11692198
Anguilla,AIA,1990,0.11478387
Anguilla,AIA,1991,0.112268455
Anguilla,AIA,1992,0.10991617
Anguilla,AIA,1993,0.10769509
Anguilla,AIA,1994,0.10566373
Anguilla,AIA,1995,0.10386753
Anguilla,AIA,1996,0.10221487
Anguilla,AIA,1997,0.10066427
Anguilla,AIA,1998,0.0991954
Anguilla,AIA,1999,0.09779829
Anguilla,AIA,2000,0.09643688
Anguilla,AIA,2001,0.09505942
Anguilla,AIA,2002,0.09364402
Anguilla,AIA,2003,0.092241414
Anguilla,AIA,2004,0.09084318
Anguilla,AIA,2005,0.08950873
Anguilla,AIA,2006,0.088161625
Anguilla,AIA,2007,0.087014005
Anguilla,AIA,2008,0.08604489
Anguilla,AIA,2009,0.08513421
Anguilla,AIA,2010,0.08428752
Anguilla,AIA,2011,0.08369481
Anguilla,AIA,2012,0.08314503
Anguilla,AIA,2013,0.082718536
Anguilla,AIA,2014,0.082370505
Anguilla,AIA,2015,0.0820773
Anguilla,AIA,2016,0.081813306
Anguilla,AIA,2017,0.09213411
Anguilla,AIA,2018,0.08121412
Anguilla,AIA,2019,0.08081797
Anguilla,AIA,2020,0.08043594
Anguilla,AIA,2021,0.081015475
Anguilla,AIA,2022,0.07966268
Anguilla,AIA,2023,0.0792544
Antigua and Barbuda,ATG,1950,0.23927298
Antigua and Barbuda,ATG,1951,0.23420577
Antigua and Barbuda,ATG,1952,0.22957915
Antigua and Barbuda,ATG,1953,0.22493146
Antigua and Barbuda,ATG,1954,0.22049056
Antigua and Barbuda,ATG,1955,0.21593292
Antigua and Barbuda,ATG,1956,0.21141756
Antigua and Barbuda,ATG,1957,0.20664337
Antigua and Barbuda,ATG,1958,0.20159495
Antigua and Barbuda,ATG,1959,0.19616055
Antigua and Barbuda,ATG,1960,0.19121465
Antigua and Barbuda,ATG,1961,0.18401095
Antigua and Barbuda,ATG,1962,0.17736332
Antigua and Barbuda,ATG,1963,0.17043944
Antigua and Barbuda,ATG,1964,0.16348474
Antigua and Barbuda,ATG,1965,0.15672249
Antigua and Barbuda,ATG,1966,0.15035835
Antigua and Barbuda,ATG,1967,0.14447519
Antigua and Barbuda,ATG,1968,0.13916187
Antigua and Barbuda,ATG,1969,0.13454174
Antigua and Barbuda,ATG,1970,0.13048565
Antigua and Barbuda,ATG,1971,0.12696362
Antigua and Barbuda,ATG,1972,0.12386993
Antigua and Barbuda,ATG,1973,0.121186145
Antigua and Barbuda,ATG,1974,0.118764535
Antigua and Barbuda,ATG,1975,0.116621904
Antigua and Barbuda,ATG,1976,0.11460914
Antigua and Barbuda,ATG,1977,0.11266092
Antigua and Barbuda,ATG,1978,0.110777624
Antigua and Barbuda,ATG,1979,0.10907759
Antigua and Barbuda,ATG,1980,0.107681766
Antigua and Barbuda,ATG,1981,0.106512226
Antigua and Barbuda,ATG,1982,0.10555155
Antigua and Barbuda,ATG,1983,0.104802564
Antigua and Barbuda,ATG,1984,0.10427681
Antigua and Barbuda,ATG,1985,0.1039693
Antigua and Barbuda,ATG,1986,0.10387081
Antigua and Barbuda,ATG,1987,0.103968106
Antigua and Barbuda,ATG,1988,0.10426397
Antigua and Barbuda,ATG,1989,0.105763696
Antigua and Barbuda,ATG,1990,0.105224326
Antigua and Barbuda,ATG,1991,0.10578815
Antigua and Barbuda,ATG,1992,0.10634802
Antigua and Barbuda,ATG,1993,0.10668078
Antigua and Barbuda,ATG,1994,0.10704907
Antigua and Barbuda,ATG,1995,0.10847629
Antigua and Barbuda,ATG,1996,0.10813783
Antigua and Barbuda,ATG,1997,0.10870253
Antigua and Barbuda,ATG,1998,0.11024202
Antigua and Barbuda,ATG,1999,0.11073485
Antigua and Barbuda,ATG,2000,0.11156786
Antigua and Barbuda,ATG,2001,0.111951195
Antigua and Barbuda,ATG,2002,0.111415885
Antigua and Barbuda,ATG,2003,0.10922809
Antigua and Barbuda,ATG,2004,0.10788825
Antigua and Barbuda,ATG,2005,0.10707303
Antigua and Barbuda,ATG,2006,0.10638706
Antigua and Barbuda,ATG,2007,0.10600934
Antigua and Barbuda,ATG,2008,0.1055045
Antigua and Barbuda,ATG,2009,0.10479897
Antigua and Barbuda,ATG,2010,0.1041129
Antigua and Barbuda,ATG,2011,0.10347449
Antigua and Barbuda,ATG,2012,0.1029772
Antigua and Barbuda,ATG,2013,0.10311956
Antigua and Barbuda,ATG,2014,0.10296584
Antigua and Barbuda,ATG,2015,0.10329266
Antigua and Barbuda,ATG,2016,0.10326211
Antigua and Barbuda,ATG,2017,0.10413864
Antigua and Barbuda,ATG,2018,0.10459933
Antigua and Barbuda,ATG,2019,0.10534292
Antigua and Barbuda,ATG,2020,0.10622762
Antigua and Barbuda,ATG,2021,0.10398857
Antigua and Barbuda,ATG,2022,0.10545379
Antigua and Barbuda,ATG,2023,0.105329715
Argentina,ARG,1950,0.18832631
Argentina,ARG,1951,0.18625227
Argentina,ARG,1952,0.1811208
Argentina,ARG,1953,0.1795476
Argentina,ARG,1954,0.1752858
Argentina,ARG,1955,0.17376536
Argentina,ARG,1956,0.17060201
Argentina,ARG,1957,0.17063452
Argentina,ARG,1958,0.16805011
Argentina,ARG,1959,0.16618337
Argentina,ARG,1960,0.1648426
Argentina,ARG,1961,0.16340049
Argentina,ARG,1962,0.16213576
Argentina,ARG,1963,0.16041552
Argentina,ARG,1964,0.15997691
Argentina,ARG,1965,0.15890704
Argentina,ARG,1966,0.15662982
Argentina,ARG,1967,0.155054
Argentina,ARG,1968,0.1550221
Argentina,ARG,1969,0.15458983
Argentina,ARG,1970,0.15389286
Argentina,ARG,1971,0.15407234
Argentina,ARG,1972,0.15192421
Argentina,ARG,1973,0.14986508
Argentina,ARG,1974,0.14893802
Argentina,ARG,1975,0.14525872
Argentina,ARG,1976,0.1443638
Argentina,ARG,1977,0.14176494
Argentina,ARG,1978,0.14030065
Argentina,ARG,1979,0.136175
Argentina,ARG,1980,0.13362633
Argentina,ARG,1981,0.1326865
Argentina,ARG,1982,0.12815994
Argentina,ARG,1983,0.12543768
Argentina,ARG,1984,0.12454391
Argentina,ARG,1985,0.12455959
Argentina,ARG,1986,0.12337249
Argentina,ARG,1987,0.12231428
Argentina,ARG,1988,0.121372774
Argentina,ARG,1989,0.120422736
Argentina,ARG,1990,0.12032344
Argentina,ARG,1991,0.12042982
Argentina,ARG,1992,0.11943928
Argentina,ARG,1993,0.11847571
Argentina,ARG,1994,0.11808121
Argentina,ARG,1995,0.11736454
Argentina,ARG,1996,0.116638444
Argentina,ARG,1997,0.116764046
Argentina,ARG,1998,0.11463552
Argentina,ARG,1999,0.11372012
Argentina,ARG,2000,0.11281477
Argentina,ARG,2001,0.1133776
Argentina,ARG,2002,0.11187904
Argentina,ARG,2003,0.11078588
Argentina,ARG,2004,0.10850864
Argentina,ARG,2005,0.10769644
Argentina,ARG,2006,0.10891467
Argentina,ARG,2007,0.10896852
Argentina,ARG,2008,0.10809316
Argentina,ARG,2009,0.110069744
Argentina,ARG,2010,0.1063925
Argentina,ARG,2011,0.10484234
Argentina,ARG,2012,0.10572332
Argentina,ARG,2013,0.105282746
Argentina,ARG,2014,0.10499865
Argentina,ARG,2015,0.102864414
Argentina,ARG,2016,0.10438188
Argentina,ARG,2017,0.10394346
Argentina,ARG,2018,0.10442026
Argentina,ARG,2019,0.10387005
Argentina,ARG,2020,0.104962
Argentina,ARG,2021,0.112610884
Argentina,ARG,2022,0.104137205
Argentina,ARG,2023,0.102669016
Armenia,ARM,1950,0.27068883
Armenia,ARM,1951,0.26569027
Armenia,ARM,1952,0.2607761
Armenia,ARM,1953,0.25592065
Armenia,ARM,1954,0.25111005
Armenia,ARM,1955,0.2463284
Armenia,ARM,1956,0.24157108
Armenia,ARM,1957,0.23684756
Armenia,ARM,1958,0.23216899
Armenia,ARM,1959,0.22753549
Armenia,ARM,1960,0.22296898
Armenia,ARM,1961,0.2184884
Armenia,ARM,1962,0.21411635
Armenia,ARM,1963,0.20987119
Armenia,ARM,1964,0.20578143
Armenia,ARM,1965,0.20186341
Armenia,ARM,1966,0.19812918
Armenia,ARM,1967,0.19458313
Armenia,ARM,1968,0.19122745
Armenia,ARM,1969,0.18806045
Armenia,ARM,1970,0.1850717
Armenia,ARM,1971,0.18225503
Armenia,ARM,1972,0.1798273
Armenia,ARM,1973,0.17743306
Armenia,ARM,1974,0.17500897
Armenia,ARM,1975,0.17243157
Armenia,ARM,1976,0.16976643
Armenia,ARM,1977,0.16687466
Armenia,ARM,1978,0.16395533
Armenia,ARM,1979,0.16103894
Armenia,ARM,1980,0.15820341
Armenia,ARM,1981,0.15545325
Armenia,ARM,1982,0.15270971
Armenia,ARM,1983,0.15007873
Armenia,ARM,1984,0.14753896
Armenia,ARM,1985,0.14509574
Armenia,ARM,1986,0.14276007
Armenia,ARM,1987,0.14051703
Armenia,ARM,1988,0.29262102
Armenia,ARM,1989,0.13623224
Armenia,ARM,1990,0.13423304
Armenia,ARM,1991,0.13213956
Armenia,ARM,1992,0.13037959
Armenia,ARM,1993,0.12819871
Armenia,ARM,1994,0.12619323
Armenia,ARM,1995,0.12414809
Armenia,ARM,1996,0.122174025
Armenia,ARM,1997,0.12026987
Armenia,ARM,1998,0.118279055
Armenia,ARM,1999,0.1163196
Armenia,ARM,2000,0.11437735
Armenia,ARM,2001,0.11247987
Armenia,ARM,2002,0.11065434
Armenia,ARM,2003,0.10892786
Armenia,ARM,2004,0.10731844
Armenia,ARM,2005,0.1057901
Armenia,ARM,2006,0.10435586
Armenia,ARM,2007,0.1029783
Armenia,ARM,2008,0.10166464
Armenia,ARM,2009,0.100395724
Armenia,ARM,2010,0.0991602
Armenia,ARM,2011,0.097946204
Armenia,ARM,2012,0.09678694
Armenia,ARM,2013,0.09556036
Armenia,ARM,2014,0.09436392
Armenia,ARM,2015,0.093250886
Armenia,ARM,2016,0.092030734
Armenia,ARM,2017,0.09087427
Armenia,ARM,2018,0.08977642
Armenia,ARM,2019,0.08872173
Armenia,ARM,2020,0.08823047
Armenia,ARM,2021,0.0883075
Armenia,ARM,2022,0.08725063
Armenia,ARM,2023,0.08542364
Aruba,ABW,1950,0.22291967
Aruba,ABW,1951,0.21534233
Aruba,ABW,1952,0.20796503
Aruba,ABW,1953,0.20122449
Aruba,ABW,1954,0.19420165
Aruba,ABW,1955,0.18741184
Aruba,ABW,1956,0.18105231
Aruba,ABW,1957,0.17507854
Aruba,ABW,1958,0.16912866
Aruba,ABW,1959,0.16392602
Aruba,ABW,1960,0.15897094
Aruba,ABW,1961,0.15478542
Aruba,ABW,1962,0.1509989
Aruba,ABW,1963,0.14768058
Aruba,ABW,1964,0.14428847
Aruba,ABW,1965,0.1414721
Aruba,ABW,1966,0.13845737
Aruba,ABW,1967,0.13579568
Aruba,ABW,1968,0.13303459
Aruba,ABW,1969,0.13032846
Aruba,ABW,1970,0.12772845
Aruba,ABW,1971,0.12514341
Aruba,ABW,1972,0.12178447
Aruba,ABW,1973,0.118573025
Aruba,ABW,1974,0.116232574
Aruba,ABW,1975,0.11410384
Aruba,ABW,1976,0.11277197
Aruba,ABW,1977,0.11168636
Aruba,ABW,1978,0.11075977
Aruba,ABW,1979,0.10991246
Aruba,ABW,1980,0.1092572
Aruba,ABW,1981,0.10779213
Aruba,ABW,1982,0.10716843
Aruba,ABW,1983,0.10657337
Aruba,ABW,1984,0.10591826
Aruba,ABW,1985,0.10537078
Aruba,ABW,1986,0.1049133
Aruba,ABW,1987,0.103786446
Aruba,ABW,1988,0.103418574
Aruba,ABW,1989,0.10318464
Aruba,ABW,1990,0.10295628
Aruba,ABW,1991,0.102786824
Aruba,ABW,1992,0.10259634
Aruba,ABW,1993,0.1023718
Aruba,ABW,1994,0.102125116
Aruba,ABW,1995,0.10184797
Aruba,ABW,1996,0.10160175
Aruba,ABW,1997,0.101323806
Aruba,ABW,1998,0.10098897
Aruba,ABW,1999,0.1012247
Aruba,ABW,2000,0.10077766
Aruba,ABW,2001,0.10008932
Aruba,ABW,2002,0.099791884
Aruba,ABW,2003,0.09927415
Aruba,ABW,2004,0.09899935
Aruba,ABW,2005,0.09838136
Aruba,ABW,2006,0.09780433
Aruba,ABW,2007,0.09713503
Aruba,ABW,2008,0.09640244
Aruba,ABW,2009,0.09555921
Aruba,ABW,2010,0.09336728
Aruba,ABW,2011,0.09274651
Aruba,ABW,2012,0.09203796
Aruba,ABW,2013,0.091534466
Aruba,ABW,2014,0.09099924
Aruba,ABW,2015,0.090644844
Aruba,ABW,2016,0.090235546
Aruba,ABW,2017,0.08982964
Aruba,ABW,2018,0.08873012
Aruba,ABW,2019,0.08827189
Aruba,ABW,2020,0.089102395
Aruba,ABW,2021,0.095788084
Aruba,ABW,2022,0.087674685
Aruba,ABW,2023,0.08732758
Asia (UN),UN_ASI,1950,0.39902803
Asia (UN),UN_ASI,1951,0.39092085
Asia (UN),UN_ASI,1952,0.38077256
Asia (UN),UN_ASI,1953,0.37575734
Asia (UN),UN_ASI,1954,0.36695948
Asia (UN),UN_ASI,1955,0.36030173
Asia (UN),UN_ASI,1956,0.35507604
Asia (UN),UN_ASI,1957,0.34975213
Asia (UN),UN_ASI,1958,0.34492293
Asia (UN),UN_ASI,1959,0.37894684
Asia (UN),UN_ASI,1960,0.40736544
Asia (UN),UN_ASI,1961,0.37229759
Asia (UN),UN_ASI,1962,0.32735735
Asia (UN),UN_ASI,1963,0.3202067
Asia (UN),UN_ASI,1964,0.3136433
Asia (UN),UN_ASI,1965,0.3156777
Asia (UN),UN_ASI,1966,0.3094469
Asia (UN),UN_ASI,1967,0.30338877
Asia (UN),UN_ASI,1968,0.29455543
Asia (UN),UN_ASI,1969,0.28920263
Asia (UN),UN_ASI,1970,0.28731722
Asia (UN),UN_ASI,1971,0.28782228
Asia (UN),UN_ASI,1972,0.27618635
Asia (UN),UN_ASI,1973,0.27149466
Asia (UN),UN_ASI,1974,0.2677459
Asia (UN),UN_ASI,1975,0.26634648
Asia (UN),UN_ASI,1976,0.2648108
Asia (UN),UN_ASI,1977,0.25881368
Asia (UN),UN_ASI,1978,0.25436196
Asia (UN),UN_ASI,1979,0.24627417
Asia (UN),UN_ASI,1980,0.24137753
Asia (UN),UN_ASI,1981,0.23648651
Asia (UN),UN_ASI,1982,0.23157749
Asia (UN),UN_ASI,1983,0.22739112
Asia (UN),UN_ASI,1984,0.22357677
Asia (UN),UN_ASI,1985,0.21964128
Asia (UN),UN_ASI,1986,0.21501231
Asia (UN),UN_ASI,1987,0.21107148
Asia (UN),UN_ASI,1988,0.20794466
Asia (UN),UN_ASI,1989,0.20458196
Asia (UN),UN_ASI,1990,0.20173694
Asia (UN),UN_ASI,1991,0.20066932
Asia (UN),UN_ASI,1992,0.19676338
Asia (UN),UN_ASI,1993,0.19420789
Asia (UN),UN_ASI,1994,0.19179355
Asia (UN),UN_ASI,1995,0.18980046
Asia (UN),UN_ASI,1996,0.1871123
Asia (UN),UN_ASI,1997,0.18432564
Asia (UN),UN_ASI,1998,0.1814973
Asia (UN),UN_ASI,1999,0.17850518
Asia (UN),UN_ASI,2000,0.17490587
Asia (UN),UN_ASI,2001,0.17186427
Asia (UN),UN_ASI,2002,0.16829914
Asia (UN),UN_ASI,2003,0.16458753
Asia (UN),UN_ASI,2004,0.16262521
Asia (UN),UN_ASI,2005,0.15798488
Asia (UN),UN_ASI,2006,0.15414855
Asia (UN),UN_ASI,2007,0.15083617
Asia (UN),UN_ASI,2008,0.1493413
Asia (UN),UN_ASI,2009,0.14513382
Asia (UN),UN_ASI,2010,0.14245634
Asia (UN),UN_ASI,2011,0.13985299
Asia (UN),UN_ASI,2012,0.13721827
Asia (UN),UN_ASI,2013,0.13509256
Asia (UN),UN_ASI,2014,0.13263649
Asia (UN),UN_ASI,2015,0.1308308
Asia (UN),UN_ASI,2016,0.1285604
Asia (UN),UN_ASI,2017,0.12639841
Asia (UN),UN_ASI,2018,0.12522939
Asia (UN),UN_ASI,2019,0.12367747
Asia (UN),UN_ASI,2020,0.12312018
Asia (UN),UN_ASI,2021,0.12659688
Asia (UN),UN_ASI,2022,0.11997733
Asia (UN),UN_ASI,2023,0.118746094
Australia,AUS,1921,0.21477172
Australia,AUS,1922,0.19197042
Australia,AUS,1923,0.20195039
Australia,AUS,1924,0.1987847
Australia,AUS,1925,0.19121155
Australia,AUS,1926,0.19167447
Australia,AUS,1927,0.19377965
Australia,AUS,1928,0.1956537
Australia,AUS,1929,0.18752177
Australia,AUS,1930,0.18176958
Australia,AUS,1931,0.17220767
Australia,AUS,1932,0.17094143
Australia,AUS,1933,0.17022812
Australia,AUS,1934,0.17594594
Australia,AUS,1935,0.17054372
Australia,AUS,1936,0.17384058
Australia,AUS,1937,0.16574721
Australia,AUS,1938,0.16396527
Australia,AUS,1939,0.16077395
Australia,AUS,1940,0.15962481
Australia,AUS,1941,0.1601741
Australia,AUS,1942,0.16042522
Australia,AUS,1943,0.15864748
Australia,AUS,1944,0.14782876
Australia,AUS,1945,0.14326215
Australia,AUS,1946,0.14299373
Australia,AUS,1947,0.13810563
Australia,AUS,1948,0.13358928
Australia,AUS,1949,0.13093603
Australia,AUS,1950,0.12991516
Australia,AUS,1951,0.13038997
Australia,AUS,1952,0.12780309
Australia,AUS,1953,0.12555142
Australia,AUS,1954,0.12312718
Australia,AUS,1955,0.12097818
Australia,AUS,1956,0.11979132
Australia,AUS,1957,0.12011334
Australia,AUS,1958,0.11821856
Australia,AUS,1959,0.11817193
Australia,AUS,1960,0.11795205
Australia,AUS,1961,0.11567795
Australia,AUS,1962,0.11581628
Australia,AUS,1963,0.11656568
Australia,AUS,1964,0.11626754
Australia,AUS,1965,0.11642032
Australia,AUS,1966,0.11517539
Australia,AUS,1967,0.1149721
Australia,AUS,1968,0.11466946
Australia,AUS,1969,0.11479408
Australia,AUS,1970,0.11591205
Australia,AUS,1971,0.11379403
Australia,AUS,1972,0.11170204
Australia,AUS,1973,0.10980669
Australia,AUS,1974,0.10932022
Australia,AUS,1975,0.10853361
Australia,AUS,1976,0.10620363
Australia,AUS,1977,0.10532882
Australia,AUS,1978,0.10520743
Australia,AUS,1979,0.101843275
Australia,AUS,1980,0.10038578
Australia,AUS,1981,0.09958181
Australia,AUS,1982,0.09871435
Australia,AUS,1983,0.09899185
Australia,AUS,1984,0.097771846
Australia,AUS,1985,0.09711786
Australia,AUS,1986,0.09588966
Australia,AUS,1987,0.095211774
Australia,AUS,1988,0.09442382
Australia,AUS,1989,0.093140885
Australia,AUS,1990,0.092668705
Australia,AUS,1991,0.09148472
Australia,AUS,1992,0.09071421
Australia,AUS,1993,0.08935495
Australia,AUS,1994,0.08854039
Australia,AUS,1995,0.088403925
Australia,AUS,1996,0.08749496
Australia,AUS,1997,0.08724593
Australia,AUS,1998,0.08657709
Australia,AUS,1999,0.0859943
Australia,AUS,2000,0.08496605
Australia,AUS,2001,0.0834321
Australia,AUS,2002,0.0831419
Australia,AUS,2003,0.08221249
Australia,AUS,2004,0.08181646
Australia,AUS,2005,0.08112139
Australia,AUS,2006,0.08036683
Australia,AUS,2007,0.080096446
Australia,AUS,2008,0.078378454
Australia,AUS,2009,0.07900377
Australia,AUS,2010,0.07782295
Australia,AUS,2011,0.077798724
Australia,AUS,2012,0.07667143
Australia,AUS,2013,0.077284925
Australia,AUS,2014,0.07716788
Australia,AUS,2015,0.07629141
Australia,AUS,2016,0.07591546
Australia,AUS,2017,0.07640785
Australia,AUS,2018,0.07584464
Australia,AUS,2019,0.07558851
Australia,AUS,2020,0.07559844
Australia,AUS,2021,0.07588487
Australia,AUS,2022,0.07317792
Australia,AUS,2023,0.071198724
Austria,AUT,1947,0.20396419
Austria,AUT,1948,0.19090915
Austria,AUT,1949,0.18234101
Austria,AUT,1950,0.17018595
Austria,AUT,1951,0.16095568
Austria,AUT,1952,0.14953515
Austria,AUT,1953,0.14535771
Austria,AUT,1954,0.14454392
Austria,AUT,1955,0.14124912
Austria,AUT,1956,0.13885255
Austria,AUT,1957,0.1394084
Austria,AUT,1958,0.13480267
Austria,AUT,1959,0.134818
Austria,AUT,1960,0.12923335
Austria,AUT,1961,0.124536105
Austria,AUT,1962,0.12395388
Austria,AUT,1963,0.12224229
Austria,AUT,1964,0.12056003
Austria,AUT,1965,0.118449025
Austria,AUT,1966,0.11835744
Austria,AUT,1967,0.11549337
Austria,AUT,1968,0.114651196
Austria,AUT,1969,0.11548536
Austria,AUT,1970,0.11484563
Austria,AUT,1971,0.11393611
Austria,AUT,1972,0.11363596
Austria,AUT,1973,0.1109778
Austria,AUT,1974,0.11039419
Austria,AUT,1975,0.108265854
Austria,AUT,1976,0.10484332
Austria,AUT,1977,0.10459993
Austria,AUT,1978,0.10120441
Austria,AUT,1979,0.10208546
Austria,AUT,1980,0.10128831
Austria,AUT,1981,0.09846547
Austria,AUT,1982,0.09867917
Austria,AUT,1983,0.09755756
Austria,AUT,1984,0.097059645
Austria,AUT,1985,0.09453376
Austria,AUT,1986,0.09386169
Austria,AUT,1987,0.09287421
Austria,AUT,1988,0.09072498
Austria,AUT,1989,0.090771265
Austria,AUT,1990,0.09041554
Austria,AUT,1991,0.0897801
Austria,AUT,1992,0.089670666
Austria,AUT,1993,0.08948301
Austria,AUT,1994,0.088902846
Austria,AUT,1995,0.08653077
Austria,AUT,1996,0.08607778
Austria,AUT,1997,0.08438205
Austria,AUT,1998,0.08355157
Austria,AUT,1999,0.08366205
Austria,AUT,2000,0.08329635
Austria,AUT,2001,0.08213569
Austria,AUT,2002,0.08086176
Austria,AUT,2003,0.08162285
Austria,AUT,2004,0.08079007
Austria,AUT,2005,0.08031346
Austria,AUT,2006,0.0782046
Austria,AUT,2007,0.078053676
Austria,AUT,2008,0.0772943
Austria,AUT,2009,0.078711666
Austria,AUT,2010,0.078008436
Austria,AUT,2011,0.077652164
Austria,AUT,2012,0.0766897
Austria,AUT,2013,0.076109834
Austria,AUT,2014,0.07746696
Austria,AUT,2015,0.07569417
Austria,AUT,2016,0.07622844
Austria,AUT,2017,0.07465629
Austria,AUT,2018,0.07471281
Austria,AUT,2019,0.07469677
Austria,AUT,2020,0.07829433
Austria,AUT,2021,0.079511486
Austria,AUT,2022,0.075035654
Austria,AUT,2023,0.07355366
Azerbaijan,AZE,1950,0.3392959
Azerbaijan,AZE,1951,0.3350285
Azerbaijan,AZE,1952,0.33116224
Azerbaijan,AZE,1953,0.32687104
Azerbaijan,AZE,1954,0.32258737
Azerbaijan,AZE,1955,0.3165957
Azerbaijan,AZE,1956,0.31187427
Azerbaijan,AZE,1957,0.3083042
Azerbaijan,AZE,1958,0.3028556
Azerbaijan,AZE,1959,0.29704446
Azerbaijan,AZE,1960,0.2909303
Azerbaijan,AZE,1961,0.28451914
Azerbaijan,AZE,1962,0.27800158
Azerbaijan,AZE,1963,0.27168432
Azerbaijan,AZE,1964,0.265468
Azerbaijan,AZE,1965,0.25939286
Azerbaijan,AZE,1966,0.2532783
Azerbaijan,AZE,1967,0.24780227
Azerbaijan,AZE,1968,0.24260972
Azerbaijan,AZE,1969,0.23764506
Azerbaijan,AZE,1970,0.23290212
Azerbaijan,AZE,1971,0.22854957
Azerbaijan,AZE,1972,0.22460423
Azerbaijan,AZE,1973,0.22093028
Azerbaijan,AZE,1974,0.2174214
Azerbaijan,AZE,1975,0.214084
Azerbaijan,AZE,1976,0.20917098
Azerbaijan,AZE,1977,0.20573853
Azerbaijan,AZE,1978,0.20270483
Azerbaijan,AZE,1979,0.20055233
Azerbaijan,AZE,1980,0.19772524
Azerbaijan,AZE,1981,0.19587953
Azerbaijan,AZE,1982,0.19352233
Azerbaijan,AZE,1983,0.19125073
Azerbaijan,AZE,1984,0.19183552
Azerbaijan,AZE,1985,0.18748607
Azerbaijan,AZE,1986,0.18893467
Azerbaijan,AZE,1987,0.18594567
Azerbaijan,AZE,1988,0.18582477
Azerbaijan,AZE,1989,0.18242933
Azerbaijan,AZE,1990,0.18065529
Azerbaijan,AZE,1991,0.18167694
Azerbaijan,AZE,1992,0.18597382
Azerbaijan,AZE,1993,0.18313436
Azerbaijan,AZE,1994,0.18174566
Azerbaijan,AZE,1995,0.18350372
Azerbaijan,AZE,1996,0.17698331
Azerbaijan,AZE,1997,0.17520486
Azerbaijan,AZE,1998,0.16941997
Azerbaijan,AZE,1999,0.16455792
Azerbaijan,AZE,2000,0.15842645
Azerbaijan,AZE,2001,0.15491033
Azerbaijan,AZE,2002,0.1493355
Azerbaijan,AZE,2003,0.146216
Azerbaijan,AZE,2004,0.14182612
Azerbaijan,AZE,2005,0.13952497
Azerbaijan,AZE,2006,0.13221663
Azerbaijan,AZE,2007,0.13077986
Azerbaijan,AZE,2008,0.1265307
Azerbaijan,AZE,2009,0.124619424
Azerbaijan,AZE,2010,0.12118559
Azerbaijan,AZE,2011,0.11833443
Azerbaijan,AZE,2012,0.115693286
Azerbaijan,AZE,2013,0.11178705
Azerbaijan,AZE,2014,0.109744206
Azerbaijan,AZE,2015,0.106375255
Azerbaijan,AZE,2016,0.106751226
Azerbaijan,AZE,2017,0.10528787
Azerbaijan,AZE,2018,0.1032366
Azerbaijan,AZE,2019,0.1020936
Azerbaijan,AZE,2020,0.1046812
Azerbaijan,AZE,2021,0.10402469
Azerbaijan,AZE,2022,0.10347136
Azerbaijan,AZE,2023,0.096554495
Bahamas,BHS,1950,0.21586248
Bahamas,BHS,1951,0.2134758
Bahamas,BHS,1952,0.21102782
Bahamas,BHS,1953,0.20835456
Bahamas,BHS,1954,0.20569322
Bahamas,BHS,1955,0.2031346
Bahamas,BHS,1956,0.20041807
Bahamas,BHS,1957,0.1977619
Bahamas,BHS,1958,0.19505604
Bahamas,BHS,1959,0.19241062
Bahamas,BHS,1960,0.18967113
Bahamas,BHS,1961,0.18696615
Bahamas,BHS,1962,0.18423477
Bahamas,BHS,1963,0.18149751
Bahamas,BHS,1964,0.17867647
Bahamas,BHS,1965,0.17579634
Bahamas,BHS,1966,0.17388196
Bahamas,BHS,1967,0.17032057
Bahamas,BHS,1968,0.16765271
Bahamas,BHS,1969,0.16503075
Bahamas,BHS,1970,0.16254586
Bahamas,BHS,1971,0.16031717
Bahamas,BHS,1972,0.1585315
Bahamas,BHS,1973,0.15651011
Bahamas,BHS,1974,0.15457046
Bahamas,BHS,1975,0.15240738
Bahamas,BHS,1976,0.1509727
Bahamas,BHS,1977,0.14989242
Bahamas,BHS,1978,0.1493079
Bahamas,BHS,1979,0.14868754
Bahamas,BHS,1980,0.14787842
Bahamas,BHS,1981,0.14685926
Bahamas,BHS,1982,0.145807
Bahamas,BHS,1983,0.14462467
Bahamas,BHS,1984,0.14321361
Bahamas,BHS,1985,0.14183268
Bahamas,BHS,1986,0.14050046
Bahamas,BHS,1987,0.13931496
Bahamas,BHS,1988,0.1381085
Bahamas,BHS,1989,0.13710362
Bahamas,BHS,1990,0.13620158
Bahamas,BHS,1991,0.13559207
Bahamas,BHS,1992,0.13559039
Bahamas,BHS,1993,0.13493961
Bahamas,BHS,1994,0.13493581
Bahamas,BHS,1995,0.13505495
Bahamas,BHS,1996,0.1350144
Bahamas,BHS,1997,0.13477615
Bahamas,BHS,1998,0.13458462
Bahamas,BHS,1999,0.13440302
Bahamas,BHS,2000,0.13389903
Bahamas,BHS,2001,0.1333586
Bahamas,BHS,2002,0.13279054
Bahamas,BHS,2003,0.1319447
Bahamas,BHS,2004,0.13208297
Bahamas,BHS,2005,0.12989314
Bahamas,BHS,2006,0.12889935
Bahamas,BHS,2007,0.12826623
Bahamas,BHS,2008,0.12775898
Bahamas,BHS,2009,0.12756772
Bahamas,BHS,2010,0.12688975
Bahamas,BHS,2011,0.12630495
Bahamas,BHS,2012,0.12583527
Bahamas,BHS,2013,0.1256246
Bahamas,BHS,2014,0.12511304
Bahamas,BHS,2015,0.12768754
Bahamas,BHS,2016,0.124700196
Bahamas,BHS,2017,0.12474714
Bahamas,BHS,2018,0.124371275
Bahamas,BHS,2019,0.15304346
Bahamas,BHS,2020,0.12135758
Bahamas,BHS,2021,0.12950428
Bahamas,BHS,2022,0.12247746
Bahamas,BHS,2023,0.121982805
Bahrain,BHR,1950,0.45522013
Bahrain,BHR,1951,0.44773772
Bahrain,BHR,1952,0.44124416
Bahrain,BHR,1953,0.43330908
Bahrain,BHR,1954,0.42345396
Bahrain,BHR,1955,0.41092253
Bahrain,BHR,1956,0.39562765
Bahrain,BHR,1957,0.37803993
Bahrain,BHR,1958,0.35964027
Bahrain,BHR,1959,0.34100166
Bahrain,BHR,1960,0.32272473
Bahrain,BHR,1961,0.30531636
Bahrain,BHR,1962,0.28748396
Bahrain,BHR,1963,0.27118605
Bahrain,BHR,1964,0.2557555
Bahrain,BHR,1965,0.24122266
Bahrain,BHR,1966,0.22761008
Bahrain,BHR,1967,0.21494634
Bahrain,BHR,1968,0.20324929
Bahrain,BHR,1969,0.19253828
Bahrain,BHR,1970,0.1828259
Bahrain,BHR,1971,0.17409304
Bahrain,BHR,1972,0.16670112
Bahrain,BHR,1973,0.15940508
Bahrain,BHR,1974,0.15330732
Bahrain,BHR,1975,0.14792879
Bahrain,BHR,1976,0.14318588
Bahrain,BHR,1977,0.13901821
Bahrain,BHR,1978,0.13504748
Bahrain,BHR,1979,0.13167869
Bahrain,BHR,1980,0.12892807
Bahrain,BHR,1981,0.1266094
Bahrain,BHR,1982,0.12472465
Bahrain,BHR,1983,0.12318721
Bahrain,BHR,1984,0.12191275
Bahrain,BHR,1985,0.12083375
Bahrain,BHR,1986,0.119935974
Bahrain,BHR,1987,0.11904418
Bahrain,BHR,1988,0.118177176
Bahrain,BHR,1989,0.11725371
Bahrain,BHR,1990,0.11617789
Bahrain,BHR,1991,0.11485316
Bahrain,BHR,1992,0.11320462
Bahrain,BHR,1993,0.11120548
Bahrain,BHR,1994,0.10890065
Bahrain,BHR,1995,0.10638664
Bahrain,BHR,1996,0.10378266
Bahrain,BHR,1997,0.10120304
Bahrain,BHR,1998,0.09874309
Bahrain,BHR,1999,0.09652604
Bahrain,BHR,2000,0.09466289
Bahrain,BHR,2001,0.09323554
Bahrain,BHR,2002,0.09231611
Bahrain,BHR,2003,0.09196566
Bahrain,BHR,2004,0.09212399
Bahrain,BHR,2005,0.09263259
Bahrain,BHR,2006,0.093333565
Bahrain,BHR,2007,0.09407639
Bahrain,BHR,2008,0.09471958
Bahrain,BHR,2009,0.09516333
Bahrain,BHR,2010,0.09538715
Bahrain,BHR,2011,0.09538377
Bahrain,BHR,2012,0.09513482
Bahrain,BHR,2013,0.09462409
Bahrain,BHR,2014,0.09386018
Bahrain,BHR,2015,0.09290278
Bahrain,BHR,2016,0.09183264
Bahrain,BHR,2017,0.09071641
Bahrain,BHR,2018,0.08964404
Bahrain,BHR,2019,0.08869331
Bahrain,BHR,2020,0.087956615
Bahrain,BHR,2021,0.08971653
Bahrain,BHR,2022,0.08677161
Bahrain,BHR,2023,0.08640148
Bangladesh,BGD,1950,0.47467113
Bangladesh,BGD,1951,0.4668634
Bangladesh,BGD,1952,0.4591931
Bangladesh,BGD,1953,0.4525381
Bangladesh,BGD,1954,0.44302055
Bangladesh,BGD,1955,0.4356577
Bangladesh,BGD,1956,0.4297824
Bangladesh,BGD,1957,0.42010444
Bangladesh,BGD,1958,0.41467276
Bangladesh,BGD,1959,0.4081338
Bangladesh,BGD,1960,0.4057507
Bangladesh,BGD,1961,0.39686865
Bangladesh,BGD,1962,0.3877152
Bangladesh,BGD,1963,0.38892528
Bangladesh,BGD,1964,0.3780973
Bangladesh,BGD,1965,0.38695392
Bangladesh,BGD,1966,0.3701582
Bangladesh,BGD,1967,0.36678207
Bangladesh,BGD,1968,0.36454764
Bangladesh,BGD,1969,0.3631027
Bangladesh,BGD,1970,0.42916098
Bangladesh,BGD,1971,0.49722975
Bangladesh,BGD,1972,0.35899392
Bangladesh,BGD,1973,0.3582528
Bangladesh,BGD,1974,0.36254472
Bangladesh,BGD,1975,0.3536156
Bangladesh,BGD,1976,0.3505585
Bangladesh,BGD,1977,0.34653905
Bangladesh,BGD,1978,0.3415004
Bangladesh,BGD,1979,0.33553943
Bangladesh,BGD,1980,0.3295982
Bangladesh,BGD,1981,0.32333818
Bangladesh,BGD,1982,0.31717846
Bangladesh,BGD,1983,0.31074777
Bangladesh,BGD,1984,0.3047237
Bangladesh,BGD,1985,0.3017643
Bangladesh,BGD,1986,0.29254946
Bangladesh,BGD,1987,0.28704205
Bangladesh,BGD,1988,0.2816284
Bangladesh,BGD,1989,0.275493
Bangladesh,BGD,1990,0.2696719
Bangladesh,BGD,1991,0.29111367
Bangladesh,BGD,1992,0.25695026
Bangladesh,BGD,1993,0.25009835
Bangladesh,BGD,1994,0.24273773
Bangladesh,BGD,1995,0.23549563
Bangladesh,BGD,1996,0.22785255
Bangladesh,BGD,1997,0.22048001
Bangladesh,BGD,1998,0.21353537
Bangladesh,BGD,1999,0.20654324
Bangladesh,BGD,2000,0.19999492
Bangladesh,BGD,2001,0.19375262
Bangladesh,BGD,2002,0.18771216
Bangladesh,BGD,2003,0.18191838
Bangladesh,BGD,2004,0.17651278
Bangladesh,BGD,2005,0.17123999
Bangladesh,BGD,2006,0.16663854
Bangladesh,BGD,2007,0.16382189
Bangladesh,BGD,2008,0.15953882
Bangladesh,BGD,2009,0.15720348
Bangladesh,BGD,2010,0.15536277
Bangladesh,BGD,2011,0.15380329
Bangladesh,BGD,2012,0.15228538
Bangladesh,BGD,2013,0.15043557
Bangladesh,BGD,2014,0.14811127
Bangladesh,BGD,2015,0.14542542
Bangladesh,BGD,2016,0.14247756
Bangladesh,BGD,2017,0.13950862
Bangladesh,BGD,2018,0.13657174
Bangladesh,BGD,2019,0.13394445
Bangladesh,BGD,2020,0.12875658
Bangladesh,BGD,2021,0.13466117
Bangladesh,BGD,2022,0.12903245
Bangladesh,BGD,2023,0.126271
Barbados,BRB,1950,0.28834903
Barbados,BRB,1951,0.27787632
Barbados,BRB,1952,0.26678067
Barbados,BRB,1953,0.25697714
Barbados,BRB,1954,0.2442136
Barbados,BRB,1955,0.23884179
Barbados,BRB,1956,0.22297709
Barbados,BRB,1957,0.21180592
Barbados,BRB,1958,0.20275019
Barbados,BRB,1959,0.193893
Barbados,BRB,1960,0.18620737
Barbados,BRB,1961,0.17705257
Barbados,BRB,1962,0.17086998
Barbados,BRB,1963,0.1657469
Barbados,BRB,1964,0.16149065
Barbados,BRB,1965,0.15802425
Barbados,BRB,1966,0.15415175
Barbados,BRB,1967,0.1507112
Barbados,BRB,1968,0.14845788
Barbados,BRB,1969,0.14575782
Barbados,BRB,1970,0.14489771
Barbados,BRB,1971,0.14205639
Barbados,BRB,1972,0.13864614
Barbados,BRB,1973,0.13711233
Barbados,BRB,1974,0.13470934
Barbados,BRB,1975,0.13248065
Barbados,BRB,1976,0.13014062
Barbados,BRB,1977,0.12607028
Barbados,BRB,1978,0.122692615
Barbados,BRB,1979,0.12040811
Barbados,BRB,1980,0.11784365
Barbados,BRB,1981,0.11627311
Barbados,BRB,1982,0.1137365
Barbados,BRB,1983,0.11253363
Barbados,BRB,1984,0.11181652
Barbados,BRB,1985,0.11184829
Barbados,BRB,1986,0.11121283
Barbados,BRB,1987,0.110209994
Barbados,BRB,1988,0.10982047
Barbados,BRB,1989,0.10994219
Barbados,BRB,1990,0.10888957
Barbados,BRB,1991,0.10852734
Barbados,BRB,1992,0.108044446
Barbados,BRB,1993,0.10646834
Barbados,BRB,1994,0.10599726
Barbados,BRB,1995,0.10547908
Barbados,BRB,1996,0.10494221
Barbados,BRB,1997,0.10541267
Barbados,BRB,1998,0.10350495
Barbados,BRB,1999,0.10299501
Barbados,BRB,2000,0.1046926
Barbados,BRB,2001,0.10566952
Barbados,BRB,2002,0.10531666
Barbados,BRB,2003,0.10484437
Barbados,BRB,2004,0.103414625
Barbados,BRB,2005,0.10447277
Barbados,BRB,2006,0.1047607
Barbados,BRB,2007,0.10316913
Barbados,BRB,2008,0.102626115
Barbados,BRB,2009,0.10177043
Barbados,BRB,2010,0.10227675
Barbados,BRB,2011,0.10156649
Barbados,BRB,2012,0.10091772
Barbados,BRB,2013,0.10032517
Barbados,BRB,2014,0.09967817
Barbados,BRB,2015,0.09868932
Barbados,BRB,2016,0.097992405
Barbados,BRB,2017,0.09791506
Barbados,BRB,2018,0.097113624
Barbados,BRB,2019,0.096476026
Barbados,BRB,2020,0.09591035
Barbados,BRB,2021,0.09510512
Barbados,BRB,2022,0.09509007
Barbados,BRB,2023,0.09426916
Belarus,BLR,1950,0.2214028
Belarus,BLR,1951,0.21361944
Belarus,BLR,1952,0.20403041
Belarus,BLR,1953,0.19480258
Belarus,BLR,1954,0.18577847
Belarus,BLR,1955,0.17692018
Belarus,BLR,1956,0.1682749
Belarus,BLR,1957,0.16004157
Belarus,BLR,1958,0.150798
Belarus,BLR,1959,0.14193067
Belarus,BLR,1960,0.13332263
Belarus,BLR,1961,0.12863334
Belarus,BLR,1962,0.12410632
Belarus,BLR,1963,0.12076464
Belarus,BLR,1964,0.11725609
Belarus,BLR,1965,0.11498179
Belarus,BLR,1966,0.11388234
Belarus,BLR,1967,0.11241452
Belarus,BLR,1968,0.1118285
Belarus,BLR,1969,0.111491725
Belarus,BLR,1970,0.111059316
Belarus,BLR,1971,0.11081097
Belarus,BLR,1972,0.10974606
Belarus,BLR,1973,0.109401986
Belarus,BLR,1974,0.10891962
Belarus,BLR,1975,0.10879062
Belarus,BLR,1976,0.1086803
Belarus,BLR,1977,0.108844884
Belarus,BLR,1978,0.1091615
Belarus,BLR,1979,0.10999877
Belarus,BLR,1980,0.110012844
Belarus,BLR,1981,0.110245734
Belarus,BLR,1982,0.1098744
Belarus,BLR,1983,0.11032345
Belarus,BLR,1984,0.10999106
Belarus,BLR,1985,0.10862708
Belarus,BLR,1986,0.10714299
Belarus,BLR,1987,0.10584889
Belarus,BLR,1988,0.10616419
Belarus,BLR,1989,0.1067298
Belarus,BLR,1990,0.107601315
Belarus,BLR,1991,0.108997844
Belarus,BLR,1992,0.110395685
Belarus,BLR,1993,0.111522295
Belarus,BLR,1994,0.112468444
Belarus,BLR,1995,0.112600975
Belarus,BLR,1996,0.11268092
Belarus,BLR,1997,0.1120987
Belarus,BLR,1998,0.111963615
Belarus,BLR,1999,0.11130298
Belarus,BLR,2000,0.10999862
Belarus,BLR,2001,0.10898738
Belarus,BLR,2002,0.10812259
Belarus,BLR,2003,0.10778816
Belarus,BLR,2004,0.10689797
Belarus,BLR,2005,0.106015414
Belarus,BLR,2006,0.10447272
Belarus,BLR,2007,0.10273093
Belarus,BLR,2008,0.101425186
Belarus,BLR,2009,0.10056905
Belarus,BLR,2010,0.100447655
Belarus,BLR,2011,0.098726116
Belarus,BLR,2012,0.09703731
Belarus,BLR,2013,0.094407685
Belarus,BLR,2014,0.092371404
Belarus,BLR,2015,0.09073955
Belarus,BLR,2016,0.08905762
Belarus,BLR,2017,0.08848551
Belarus,BLR,2018,0.08769196
Belarus,BLR,2019,0.08738788
Belarus,BLR,2020,0.09060557
Belarus,BLR,2021,0.09120102
Belarus,BLR,2022,0.08647125
Belarus,BLR,2023,0.0860997
Belgium,BEL,1841,0.44171783
Belgium,BEL,1842,0.46183118
Belgium,BEL,1843,0.44342098
Belgium,BEL,1844,0.4189489
Belgium,BEL,1845,0.432839
Belgium,BEL,1846,0.4597356
Belgium,BEL,1847,0.47286642
Belgium,BEL,1848,0.44677535
Belgium,BEL,1849,0.47778234
Belgium,BEL,1850,0.4172604
Belgium,BEL,1851,0.4260369
Belgium,BEL,1852,0.42630845
Belgium,BEL,1853,0.4209008
Belgium,BEL,1854,0.4413152
Belgium,BEL,1855,0.46198136
Belgium,BEL,1856,0.43751806
Belgium,BEL,1857,0.43814602
Belgium,BEL,1858,0.43145955
Belgium,BEL,1859,0.44973415
Belgium,BEL,1860,0.38206583
Belgium,BEL,1861,0.4280828
Belgium,BEL,1862,0.41027522
Belgium,BEL,1863,0.42854044
Belgium,BEL,1864,0.44321376
Belgium,BEL,1865,0.47030768
Belgium,BEL,1866,0.49356034
Belgium,BEL,1867,0.40310687
Belgium,BEL,1868,0.4127436
Belgium,BEL,1869,0.41199952
Belgium,BEL,1870,0.4257704
Belgium,BEL,1871,0.4953953
Belgium,BEL,1872,0.44240975
Belgium,BEL,1873,0.3961497
Belgium,BEL,1874,0.38672283
Belgium,BEL,1875,0.41018832
Belgium,BEL,1876,0.39491174
Belgium,BEL,1877,0.3875841
Belgium,BEL,1878,0.38590088
Belgium,BEL,1879,0.38755113
Belgium,BEL,1880,0.4105548
Belgium,BEL,1881,0.38393816
Belgium,BEL,1882,0.3724588
Belgium,BEL,1883,0.37663764
Belgium,BEL,1884,0.3883359
Belgium,BEL,1885,0.37251306
Belgium,BEL,1886,0.3994428
Belgium,BEL,1887,0.36514983
Belgium,BEL,1888,0.37637442
Belgium,BEL,1889,0.3800963
Belgium,BEL,1890,0.3811135
Belgium,BEL,1891,0.38174066
Belgium,BEL,1892,0.39064106
Belgium,BEL,1893,0.38492975
Belgium,BEL,1894,0.35585886
Belgium,BEL,1895,0.37079403
Belgium,BEL,1896,0.34775808
Belgium,BEL,1897,0.33878526
Belgium,BEL,1898,0.34652933
Belgium,BEL,1899,0.3630421
Belgium,BEL,1900,0.35413012
Belgium,BEL,1901,0.33064467
Belgium,BEL,1902,0.3334303
Belgium,BEL,1903,0.33589846
Belgium,BEL,1904,0.3359907
Belgium,BEL,1905,0.32391328
Belgium,BEL,1906,0.3300135
Belgium,BEL,1907,0.31034246
Belgium,BEL,1908,0.32500884
Belgium,BEL,1909,0.31482568
Belgium,BEL,1910,0.31356466
Belgium,BEL,1911,0.33250168
Belgium,BEL,1912,0.2968359
Belgium,BEL,1913,0.29696256
Belgium,BEL,1919,0.3268165
Belgium,BEL,1920,0.28045163
Belgium,BEL,1921,0.27726665
Belgium,BEL,1922,0.26354963
Belgium,BEL,1923,0.25134626
Belgium,BEL,1924,0.2453036
Belgium,BEL,1925,0.25035375
Belgium,BEL,1926,0.25179756
Belgium,BEL,1927,0.2461394
Belgium,BEL,1928,0.24316366
Belgium,BEL,1929,0.2606675
Belgium,BEL,1930,0.24993837
Belgium,BEL,1931,0.2294137
Belgium,BEL,1932,0.23088191
Belgium,BEL,1933,0.22945108
Belgium,BEL,1934,0.21906042
Belgium,BEL,1935,0.21725196
Belgium,BEL,1936,0.21827485
Belgium,BEL,1937,0.21738768
Belgium,BEL,1938,0.21373515
Belgium,BEL,1939,0.21010743
Belgium,BEL,1940,0.22345081
Belgium,BEL,1941,0.2184921
Belgium,BEL,1942,0.21714537
Belgium,BEL,1943,0.21555516
Belgium,BEL,1944,0.23175676
Belgium,BEL,1945,0.23188241
Belgium,BEL,1946,0.19642434
Belgium,BEL,1947,0.18137808
Belgium,BEL,1948,0.16827595
Belgium,BEL,1949,0.160045
Belgium,BEL,1950,0.1538584
Belgium,BEL,1951,0.14756918
Belgium,BEL,1952,0.14112297
Belgium,BEL,1953,0.13537861
Belgium,BEL,1954,0.13543138
Belgium,BEL,1955,0.1323493
Belgium,BEL,1956,0.12903634
Belgium,BEL,1957,0.1284593
Belgium,BEL,1958,0.12319074
Belgium,BEL,1959,0.122167595
Belgium,BEL,1960,0.11954744
Belgium,BEL,1961,0.11770972
Belgium,BEL,1962,0.1179719
Belgium,BEL,1963,0.11631167
Belgium,BEL,1964,0.11622074
Belgium,BEL,1965,0.11486473
Belgium,BEL,1966,0.11500518
Belgium,BEL,1967,0.11235456
Belgium,BEL,1968,0.11086711
Belgium,BEL,1969,0.11114046
Belgium,BEL,1970,0.11131837
Belgium,BEL,1971,0.109580204
Belgium,BEL,1972,0.10930891
Belgium,BEL,1973,0.10689576
Belgium,BEL,1974,0.10591908
Belgium,BEL,1975,0.10427014
Belgium,BEL,1976,0.10415538
Belgium,BEL,1977,0.1036934
Belgium,BEL,1978,0.10247852
Belgium,BEL,1979,0.10293957
Belgium,BEL,1980,0.101315044
Belgium,BEL,1981,0.099211395
Belgium,BEL,1982,0.09898586
Belgium,BEL,1983,0.09771677
Belgium,BEL,1984,0.09593024
Belgium,BEL,1985,0.09558236
Belgium,BEL,1986,0.094601594
Belgium,BEL,1987,0.09512102
Belgium,BEL,1988,0.09455261
Belgium,BEL,1989,0.092832185
Belgium,BEL,1990,0.09289365
Belgium,BEL,1991,0.092516206
Belgium,BEL,1992,0.092394754
Belgium,BEL,1993,0.09026058
Belgium,BEL,1994,0.09145173
Belgium,BEL,1995,0.089963615
Belgium,BEL,1996,0.088250384
Belgium,BEL,1997,0.08847378
Belgium,BEL,1998,0.088806756
Belgium,BEL,1999,0.08641504
Belgium,BEL,2000,0.08705587
Belgium,BEL,2001,0.08655615
Belgium,BEL,2002,0.085107364
Belgium,BEL,2003,0.08398524
Belgium,BEL,2004,0.08322985
Belgium,BEL,2005,0.083137006
Belgium,BEL,2006,0.083289884
Belgium,BEL,2007,0.08387862
Belgium,BEL,2008,0.08282959
Belgium,BEL,2009,0.083208695
Belgium,BEL,2010,0.08241433
Belgium,BEL,2011,0.08271654
Belgium,BEL,2012,0.081101075
Belgium,BEL,2013,0.08143617
Belgium,BEL,2014,0.08039552
Belgium,BEL,2015,0.08025177
Belgium,BEL,2016,0.079299465
Belgium,BEL,2017,0.079581015
Belgium,BEL,2018,0.07959255
Belgium,BEL,2019,0.078941174
Belgium,BEL,2020,0.07752658
Belgium,BEL,2021,0.08006922
Belgium,BEL,2022,0.08119802
Belgium,BEL,2023,0.0781203
Belize,BLZ,1950,0.32732365
Belize,BLZ,1951,0.32154837
Belize,BLZ,1952,0.31556928
Belize,BLZ,1953,0.30987358
Belize,BLZ,1954,0.30313116
Belize,BLZ,1955,0.2999463
Belize,BLZ,1956,0.28886408
Belize,BLZ,1957,0.28108057
Belize,BLZ,1958,0.27321956
Belize,BLZ,1959,0.2657294
Belize,BLZ,1960,0.25892982
Belize,BLZ,1961,0.31103665
Belize,BLZ,1962,0.2477074
Belize,BLZ,1963,0.24322915
Belize,BLZ,1964,0.23893353
Belize,BLZ,1965,0.23438224
Belize,BLZ,1966,0.22914734
Belize,BLZ,1967,0.22353667
Belize,BLZ,1968,0.21771316
Belize,BLZ,1969,0.21216224
Belize,BLZ,1970,0.20656325
Belize,BLZ,1971,0.20155428
Belize,BLZ,1972,0.19690357
Belize,BLZ,1973,0.19191046
Belize,BLZ,1974,0.18733649
Belize,BLZ,1975,0.18271402
Belize,BLZ,1976,0.1784241
Belize,BLZ,1977,0.17459951
Belize,BLZ,1978,0.17240068
Belize,BLZ,1979,0.16869429
Belize,BLZ,1980,0.16630049
Belize,BLZ,1981,0.16402408
Belize,BLZ,1982,0.16172004
Belize,BLZ,1983,0.15885887
Belize,BLZ,1984,0.1553249
Belize,BLZ,1985,0.15139326
Belize,BLZ,1986,0.14755861
Belize,BLZ,1987,0.14411174
Belize,BLZ,1988,0.14124641
Belize,BLZ,1989,0.13886344
Belize,BLZ,1990,0.13685447
Belize,BLZ,1991,0.1360046
Belize,BLZ,1992,0.13555801
Belize,BLZ,1993,0.13449496
Belize,BLZ,1994,0.13355105
Belize,BLZ,1995,0.13310382
Belize,BLZ,1996,0.13279167
Belize,BLZ,1997,0.1328209
Belize,BLZ,1998,0.13376468
Belize,BLZ,1999,0.1324351
Belize,BLZ,2000,0.13276894
Belize,BLZ,2001,0.13295779
Belize,BLZ,2002,0.12747495
Belize,BLZ,2003,0.12589446
Belize,BLZ,2004,0.12387331
Belize,BLZ,2005,0.12322818
Belize,BLZ,2006,0.12187938
Belize,BLZ,2007,0.121090755
Belize,BLZ,2008,0.121246405
Belize,BLZ,2009,0.1197112
Belize,BLZ,2010,0.118920006
Belize,BLZ,2011,0.11796242
Belize,BLZ,2012,0.11664401
Belize,BLZ,2013,0.11534854
Belize,BLZ,2014,0.1139115
Belize,BLZ,2015,0.1125398
Belize,BLZ,2016,0.110973895
Belize,BLZ,2017,0.10939262
Belize,BLZ,2018,0.10787552
Belize,BLZ,2019,0.10648468
Belize,BLZ,2020,0.1114199
Belize,BLZ,2021,0.113576055
Belize,BLZ,2022,0.10760882
Belize,BLZ,2023,0.10121819
Benin,BEN,1950,0.48243383
Benin,BEN,1951,0.47875145
Benin,BEN,1952,0.47565493
Benin,BEN,1953,0.47186345
Benin,BEN,1954,0.46815887
Benin,BEN,1955,0.46492308
Benin,BEN,1956,0.4613384
Benin,BEN,1957,0.45701054
Benin,BEN,1958,0.45327964
Benin,BEN,1959,0.44901842
Benin,BEN,1960,0.4450713
Benin,BEN,1961,0.43961337
Benin,BEN,1962,0.43556425
Benin,BEN,1963,0.43105057
Benin,BEN,1964,0.426319
Benin,BEN,1965,0.4214096
Benin,BEN,1966,0.41876495
Benin,BEN,1967,0.4140989
Benin,BEN,1968,0.4093064
Benin,BEN,1969,0.4047156
Benin,BEN,1970,0.40009263
Benin,BEN,1971,0.3966318
Benin,BEN,1972,0.39078954
Benin,BEN,1973,0.3858906
Benin,BEN,1974,0.38097003
Benin,BEN,1975,0.37547994
Benin,BEN,1976,0.36918655
Benin,BEN,1977,0.3628733
Benin,BEN,1978,0.35780457
Benin,BEN,1979,0.35303852
Benin,BEN,1980,0.34844446
Benin,BEN,1981,0.34398195
Benin,BEN,1982,0.33953926
Benin,BEN,1983,0.33526573
Benin,BEN,1984,0.3297301
Benin,BEN,1985,0.32424054
Benin,BEN,1986,0.31808573
Benin,BEN,1987,0.31286466
Benin,BEN,1988,0.30630815
Benin,BEN,1989,0.30212703
Benin,BEN,1990,0.297039
Benin,BEN,1991,0.29355848
Benin,BEN,1992,0.2879069
Benin,BEN,1993,0.28485546
Benin,BEN,1994,0.28213945
Benin,BEN,1995,0.2793902
Benin,BEN,1996,0.27783337
Benin,BEN,1997,0.27446586
Benin,BEN,1998,0.27256525
Benin,BEN,1999,0.27037215
Benin,BEN,2000,0.26842535
Benin,BEN,2001,0.2675786
Benin,BEN,2002,0.26615074
Benin,BEN,2003,0.26421073
Benin,BEN,2004,0.26205158
Benin,BEN,2005,0.25870776
Benin,BEN,2006,0.25614256
Benin,BEN,2007,0.2535712
Benin,BEN,2008,0.25446284
Benin,BEN,2009,0.2529811
Benin,BEN,2010,0.25160396
Benin,BEN,2011,0.2502677
Benin,BEN,2012,0.2486108
Benin,BEN,2013,0.24534045
Benin,BEN,2014,0.24341871
Benin,BEN,2015,0.2416642
Benin,BEN,2016,0.23951131
Benin,BEN,2017,0.23636858
Benin,BEN,2018,0.23470747
Benin,BEN,2019,0.23172128
Benin,BEN,2020,0.22644682
Benin,BEN,2021,0.22843075
Benin,BEN,2022,0.22459863
Benin,BEN,2023,0.22079167
Bermuda,BMU,1950,0.19013691
Bermuda,BMU,1951,0.18795766
Bermuda,BMU,1952,0.1857128
Bermuda,BMU,1953,0.1817628
Bermuda,BMU,1954,0.17571458
Bermuda,BMU,1955,0.17211473
Bermuda,BMU,1956,0.16629013
Bermuda,BMU,1957,0.16277446
Bermuda,BMU,1958,0.1590418
Bermuda,BMU,1959,0.15473102
Bermuda,BMU,1960,0.14907067
Bermuda,BMU,1961,0.14126986
Bermuda,BMU,1962,0.13849407
Bermuda,BMU,1963,0.1390378
Bermuda,BMU,1964,0.13950549
Bermuda,BMU,1965,0.13760398
Bermuda,BMU,1966,0.13546807
Bermuda,BMU,1967,0.13349707
Bermuda,BMU,1968,0.13063191
Bermuda,BMU,1969,0.12797454
Bermuda,BMU,1970,0.12496257
Bermuda,BMU,1971,0.12181702
Bermuda,BMU,1972,0.118512616
Bermuda,BMU,1973,0.11527116
Bermuda,BMU,1974,0.11314914
Bermuda,BMU,1975,0.110883966
Bermuda,BMU,1976,0.1089363
Bermuda,BMU,1977,0.10654563
Bermuda,BMU,1978,0.10454831
Bermuda,BMU,1979,0.102599956
Bermuda,BMU,1980,0.10117908
Bermuda,BMU,1981,0.09972214
Bermuda,BMU,1982,0.098315895
Bermuda,BMU,1983,0.09737236
Bermuda,BMU,1984,0.097337544
Bermuda,BMU,1985,0.09777391
Bermuda,BMU,1986,0.0980182
Bermuda,BMU,1987,0.098134965
Bermuda,BMU,1988,0.09842357
Bermuda,BMU,1989,0.09848391
Bermuda,BMU,1990,0.09871553
Bermuda,BMU,1991,0.099162474
Bermuda,BMU,1992,0.09953209
Bermuda,BMU,1993,0.09890656
Bermuda,BMU,1994,0.09645094
Bermuda,BMU,1995,0.09351783
Bermuda,BMU,1996,0.092169985
Bermuda,BMU,1997,0.091810726
Bermuda,BMU,1998,0.091040105
Bermuda,BMU,1999,0.08916993
Bermuda,BMU,2000,0.087443545
Bermuda,BMU,2001,0.086350605
Bermuda,BMU,2002,0.08533923
Bermuda,BMU,2003,0.08629319
Bermuda,BMU,2004,0.08222673
Bermuda,BMU,2005,0.0806672
Bermuda,BMU,2006,0.079594985
Bermuda,BMU,2007,0.07899389
Bermuda,BMU,2008,0.07892205
Bermuda,BMU,2009,0.078715
Bermuda,BMU,2010,0.07789786
Bermuda,BMU,2011,0.07655505
Bermuda,BMU,2012,0.07567492
Bermuda,BMU,2013,0.075541876
Bermuda,BMU,2014,0.07563364
Bermuda,BMU,2015,0.07625645
Bermuda,BMU,2016,0.07693138
Bermuda,BMU,2017,0.07726406
Bermuda,BMU,2018,0.07692839
Bermuda,BMU,2019,0.07665687
Bermuda,BMU,2020,0.0766898
Bermuda,BMU,2021,0.07640736
Bermuda,BMU,2022,0.076161295
Bermuda,BMU,2023,0.075944744
Bhutan,BTN,1950,0.47107434
Bhutan,BTN,1951,0.47084183
Bhutan,BTN,1952,0.4706095
Bhutan,BTN,1953,0.47026062
Bhutan,BTN,1954,0.46972492
Bhutan,BTN,1955,0.46894205
Bhutan,BTN,1956,0.46787328
Bhutan,BTN,1957,0.46649334
Bhutan,BTN,1958,0.46477938
Bhutan,BTN,1959,0.46270466
Bhutan,BTN,1960,0.46024716
Bhutan,BTN,1961,0.45738143
Bhutan,BTN,1962,0.45388386
Bhutan,BTN,1963,0.4499728
Bhutan,BTN,1964,0.4455863
Bhutan,BTN,1965,0.44074088
Bhutan,BTN,1966,0.4355467
Bhutan,BTN,1967,0.42993835
Bhutan,BTN,1968,0.4238761
Bhutan,BTN,1969,0.417808
Bhutan,BTN,1970,0.41172078
Bhutan,BTN,1971,0.40539554
Bhutan,BTN,1972,0.39879662
Bhutan,BTN,1973,0.39224756
Bhutan,BTN,1974,0.3856899
Bhutan,BTN,1975,0.37930444
Bhutan,BTN,1976,0.37217098
Bhutan,BTN,1977,0.3649883
Bhutan,BTN,1978,0.3576716
Bhutan,BTN,1979,0.3498398
Bhutan,BTN,1980,0.3420496
Bhutan,BTN,1981,0.33428416
Bhutan,BTN,1982,0.3261826
Bhutan,BTN,1983,0.3183813
Bhutan,BTN,1984,0.31095108
Bhutan,BTN,1985,0.30352563
Bhutan,BTN,1986,0.29541436
Bhutan,BTN,1987,0.28740025
Bhutan,BTN,1988,0.27961114
Bhutan,BTN,1989,0.27208135
Bhutan,BTN,1990,0.26504895
Bhutan,BTN,1991,0.25864768
Bhutan,BTN,1992,0.25113454
Bhutan,BTN,1993,0.24423389
Bhutan,BTN,1994,0.23949398
Bhutan,BTN,1995,0.23068605
Bhutan,BTN,1996,0.22380404
Bhutan,BTN,1997,0.21732819
Bhutan,BTN,1998,0.21053112
Bhutan,BTN,1999,0.20354888
Bhutan,BTN,2000,0.2051712
Bhutan,BTN,2001,0.1909987
Bhutan,BTN,2002,0.18411857
Bhutan,BTN,2003,0.17760178
Bhutan,BTN,2004,0.17166077
Bhutan,BTN,2005,0.16615005
Bhutan,BTN,2006,0.15967149
Bhutan,BTN,2007,0.15402459
Bhutan,BTN,2008,0.14910172
Bhutan,BTN,2009,0.14585838
Bhutan,BTN,2010,0.14005086
Bhutan,BTN,2011,0.13576464
Bhutan,BTN,2012,0.13214648
Bhutan,BTN,2013,0.1291986
Bhutan,BTN,2014,0.12674212
Bhutan,BTN,2015,0.124679044
Bhutan,BTN,2016,0.122301094
Bhutan,BTN,2017,0.12011685
Bhutan,BTN,2018,0.11813726
Bhutan,BTN,2019,0.11633135
Bhutan,BTN,2020,0.11466081
Bhutan,BTN,2021,0.11337733
Bhutan,BTN,2022,0.111687906
Bhutan,BTN,2023,0.11034522
Bolivia,BOL,1950,0.42911243
Bolivia,BOL,1951,0.4269233
Bolivia,BOL,1952,0.42454502
Bolivia,BOL,1953,0.42291102
Bolivia,BOL,1954,0.42023116
Bolivia,BOL,1955,0.41801625
Bolivia,BOL,1956,0.4153388
Bolivia,BOL,1957,0.41255388
Bolivia,BOL,1958,0.40966794
Bolivia,BOL,1959,0.406693
Bolivia,BOL,1960,0.4033615
Bolivia,BOL,1961,0.4004577
Bolivia,BOL,1962,0.39719248
Bolivia,BOL,1963,0.39382544
Bolivia,BOL,1964,0.39037824
Bolivia,BOL,1965,0.3864242
Bolivia,BOL,1966,0.3823712
Bolivia,BOL,1967,0.37855768
Bolivia,BOL,1968,0.3744738
Bolivia,BOL,1969,0.37122512
Bolivia,BOL,1970,0.3670638
Bolivia,BOL,1971,0.36343747
Bolivia,BOL,1972,0.36045888
Bolivia,BOL,1973,0.35596362
Bolivia,BOL,1974,0.35182393
Bolivia,BOL,1975,0.34648153
Bolivia,BOL,1976,0.34119937
Bolivia,BOL,1977,0.3369901
Bolivia,BOL,1978,0.3330945
Bolivia,BOL,1979,0.3283731
Bolivia,BOL,1980,0.32374996
Bolivia,BOL,1981,0.31937918
Bolivia,BOL,1982,0.31620696
Bolivia,BOL,1983,0.31215858
Bolivia,BOL,1984,0.3064528
Bolivia,BOL,1985,0.30237138
Bolivia,BOL,1986,0.2974873
Bolivia,BOL,1987,0.2911418
Bolivia,BOL,1988,0.28510734
Bolivia,BOL,1989,0.27855703
Bolivia,BOL,1990,0.2722258
Bolivia,BOL,1991,0.2660237
Bolivia,BOL,1992,0.2605705
Bolivia,BOL,1993,0.25326633
Bolivia,BOL,1994,0.24630572
Bolivia,BOL,1995,0.24041693
Bolivia,BOL,1996,0.23520327
Bolivia,BOL,1997,0.2301154
Bolivia,BOL,1998,0.22475968
Bolivia,BOL,1999,0.21946023
Bolivia,BOL,2000,0.21485274
Bolivia,BOL,2001,0.20937298
Bolivia,BOL,2002,0.20390783
Bolivia,BOL,2003,0.19984435
Bolivia,BOL,2004,0.19611683
Bolivia,BOL,2005,0.19233611
Bolivia,BOL,2006,0.18916541
Bolivia,BOL,2007,0.1852741
Bolivia,BOL,2008,0.18203685
Bolivia,BOL,2009,0.17874734
Bolivia,BOL,2010,0.17563713
Bolivia,BOL,2011,0.1729204
Bolivia,BOL,2012,0.17019251
Bolivia,BOL,2013,0.16806127
Bolivia,BOL,2014,0.1661678
Bolivia,BOL,2015,0.16397865
Bolivia,BOL,2016,0.16218063
Bolivia,BOL,2017,0.1604983
Bolivia,BOL,2018,0.15890962
Bolivia,BOL,2019,0.15763232
Bolivia,BOL,2020,0.16206788
Bolivia,BOL,2021,0.16407438
Bolivia,BOL,2022,0.15409125
Bolivia,BOL,2023,0.15047237
Bonaire Sint Eustatius and Saba,BES,1950,0.19523998
Bonaire Sint Eustatius and Saba,BES,1951,0.18431278
Bonaire Sint Eustatius and Saba,BES,1952,0.156918
Bonaire Sint Eustatius and Saba,BES,1953,0.15820868
Bonaire Sint Eustatius and Saba,BES,1954,0.15208277
Bonaire Sint Eustatius and Saba,BES,1955,0.15033069
Bonaire Sint Eustatius and Saba,BES,1956,0.15396369
Bonaire Sint Eustatius and Saba,BES,1957,0.1417406
Bonaire Sint Eustatius and Saba,BES,1958,0.139772
Bonaire Sint Eustatius and Saba,BES,1959,0.13707952
Bonaire Sint Eustatius and Saba,BES,1960,0.13282277
Bonaire Sint Eustatius and Saba,BES,1961,0.13748981
Bonaire Sint Eustatius and Saba,BES,1962,0.13528484
Bonaire Sint Eustatius and Saba,BES,1963,0.121632494
Bonaire Sint Eustatius and Saba,BES,1964,0.12051313
Bonaire Sint Eustatius and Saba,BES,1965,0.13474204
Bonaire Sint Eustatius and Saba,BES,1966,0.12028525
Bonaire Sint Eustatius and Saba,BES,1967,0.110843234
Bonaire Sint Eustatius and Saba,BES,1968,0.11322244
Bonaire Sint Eustatius and Saba,BES,1969,0.107783586
Bonaire Sint Eustatius and Saba,BES,1970,0.10669359
Bonaire Sint Eustatius and Saba,BES,1971,0.108084105
Bonaire Sint Eustatius and Saba,BES,1972,0.106979266
Bonaire Sint Eustatius and Saba,BES,1973,0.10538074
Bonaire Sint Eustatius and Saba,BES,1974,0.1054004
Bonaire Sint Eustatius and Saba,BES,1975,0.10448513
Bonaire Sint Eustatius and Saba,BES,1976,0.10286866
Bonaire Sint Eustatius and Saba,BES,1977,0.10473981
Bonaire Sint Eustatius and Saba,BES,1978,0.10649043
Bonaire Sint Eustatius and Saba,BES,1979,0.10217675
Bonaire Sint Eustatius and Saba,BES,1980,0.10262852
Bonaire Sint Eustatius and Saba,BES,1981,0.10431539
Bonaire Sint Eustatius and Saba,BES,1982,0.10127112
Bonaire Sint Eustatius and Saba,BES,1983,0.10179454
Bonaire Sint Eustatius and Saba,BES,1984,0.10199468
Bonaire Sint Eustatius and Saba,BES,1985,0.10102566
Bonaire Sint Eustatius and Saba,BES,1986,0.10062436
Bonaire Sint Eustatius and Saba,BES,1987,0.10248896
Bonaire Sint Eustatius and Saba,BES,1988,0.1021153
Bonaire Sint Eustatius and Saba,BES,1989,0.10208093
Bonaire Sint Eustatius and Saba,BES,1990,0.10103143
Bonaire Sint Eustatius and Saba,BES,1991,0.10075709
Bonaire Sint Eustatius and Saba,BES,1992,0.10139006
Bonaire Sint Eustatius and Saba,BES,1993,0.09851829
Bonaire Sint Eustatius and Saba,BES,1994,0.09968305
Bonaire Sint Eustatius and Saba,BES,1995,0.0970699
Bonaire Sint Eustatius and Saba,BES,1996,0.09676685
Bonaire Sint Eustatius and Saba,BES,1997,0.09812323
Bonaire Sint Eustatius and Saba,BES,1998,0.09344003
Bonaire Sint Eustatius and Saba,BES,1999,0.09352
Bonaire Sint Eustatius and Saba,BES,2000,0.09273383
Bonaire Sint Eustatius and Saba,BES,2001,0.092897244
Bonaire Sint Eustatius and Saba,BES,2002,0.09147053
Bonaire Sint Eustatius and Saba,BES,2003,0.09212609
Bonaire Sint Eustatius and Saba,BES,2004,0.09379295
Bonaire Sint Eustatius and Saba,BES,2005,0.091849916
Bonaire Sint Eustatius and Saba,BES,2006,0.09149634
Bonaire Sint Eustatius and Saba,BES,2007,0.09085887
Bonaire Sint Eustatius and Saba,BES,2008,0.091659755
Bonaire Sint Eustatius and Saba,BES,2009,0.09164172
Bonaire Sint Eustatius and Saba,BES,2010,0.09063831
Bonaire Sint Eustatius and Saba,BES,2011,0.09311367
Bonaire Sint Eustatius and Saba,BES,2012,0.09462937
Bonaire Sint Eustatius and Saba,BES,2013,0.09254494
Bonaire Sint Eustatius and Saba,BES,2014,0.091126435
Bonaire Sint Eustatius and Saba,BES,2015,0.08964749
Bonaire Sint Eustatius and Saba,BES,2016,0.093642674
Bonaire Sint Eustatius and Saba,BES,2017,0.090537645
Bonaire Sint Eustatius and Saba,BES,2018,0.09335025
Bonaire Sint Eustatius and Saba,BES,2019,0.090429984
Bonaire Sint Eustatius and Saba,BES,2020,0.0918358
Bonaire Sint Eustatius and Saba,BES,2021,0.08922962
Bonaire Sint Eustatius and Saba,BES,2022,0.08906792
Bonaire Sint Eustatius and Saba,BES,2023,0.09127623
Bosnia and Herzegovina,BIH,1950,0.3303029
Bosnia and Herzegovina,BIH,1951,0.31901455
Bosnia and Herzegovina,BIH,1952,0.30464572
Bosnia and Herzegovina,BIH,1953,0.28779
Bosnia and Herzegovina,BIH,1954,0.27597648
Bosnia and Herzegovina,BIH,1955,0.26514223
Bosnia and Herzegovina,BIH,1956,0.25571308
Bosnia and Herzegovina,BIH,1957,0.2462402
Bosnia and Herzegovina,BIH,1958,0.23654549
Bosnia and Herzegovina,BIH,1959,0.22631085
Bosnia and Herzegovina,BIH,1960,0.21826816
Bosnia and Herzegovina,BIH,1961,0.2106468
Bosnia and Herzegovina,BIH,1962,0.20387614
Bosnia and Herzegovina,BIH,1963,0.19744505
Bosnia and Herzegovina,BIH,1964,0.19075096
Bosnia and Herzegovina,BIH,1965,0.18479028
Bosnia and Herzegovina,BIH,1966,0.17765881
Bosnia and Herzegovina,BIH,1967,0.17191643
Bosnia and Herzegovina,BIH,1968,0.16632327
Bosnia and Herzegovina,BIH,1969,0.16151543
Bosnia and Herzegovina,BIH,1970,0.15621717
Bosnia and Herzegovina,BIH,1971,0.15146723
Bosnia and Herzegovina,BIH,1972,0.14720209
Bosnia and Herzegovina,BIH,1973,0.14290479
Bosnia and Herzegovina,BIH,1974,0.1394664
Bosnia and Herzegovina,BIH,1975,0.1360486
Bosnia and Herzegovina,BIH,1976,0.13331886
Bosnia and Herzegovina,BIH,1977,0.12971327
Bosnia and Herzegovina,BIH,1978,0.12684184
Bosnia and Herzegovina,BIH,1979,0.123983584
Bosnia and Herzegovina,BIH,1980,0.12157541
Bosnia and Herzegovina,BIH,1981,0.11947056
Bosnia and Herzegovina,BIH,1982,0.1176188
Bosnia and Herzegovina,BIH,1983,0.11597111
Bosnia and Herzegovina,BIH,1984,0.114042625
Bosnia and Herzegovina,BIH,1985,0.11260063
Bosnia and Herzegovina,BIH,1986,0.111152604
Bosnia and Herzegovina,BIH,1987,0.10996039
Bosnia and Herzegovina,BIH,1988,0.10838642
Bosnia and Herzegovina,BIH,1989,0.106398664
Bosnia and Herzegovina,BIH,1990,0.105359085
Bosnia and Herzegovina,BIH,1991,0.10392473
Bosnia and Herzegovina,BIH,1992,0.1917842
Bosnia and Herzegovina,BIH,1993,0.19501285
Bosnia and Herzegovina,BIH,1994,0.106868185
Bosnia and Herzegovina,BIH,1995,0.1135398
Bosnia and Herzegovina,BIH,1996,0.098685294
Bosnia and Herzegovina,BIH,1997,0.09771891
Bosnia and Herzegovina,BIH,1998,0.096478485
Bosnia and Herzegovina,BIH,1999,0.09539977
Bosnia and Herzegovina,BIH,2000,0.09444204
Bosnia and Herzegovina,BIH,2001,0.09388543
Bosnia and Herzegovina,BIH,2002,0.09315767
Bosnia and Herzegovina,BIH,2003,0.09279992
Bosnia and Herzegovina,BIH,2004,0.09248233
Bosnia and Herzegovina,BIH,2005,0.09267457
Bosnia and Herzegovina,BIH,2006,0.09271723
Bosnia and Herzegovina,BIH,2007,0.092354566
Bosnia and Herzegovina,BIH,2008,0.09184767
Bosnia and Herzegovina,BIH,2009,0.09122425
Bosnia and Herzegovina,BIH,2010,0.09104862
Bosnia and Herzegovina,BIH,2011,0.090793766
Bosnia and Herzegovina,BIH,2012,0.09033337
Bosnia and Herzegovina,BIH,2013,0.090235546
Bosnia and Herzegovina,BIH,2014,0.09046639
Bosnia and Herzegovina,BIH,2015,0.09029723
Bosnia and Herzegovina,BIH,2016,0.09049102
Bosnia and Herzegovina,BIH,2017,0.09091917
Bosnia and Herzegovina,BIH,2018,0.08999358
Bosnia and Herzegovina,BIH,2019,0.08971301
Bosnia and Herzegovina,BIH,2020,0.08985801
Bosnia and Herzegovina,BIH,2021,0.0875751
Bosnia and Herzegovina,BIH,2022,0.09513331
Bosnia and Herzegovina,BIH,2023,0.089016564
Botswana,BWA,1950,0.36339805
Botswana,BWA,1951,0.35875076
Botswana,BWA,1952,0.35419387
Botswana,BWA,1953,0.34957194
Botswana,BWA,1954,0.34483397
Botswana,BWA,1955,0.33964914
Botswana,BWA,1956,0.334198
Botswana,BWA,1957,0.3282315
Botswana,BWA,1958,0.32215694
Botswana,BWA,1959,0.31589797
Botswana,BWA,1960,0.30980793
Botswana,BWA,1961,0.30392092
Botswana,BWA,1962,0.2987682
Botswana,BWA,1963,0.29312277
Botswana,BWA,1964,0.2876854
Botswana,BWA,1965,0.28241012
Botswana,BWA,1966,0.27698782
Botswana,BWA,1967,0.27177846
Botswana,BWA,1968,0.26649445
Botswana,BWA,1969,0.26104265
Botswana,BWA,1970,0.25554278
Botswana,BWA,1971,0.2496103
Botswana,BWA,1972,0.24353197
Botswana,BWA,1973,0.23720062
Botswana,BWA,1974,0.23063664
Botswana,BWA,1975,0.22399196
Botswana,BWA,1976,0.21718642
Botswana,BWA,1977,0.21033025
Botswana,BWA,1978,0.20359167
Botswana,BWA,1979,0.19741502
Botswana,BWA,1980,0.19171602
Botswana,BWA,1981,0.18646504
Botswana,BWA,1982,0.18190788
Botswana,BWA,1983,0.17817031
Botswana,BWA,1984,0.175374
Botswana,BWA,1985,0.17393026
Botswana,BWA,1986,0.17408216
Botswana,BWA,1987,0.17572543
Botswana,BWA,1988,0.18352015
Botswana,BWA,1989,0.18518913
Botswana,BWA,1990,0.19200848
Botswana,BWA,1991,0.19956096
Botswana,BWA,1992,0.20877923
Botswana,BWA,1993,0.21850273
Botswana,BWA,1994,0.22686556
Botswana,BWA,1995,0.2346435
Botswana,BWA,1996,0.2411942
Botswana,BWA,1997,0.24706693
Botswana,BWA,1998,0.25165492
Botswana,BWA,1999,0.25521797
Botswana,BWA,2000,0.25698406
Botswana,BWA,2001,0.257337
Botswana,BWA,2002,0.2561605
Botswana,BWA,2003,0.2533357
Botswana,BWA,2004,0.24939705
Botswana,BWA,2005,0.24421468
Botswana,BWA,2006,0.24283259
Botswana,BWA,2007,0.23214245
Botswana,BWA,2008,0.22526413
Botswana,BWA,2009,0.21970382
Botswana,BWA,2010,0.21328959
Botswana,BWA,2011,0.20981167
Botswana,BWA,2012,0.20511457
Botswana,BWA,2013,0.2013121
Botswana,BWA,2014,0.1957223
Botswana,BWA,2015,0.1889846
Botswana,BWA,2016,0.18152335
Botswana,BWA,2017,0.17399324
Botswana,BWA,2018,0.16723156
Botswana,BWA,2019,0.16112344
Botswana,BWA,2020,0.15314363
Botswana,BWA,2021,0.15986876
Botswana,BWA,2022,0.14972912
Botswana,BWA,2023,0.146871
Brazil,BRA,1950,0.33570337
Brazil,BRA,1951,0.3304256
Brazil,BRA,1952,0.32525057
Brazil,BRA,1953,0.32104683
Brazil,BRA,1954,0.3164948
Brazil,BRA,1955,0.31179437
Brazil,BRA,1956,0.30697304
Brazil,BRA,1957,0.30218387
Brazil,BRA,1958,0.29757658
Brazil,BRA,1959,0.29288194
Brazil,BRA,1960,0.28812763
Brazil,BRA,1961,0.28345627
Brazil,BRA,1962,0.2788187
Brazil,BRA,1963,0.27408555
Brazil,BRA,1964,0.26972178
Brazil,BRA,1965,0.26541927
Brazil,BRA,1966,0.26151487
Brazil,BRA,1967,0.2576319
Brazil,BRA,1968,0.25393617
Brazil,BRA,1969,0.25058797
Brazil,BRA,1970,0.24725166
Brazil,BRA,1971,0.24390642
Brazil,BRA,1972,0.24053124
Brazil,BRA,1973,0.23661341
Brazil,BRA,1974,0.23309912
Brazil,BRA,1975,0.2288367
Brazil,BRA,1976,0.2247382
Brazil,BRA,1977,0.22047381
Brazil,BRA,1978,0.21595082
Brazil,BRA,1979,0.21120252
Brazil,BRA,1980,0.20639451
Brazil,BRA,1981,0.20170707
Brazil,BRA,1982,0.19702892
Brazil,BRA,1983,0.19252819
Brazil,BRA,1984,0.18836908
Brazil,BRA,1985,0.18410912
Brazil,BRA,1986,0.18004946
Brazil,BRA,1987,0.17619088
Brazil,BRA,1988,0.17220299
Brazil,BRA,1989,0.1674891
Brazil,BRA,1990,0.16294418
Brazil,BRA,1991,0.15859407
Brazil,BRA,1992,0.15442044
Brazil,BRA,1993,0.15071571
Brazil,BRA,1994,0.14781342
Brazil,BRA,1995,0.14498371
Brazil,BRA,1996,0.14218788
Brazil,BRA,1997,0.13953653
Brazil,BRA,1998,0.13650961
Brazil,BRA,1999,0.13347499
Brazil,BRA,2000,0.13051957
Brazil,BRA,2001,0.1275852
Brazil,BRA,2002,0.124747075
Brazil,BRA,2003,0.1224692
Brazil,BRA,2004,0.12038731
Brazil,BRA,2005,0.11839556
Brazil,BRA,2006,0.11654321
Brazil,BRA,2007,0.11483454
Brazil,BRA,2008,0.11326551
Brazil,BRA,2009,0.11196577
Brazil,BRA,2010,0.11084721
Brazil,BRA,2011,0.109996855
Brazil,BRA,2012,0.108859
Brazil,BRA,2013,0.107990004
Brazil,BRA,2014,0.10717519
Brazil,BRA,2015,0.10616046
Brazil,BRA,2016,0.10607811
Brazil,BRA,2017,0.10435365
Brazil,BRA,2018,0.10318032
Brazil,BRA,2019,0.10272532
Brazil,BRA,2020,0.10162317
Brazil,BRA,2021,0.114677906
Brazil,BRA,2022,0.10367919
Brazil,BRA,2023,0.100730225
British Virgin Islands,VGB,1950,0.28435212
British Virgin Islands,VGB,1951,0.2778618
British Virgin Islands,VGB,1952,0.2692869
British Virgin Islands,VGB,1953,0.25990644
British Virgin Islands,VGB,1954,0.24854933
British Virgin Islands,VGB,1955,0.23694333
British Virgin Islands,VGB,1956,0.22441891
British Virgin Islands,VGB,1957,0.21299712
British Virgin Islands,VGB,1958,0.20371275
British Virgin Islands,VGB,1959,0.19591708
British Virgin Islands,VGB,1960,0.18940715
British Virgin Islands,VGB,1961,0.18400876
British Virgin Islands,VGB,1962,0.17926814
British Virgin Islands,VGB,1963,0.17489924
British Virgin Islands,VGB,1964,0.17091423
British Virgin Islands,VGB,1965,0.16704261
British Virgin Islands,VGB,1966,0.16324748
British Virgin Islands,VGB,1967,0.1596771
British Virgin Islands,VGB,1968,0.15607879
British Virgin Islands,VGB,1969,0.15296856
British Virgin Islands,VGB,1970,0.14962433
British Virgin Islands,VGB,1971,0.14659563
British Virgin Islands,VGB,1972,0.14380436
British Virgin Islands,VGB,1973,0.14109462
British Virgin Islands,VGB,1974,0.13846835
British Virgin Islands,VGB,1975,0.13638933
British Virgin Islands,VGB,1976,0.13437049
British Virgin Islands,VGB,1977,0.13265216
British Virgin Islands,VGB,1978,0.13092613
British Virgin Islands,VGB,1979,0.12935573
British Virgin Islands,VGB,1980,0.12758201
British Virgin Islands,VGB,1981,0.12615561
British Virgin Islands,VGB,1982,0.12474036
British Virgin Islands,VGB,1983,0.12352977
British Virgin Islands,VGB,1984,0.122463256
British Virgin Islands,VGB,1985,0.12141332
British Virgin Islands,VGB,1986,0.12030942
British Virgin Islands,VGB,1987,0.11890679
British Virgin Islands,VGB,1988,0.117295995
British Virgin Islands,VGB,1989,0.115465514
British Virgin Islands,VGB,1990,0.113627136
British Virgin Islands,VGB,1991,0.11145866
British Virgin Islands,VGB,1992,0.10949945
British Virgin Islands,VGB,1993,0.10759424
British Virgin Islands,VGB,1994,0.10519442
British Virgin Islands,VGB,1995,0.103001006
British Virgin Islands,VGB,1996,0.101300776
British Virgin Islands,VGB,1997,0.100089274
British Virgin Islands,VGB,1998,0.09923419
British Virgin Islands,VGB,1999,0.098851584
British Virgin Islands,VGB,2000,0.09860656
British Virgin Islands,VGB,2001,0.09822648
British Virgin Islands,VGB,2002,0.097244404
British Virgin Islands,VGB,2003,0.09595622
British Virgin Islands,VGB,2004,0.09429667
British Virgin Islands,VGB,2005,0.09282705
British Virgin Islands,VGB,2006,0.091527686
British Virgin Islands,VGB,2007,0.09047432
British Virgin Islands,VGB,2008,0.08937488
British Virgin Islands,VGB,2009,0.0885683
British Virgin Islands,VGB,2010,0.0880636
British Virgin Islands,VGB,2011,0.08763871
British Virgin Islands,VGB,2012,0.087210774
British Virgin Islands,VGB,2013,0.087068565
British Virgin Islands,VGB,2014,0.086868905
British Virgin Islands,VGB,2015,0.08676638
British Virgin Islands,VGB,2016,0.08661678
British Virgin Islands,VGB,2017,0.098337635
British Virgin Islands,VGB,2018,0.08608992
British Virgin Islands,VGB,2019,0.085764654
British Virgin Islands,VGB,2020,0.08541546
British Virgin Islands,VGB,2021,0.08927001
British Virgin Islands,VGB,2022,0.08458292
British Virgin Islands,VGB,2023,0.084145255
Brunei,BRN,1950,0.31323993
Brunei,BRN,1951,0.3041145
Brunei,BRN,1952,0.29545638
Brunei,BRN,1953,0.28717756
Brunei,BRN,1954,0.2792048
Brunei,BRN,1955,0.27147266
Brunei,BRN,1956,0.264187
Brunei,BRN,1957,0.256749
Brunei,BRN,1958,0.24941899
Brunei,BRN,1959,0.24203187
Brunei,BRN,1960,0.2350922
Brunei,BRN,1961,0.22847712
Brunei,BRN,1962,0.22318996
Brunei,BRN,1963,0.21639624
Brunei,BRN,1964,0.21089655
Brunei,BRN,1965,0.20680355
Brunei,BRN,1966,0.20083861
Brunei,BRN,1967,0.1961405
Brunei,BRN,1968,0.19152112
Brunei,BRN,1969,0.18700524
Brunei,BRN,1970,0.18245326
Brunei,BRN,1971,0.17787082
Brunei,BRN,1972,0.17327002
Brunei,BRN,1973,0.16855949
Brunei,BRN,1974,0.16418806
Brunei,BRN,1975,0.15995109
Brunei,BRN,1976,0.155945
Brunei,BRN,1977,0.15213685
Brunei,BRN,1978,0.14875889
Brunei,BRN,1979,0.1455924
Brunei,BRN,1980,0.14256997
Brunei,BRN,1981,0.1399432
Brunei,BRN,1982,0.13741496
Brunei,BRN,1983,0.13512437
Brunei,BRN,1984,0.13314961
Brunei,BRN,1985,0.13121124
Brunei,BRN,1986,0.12936388
Brunei,BRN,1987,0.12758376
Brunei,BRN,1988,0.12605578
Brunei,BRN,1989,0.12425562
Brunei,BRN,1990,0.122442245
Brunei,BRN,1991,0.12064198
Brunei,BRN,1992,0.11884801
Brunei,BRN,1993,0.11707985
Brunei,BRN,1994,0.11544058
Brunei,BRN,1995,0.1138175
Brunei,BRN,1996,0.112297766
Brunei,BRN,1997,0.11090607
Brunei,BRN,1998,0.109611064
Brunei,BRN,1999,0.10849258
Brunei,BRN,2000,0.10747535
Brunei,BRN,2001,0.10660168
Brunei,BRN,2002,0.105908886
Brunei,BRN,2003,0.10535028
Brunei,BRN,2004,0.1049209
Brunei,BRN,2005,0.10460232
Brunei,BRN,2006,0.10434928
Brunei,BRN,2007,0.104174495
Brunei,BRN,2008,0.104040414
Brunei,BRN,2009,0.10394392
Brunei,BRN,2010,0.10387617
Brunei,BRN,2011,0.10377391
Brunei,BRN,2012,0.10371276
Brunei,BRN,2013,0.10360987
Brunei,BRN,2014,0.10352663
Brunei,BRN,2015,0.10339386
Brunei,BRN,2016,0.103224166
Brunei,BRN,2017,0.10298867
Brunei,BRN,2018,0.102692015
Brunei,BRN,2019,0.10234923
Brunei,BRN,2020,0.101968616
Brunei,BRN,2021,0.10207822
Brunei,BRN,2022,0.1082645
Brunei,BRN,2023,0.10080802
Bulgaria,BGR,1947,0.30120465
Bulgaria,BGR,1948,0.28589588
Bulgaria,BGR,1949,0.25891823
Bulgaria,BGR,1950,0.23336041
Bulgaria,BGR,1951,0.23825915
Bulgaria,BGR,1952,0.23388551
Bulgaria,BGR,1953,0.20037802
Bulgaria,BGR,1954,0.19845273
Bulgaria,BGR,1955,0.19480899
Bulgaria,BGR,1956,0.17945214
Bulgaria,BGR,1957,0.17481887
Bulgaria,BGR,1958,0.15795746
Bulgaria,BGR,1959,0.16103174
Bulgaria,BGR,1960,0.14716588
Bulgaria,BGR,1961,0.13687563
Bulgaria,BGR,1962,0.13186792
Bulgaria,BGR,1963,0.13241993
Bulgaria,BGR,1964,0.12788716
Bulgaria,BGR,1965,0.12217505
Bulgaria,BGR,1966,0.12400555
Bulgaria,BGR,1967,0.124445826
Bulgaria,BGR,1968,0.12221828
Bulgaria,BGR,1969,0.11961522
Bulgaria,BGR,1970,0.116505794
Bulgaria,BGR,1971,0.115207516
Bulgaria,BGR,1972,0.11443459
Bulgaria,BGR,1973,0.11444793
Bulgaria,BGR,1974,0.11339756
Bulgaria,BGR,1975,0.11008617
Bulgaria,BGR,1976,0.11073931
Bulgaria,BGR,1977,0.11082761
Bulgaria,BGR,1978,0.11189141
Bulgaria,BGR,1979,0.10834876
Bulgaria,BGR,1980,0.107667536
Bulgaria,BGR,1981,0.1070475
Bulgaria,BGR,1982,0.10792997
Bulgaria,BGR,1983,0.10442719
Bulgaria,BGR,1984,0.105883166
Bulgaria,BGR,1985,0.10409069
Bulgaria,BGR,1986,0.10200409
Bulgaria,BGR,1987,0.10302253
Bulgaria,BGR,1988,0.1024083
Bulgaria,BGR,1989,0.102718204
Bulgaria,BGR,1990,0.103316866
Bulgaria,BGR,1991,0.10448113
Bulgaria,BGR,1992,0.106513694
Bulgaria,BGR,1993,0.10386786
Bulgaria,BGR,1994,0.106480144
Bulgaria,BGR,1995,0.10408597
Bulgaria,BGR,1996,0.104521975
Bulgaria,BGR,1997,0.108805
Bulgaria,BGR,1998,0.10404726
Bulgaria,BGR,1999,0.10348526
Bulgaria,BGR,2000,0.1022328
Bulgaria,BGR,2001,0.101756446
Bulgaria,BGR,2002,0.10011198
Bulgaria,BGR,2003,0.09837678
Bulgaria,BGR,2004,0.09920205
Bulgaria,BGR,2005,0.09778085
Bulgaria,BGR,2006,0.098738305
Bulgaria,BGR,2007,0.09636854
Bulgaria,BGR,2008,0.095655255
Bulgaria,BGR,2009,0.095152065
Bulgaria,BGR,2010,0.094724275
Bulgaria,BGR,2011,0.09336121
Bulgaria,BGR,2012,0.0913259
Bulgaria,BGR,2013,0.09139537
Bulgaria,BGR,2014,0.0937616
Bulgaria,BGR,2015,0.091807485
Bulgaria,BGR,2016,0.091665365
Bulgaria,BGR,2017,0.091602474
Bulgaria,BGR,2018,0.09245101
Bulgaria,BGR,2019,0.091288164
Bulgaria,BGR,2020,0.09445754
Bulgaria,BGR,2021,0.100527026
Bulgaria,BGR,2022,0.094938464
Bulgaria,BGR,2023,0.08928776
Burkina Faso,BFA,1950,0.5058765
Burkina Faso,BFA,1951,0.5023913
Burkina Faso,BFA,1952,0.4996437
Burkina Faso,BFA,1953,0.49624768
Burkina Faso,BFA,1954,0.4931413
Burkina Faso,BFA,1955,0.48996475
Burkina Faso,BFA,1956,0.48667276
Burkina Faso,BFA,1957,0.4832663
Burkina Faso,BFA,1958,0.47937682
Burkina Faso,BFA,1959,0.47583434
Burkina Faso,BFA,1960,0.47228312
Burkina Faso,BFA,1961,0.46906394
Burkina Faso,BFA,1962,0.46524498
Burkina Faso,BFA,1963,0.46185932
Burkina Faso,BFA,1964,0.45853728
Burkina Faso,BFA,1965,0.45526838
Burkina Faso,BFA,1966,0.451885
Burkina Faso,BFA,1967,0.44876844
Burkina Faso,BFA,1968,0.44557154
Burkina Faso,BFA,1969,0.44292897
Burkina Faso,BFA,1970,0.4375611
Burkina Faso,BFA,1971,0.4342303
Burkina Faso,BFA,1972,0.4293853
Burkina Faso,BFA,1973,0.42374536
Burkina Faso,BFA,1974,0.41614625
Burkina Faso,BFA,1975,0.40807256
Burkina Faso,BFA,1976,0.39955965
Burkina Faso,BFA,1977,0.3905963
Burkina Faso,BFA,1978,0.38191977
Burkina Faso,BFA,1979,0.3744478
Burkina Faso,BFA,1980,0.3664942
Burkina Faso,BFA,1981,0.36250126
Burkina Faso,BFA,1982,0.35496828
Burkina Faso,BFA,1983,0.35067576
Burkina Faso,BFA,1984,0.34647647
Burkina Faso,BFA,1985,0.34321257
Burkina Faso,BFA,1986,0.34032205
Burkina Faso,BFA,1987,0.33839056
Burkina Faso,BFA,1988,0.33716005
Burkina Faso,BFA,1989,0.33625856
Burkina Faso,BFA,1990,0.33543035
Burkina Faso,BFA,1991,0.3346893
Burkina Faso,BFA,1992,0.33352023
Burkina Faso,BFA,1993,0.33246854
Burkina Faso,BFA,1994,0.33118308
Burkina Faso,BFA,1995,0.3295876
Burkina Faso,BFA,1996,0.3273776
Burkina Faso,BFA,1997,0.3278083
Burkina Faso,BFA,1998,0.32137567
Burkina Faso,BFA,1999,0.31774446
Burkina Faso,BFA,2000,0.3137284
Burkina Faso,BFA,2001,0.30945164
Burkina Faso,BFA,2002,0.30649364
Burkina Faso,BFA,2003,0.30114225
Burkina Faso,BFA,2004,0.29477534
Burkina Faso,BFA,2005,0.28786182
Burkina Faso,BFA,2006,0.28199694
Burkina Faso,BFA,2007,0.27595612
Burkina Faso,BFA,2008,0.2676928
Burkina Faso,BFA,2009,0.26178107
Burkina Faso,BFA,2010,0.2560399
Burkina Faso,BFA,2011,0.24921733
Burkina Faso,BFA,2012,0.24435207
Burkina Faso,BFA,2013,0.23960954
Burkina Faso,BFA,2014,0.23497522
Burkina Faso,BFA,2015,0.23029436
Burkina Faso,BFA,2016,0.22612238
Burkina Faso,BFA,2017,0.22190611
Burkina Faso,BFA,2018,0.21786737
Burkina Faso,BFA,2019,0.21457085
Burkina Faso,BFA,2020,0.20981438
Burkina Faso,BFA,2021,0.20953536
Burkina Faso,BFA,2022,0.20548178
Burkina Faso,BFA,2023,0.20189077
Burundi,BDI,1950,0.42440158
Burundi,BDI,1951,0.42104125
Burundi,BDI,1952,0.41834706
Burundi,BDI,1953,0.4158631
Burundi,BDI,1954,0.41338435
Burundi,BDI,1955,0.41088676
Burundi,BDI,1956,0.4082728
Burundi,BDI,1957,0.40584967
Burundi,BDI,1958,0.40337378
Burundi,BDI,1959,0.40125376
Burundi,BDI,1960,0.39932245
Burundi,BDI,1961,0.39911112
Burundi,BDI,1962,0.39788583
Burundi,BDI,1963,0.39693856
Burundi,BDI,1964,0.39657867
Burundi,BDI,1965,0.40575552
Burundi,BDI,1966,0.3974432
Burundi,BDI,1967,0.39907062
Burundi,BDI,1968,0.39921996
Burundi,BDI,1969,0.40187296
Burundi,BDI,1970,0.4005663
Burundi,BDI,1971,0.40120864
Burundi,BDI,1972,0.511715
Burundi,BDI,1973,0.44178557
Burundi,BDI,1974,0.39985394
Burundi,BDI,1975,0.39815065
Burundi,BDI,1976,0.3953531
Burundi,BDI,1977,0.39242783
Burundi,BDI,1978,0.38773668
Burundi,BDI,1979,0.38065767
Burundi,BDI,1980,0.3733856
Burundi,BDI,1981,0.36561418
Burundi,BDI,1982,0.35847142
Burundi,BDI,1983,0.35240895
Burundi,BDI,1984,0.34774297
Burundi,BDI,1985,0.34528762
Burundi,BDI,1986,0.34443623
Burundi,BDI,1987,0.34423336
Burundi,BDI,1988,0.37023127
Burundi,BDI,1989,0.35067695
Burundi,BDI,1990,0.35386464
Burundi,BDI,1991,0.356672
Burundi,BDI,1992,0.3583828
Burundi,BDI,1993,0.40922973
Burundi,BDI,1994,0.35770625
Burundi,BDI,1995,0.35637146
Burundi,BDI,1996,0.35396585
Burundi,BDI,1997,0.3469263
Burundi,BDI,1998,0.33935583
Burundi,BDI,1999,0.332998
Burundi,BDI,2000,0.32907394
Burundi,BDI,2001,0.32124615
Burundi,BDI,2002,0.31268865
Burundi,BDI,2003,0.3049867
Burundi,BDI,2004,0.29562202
Burundi,BDI,2005,0.28792432
Burundi,BDI,2006,0.27948993
Burundi,BDI,2007,0.2713794
Burundi,BDI,2008,0.26372907
Burundi,BDI,2009,0.25614342
Burundi,BDI,2010,0.24985568
Burundi,BDI,2011,0.24307622
Burundi,BDI,2012,0.23653872
Burundi,BDI,2013,0.2301011
Burundi,BDI,2014,0.22436453
Burundi,BDI,2015,0.21933322
Burundi,BDI,2016,0.21386266
Burundi,BDI,2017,0.20869745
Burundi,BDI,2018,0.20445234
Burundi,BDI,2019,0.20072092
Burundi,BDI,2020,0.19535306
Burundi,BDI,2021,0.19532633
Burundi,BDI,2022,0.19096614
Burundi,BDI,2023,0.18675311
Cambodia,KHM,1950,0.42793766
Cambodia,KHM,1951,0.42517394
Cambodia,KHM,1952,0.4218422
Cambodia,KHM,1953,0.41913113
Cambodia,KHM,1954,0.41614693
Cambodia,KHM,1955,0.41234988
Cambodia,KHM,1956,0.4095775
Cambodia,KHM,1957,0.405644
Cambodia,KHM,1958,0.40201855
Cambodia,KHM,1959,0.3974396
Cambodia,KHM,1960,0.3924928
Cambodia,KHM,1961,0.387792
Cambodia,KHM,1962,0.38284168
Cambodia,KHM,1963,0.37807357
Cambodia,KHM,1964,0.37338614
Cambodia,KHM,1965,0.3688135
Cambodia,KHM,1966,0.36439788
Cambodia,KHM,1967,0.35945514
Cambodia,KHM,1968,0.35592595
Cambodia,KHM,1969,0.352189
Cambodia,KHM,1970,0.35422212
Cambodia,KHM,1971,0.35201094
Cambodia,KHM,1972,0.34985262
Cambodia,KHM,1973,0.34904546
Cambodia,KHM,1974,0.34739748
Cambodia,KHM,1975,0.52663904
Cambodia,KHM,1976,0.5338716
Cambodia,KHM,1977,0.5342377
Cambodia,KHM,1978,0.53065264
Cambodia,KHM,1979,0.33233306
Cambodia,KHM,1980,0.32221216
Cambodia,KHM,1981,0.3171227
Cambodia,KHM,1982,0.3102182
Cambodia,KHM,1983,0.30458814
Cambodia,KHM,1984,0.29800603
Cambodia,KHM,1985,0.29155877
Cambodia,KHM,1986,0.28515542
Cambodia,KHM,1987,0.27807084
Cambodia,KHM,1988,0.27305946
Cambodia,KHM,1989,0.26873904
Cambodia,KHM,1990,0.26508814
Cambodia,KHM,1991,0.2642873
Cambodia,KHM,1992,0.2630085
Cambodia,KHM,1993,0.26215938
Cambodia,KHM,1994,0.26189777
Cambodia,KHM,1995,0.25906172
Cambodia,KHM,1996,0.2576301
Cambodia,KHM,1997,0.25440818
Cambodia,KHM,1998,0.24964052
Cambodia,KHM,1999,0.2426463
Cambodia,KHM,2000,0.23433489
Cambodia,KHM,2001,0.22461829
Cambodia,KHM,2002,0.21454062
Cambodia,KHM,2003,0.20507994
Cambodia,KHM,2004,0.19728678
Cambodia,KHM,2005,0.1899541
Cambodia,KHM,2006,0.18291591
Cambodia,KHM,2007,0.17715044
Cambodia,KHM,2008,0.171508
Cambodia,KHM,2009,0.1658682
Cambodia,KHM,2010,0.16068979
Cambodia,KHM,2011,0.15568903
Cambodia,KHM,2012,0.15060589
Cambodia,KHM,2013,0.14688861
Cambodia,KHM,2014,0.14350267
Cambodia,KHM,2015,0.14080559
Cambodia,KHM,2016,0.13854219
Cambodia,KHM,2017,0.13657278
Cambodia,KHM,2018,0.13490543
Cambodia,KHM,2019,0.13341354
Cambodia,KHM,2020,0.13177179
Cambodia,KHM,2021,0.1328754
Cambodia,KHM,2022,0.12914883
Cambodia,KHM,2023,0.12800387
Cameroon,CMR,1950,0.5119134
Cameroon,CMR,1951,0.50498825
Cameroon,CMR,1952,0.49828112
Cameroon,CMR,1953,0.4905969
Cameroon,CMR,1954,0.48209822
Cameroon,CMR,1955,0.47294402
Cameroon,CMR,1956,0.46336797
Cameroon,CMR,1957,0.4541684
Cameroon,CMR,1958,0.44497234
Cameroon,CMR,1959,0.4365794
Cameroon,CMR,1960,0.43314493
Cameroon,CMR,1961,0.4266606
Cameroon,CMR,1962,0.41601157
Cameroon,CMR,1963,0.41020268
Cameroon,CMR,1964,0.4043481
Cameroon,CMR,1965,0.39789563
Cameroon,CMR,1966,0.3908342
Cameroon,CMR,1967,0.38291797
Cameroon,CMR,1968,0.37478542
Cameroon,CMR,1969,0.36668515
Cameroon,CMR,1970,0.35859442
Cameroon,CMR,1971,0.35215962
Cameroon,CMR,1972,0.3457318
Cameroon,CMR,1973,0.34057075
Cameroon,CMR,1974,0.3371378
Cameroon,CMR,1975,0.33458045
Cameroon,CMR,1976,0.33222434
Cameroon,CMR,1977,0.3299675
Cameroon,CMR,1978,0.3271676
Cameroon,CMR,1979,0.32373282
Cameroon,CMR,1980,0.31954482
Cameroon,CMR,1981,0.31436256
Cameroon,CMR,1982,0.30822888
Cameroon,CMR,1983,0.30168414
Cameroon,CMR,1984,0.29587707
Cameroon,CMR,1985,0.29018295
Cameroon,CMR,1986,0.28855553
Cameroon,CMR,1987,0.2820146
Cameroon,CMR,1988,0.2798703
Cameroon,CMR,1989,0.27896088
Cameroon,CMR,1990,0.279027
Cameroon,CMR,1991,0.2805957
Cameroon,CMR,1992,0.28161672
Cameroon,CMR,1993,0.2834355
Cameroon,CMR,1994,0.28639412
Cameroon,CMR,1995,0.28824383
Cameroon,CMR,1996,0.28992116
Cameroon,CMR,1997,0.29013535
Cameroon,CMR,1998,0.29092792
Cameroon,CMR,1999,0.29011714
Cameroon,CMR,2000,0.2888479
Cameroon,CMR,2001,0.28640312
Cameroon,CMR,2002,0.28285214
Cameroon,CMR,2003,0.27908128
Cameroon,CMR,2004,0.27547228
Cameroon,CMR,2005,0.27211738
Cameroon,CMR,2006,0.26728144
Cameroon,CMR,2007,0.26277408
Cameroon,CMR,2008,0.25816903
Cameroon,CMR,2009,0.2534964
Cameroon,CMR,2010,0.24845558
Cameroon,CMR,2011,0.24310577
Cameroon,CMR,2012,0.23576215
Cameroon,CMR,2013,0.22976625
Cameroon,CMR,2014,0.22437562
Cameroon,CMR,2015,0.21884425
Cameroon,CMR,2016,0.21315925
Cameroon,CMR,2017,0.20800567
Cameroon,CMR,2018,0.20344633
Cameroon,CMR,2019,0.19899383
Cameroon,CMR,2020,0.1938168
Cameroon,CMR,2021,0.19430421
Cameroon,CMR,2022,0.18758537
Cameroon,CMR,2023,0.18066475
Canada,CAN,1921,0.27006438
Canada,CAN,1922,0.26735362
Canada,CAN,1923,0.26494813
Canada,CAN,1924,0.25297585
Canada,CAN,1925,0.24528357
Canada,CAN,1926,0.25394985
Canada,CAN,1927,0.25059652
Canada,CAN,1928,0.2459016
Canada,CAN,1929,0.25169498
Canada,CAN,1930,0.24628368
Canada,CAN,1931,0.23498163
Canada,CAN,1932,0.21893321
Canada,CAN,1933,0.21130313
Canada,CAN,1934,0.2093571
Canada,CAN,1935,0.21004449
Canada,CAN,1936,0.20784801
Canada,CAN,1937,0.22008017
Canada,CAN,1938,0.20123467
Canada,CAN,1939,0.19263814
Canada,CAN,1940,0.1896707
Canada,CAN,1941,0.18995143
Canada,CAN,1942,0.18418096
Canada,CAN,1943,0.18048848
Canada,CAN,1944,0.17845513
Canada,CAN,1945,0.1704182
Canada,CAN,1946,0.16969687
Canada,CAN,1947,0.16315882
Canada,CAN,1948,0.15715651
Canada,CAN,1949,0.15352099
Canada,CAN,1950,0.14693572
Canada,CAN,1951,0.14345585
Canada,CAN,1952,0.14401163
Canada,CAN,1953,0.13886832
Canada,CAN,1954,0.13417867
Canada,CAN,1955,0.13195436
Canada,CAN,1956,0.13249686
Canada,CAN,1957,0.13168278
Canada,CAN,1958,0.12700386
Canada,CAN,1959,0.12468302
Canada,CAN,1960,0.122861646
Canada,CAN,1961,0.12142336
Canada,CAN,1962,0.122398674
Canada,CAN,1963,0.12042503
Canada,CAN,1964,0.11923699
Canada,CAN,1965,0.11772558
Canada,CAN,1966,0.11765262
Canada,CAN,1967,0.11760236
Canada,CAN,1968,0.11594742
Canada,CAN,1969,0.115513034
Canada,CAN,1970,0.11525704
Canada,CAN,1971,0.11241661
Canada,CAN,1972,0.112736285
Canada,CAN,1973,0.11112044
Canada,CAN,1974,0.110459514
Canada,CAN,1975,0.11026726
Canada,CAN,1976,0.106879786
Canada,CAN,1977,0.10732081
Canada,CAN,1978,0.10594711
Canada,CAN,1979,0.10561513
Canada,CAN,1980,0.10383273
Canada,CAN,1981,0.10254919
Canada,CAN,1982,0.100459024
Canada,CAN,1983,0.09948039
Canada,CAN,1984,0.098332725
Canada,CAN,1985,0.098052375
Canada,CAN,1986,0.09709845
Canada,CAN,1987,0.09598315
Canada,CAN,1988,0.09509706
Canada,CAN,1989,0.09537244
Canada,CAN,1990,0.094063014
Canada,CAN,1991,0.09342893
Canada,CAN,1992,0.093069844
Canada,CAN,1993,0.0926108
Canada,CAN,1994,0.092240505
Canada,CAN,1995,0.09174776
Canada,CAN,1996,0.09073701
Canada,CAN,1997,0.08953118
Canada,CAN,1998,0.088849954
Canada,CAN,1999,0.08828707
Canada,CAN,2000,0.08807768
Canada,CAN,2001,0.08760428
Canada,CAN,2002,0.08781683
Canada,CAN,2003,0.08722839
Canada,CAN,2004,0.08671716
Canada,CAN,2005,0.086937204
Canada,CAN,2006,0.08633846
Canada,CAN,2007,0.08590712
Canada,CAN,2008,0.086028025
Canada,CAN,2009,0.08577153
Canada,CAN,2010,0.08465748
Canada,CAN,2011,0.08438436
Canada,CAN,2012,0.08484658
Canada,CAN,2013,0.084388696
Canada,CAN,2014,0.08417465
Canada,CAN,2015,0.08435301
Canada,CAN,2016,0.085306264
Canada,CAN,2017,0.08445255
Canada,CAN,2018,0.084465116
Canada,CAN,2019,0.08339588
Canada,CAN,2020,0.08488961
Canada,CAN,2021,0.08419045
Canada,CAN,2022,0.08594867
Canada,CAN,2023,0.08222823
Cape Verde,CPV,1950,0.3684344
Cape Verde,CPV,1951,0.36216748
Cape Verde,CPV,1952,0.35603407
Cape Verde,CPV,1953,0.35284892
Cape Verde,CPV,1954,0.3499309
Cape Verde,CPV,1955,0.3472215
Cape Verde,CPV,1956,0.34460014
Cape Verde,CPV,1957,0.34174654
Cape Verde,CPV,1958,0.3385255
Cape Verde,CPV,1959,0.33463115
Cape Verde,CPV,1960,0.32996023
Cape Verde,CPV,1961,0.32422662
Cape Verde,CPV,1962,0.31758443
Cape Verde,CPV,1963,0.30995834
Cape Verde,CPV,1964,0.3019333
Cape Verde,CPV,1965,0.29365483
Cape Verde,CPV,1966,0.28581533
Cape Verde,CPV,1967,0.27852082
Cape Verde,CPV,1968,0.2718689
Cape Verde,CPV,1969,0.2656743
Cape Verde,CPV,1970,0.2598349
Cape Verde,CPV,1971,0.25411436
Cape Verde,CPV,1972,0.24817283
Cape Verde,CPV,1973,0.24154773
Cape Verde,CPV,1974,0.23536213
Cape Verde,CPV,1975,0.2284574
Cape Verde,CPV,1976,0.22289708
Cape Verde,CPV,1977,0.21591903
Cape Verde,CPV,1978,0.21115242
Cape Verde,CPV,1979,0.20706612
Cape Verde,CPV,1980,0.20360263
Cape Verde,CPV,1981,0.20039529
Cape Verde,CPV,1982,0.19755729
Cape Verde,CPV,1983,0.19436026
Cape Verde,CPV,1984,0.19335598
Cape Verde,CPV,1985,0.18777956
Cape Verde,CPV,1986,0.18395014
Cape Verde,CPV,1987,0.17990308
Cape Verde,CPV,1988,0.17581001
Cape Verde,CPV,1989,0.17181273
Cape Verde,CPV,1990,0.16805002
Cape Verde,CPV,1991,0.16482481
Cape Verde,CPV,1992,0.16180961
Cape Verde,CPV,1993,0.15879922
Cape Verde,CPV,1994,0.15614934
Cape Verde,CPV,1995,0.16543548
Cape Verde,CPV,1996,0.1473155
Cape Verde,CPV,1997,0.14226982
Cape Verde,CPV,1998,0.13774845
Cape Verde,CPV,1999,0.1331937
Cape Verde,CPV,2000,0.12911505
Cape Verde,CPV,2001,0.12626679
Cape Verde,CPV,2002,0.12287872
Cape Verde,CPV,2003,0.12006087
Cape Verde,CPV,2004,0.11762047
Cape Verde,CPV,2005,0.11459984
Cape Verde,CPV,2006,0.11259488
Cape Verde,CPV,2007,0.11157251
Cape Verde,CPV,2008,0.1087568
Cape Verde,CPV,2009,0.10700345
Cape Verde,CPV,2010,0.105686635
Cape Verde,CPV,2011,0.102468096
Cape Verde,CPV,2012,0.100016
Cape Verde,CPV,2013,0.09908355
Cape Verde,CPV,2014,0.09764796
Cape Verde,CPV,2015,0.09632383
Cape Verde,CPV,2016,0.09515244
Cape Verde,CPV,2017,0.0936217
Cape Verde,CPV,2018,0.09306191
Cape Verde,CPV,2019,0.09034268
Cape Verde,CPV,2020,0.09524563
Cape Verde,CPV,2021,0.09139897
Cape Verde,CPV,2022,0.0885825
Cape Verde,CPV,2023,0.0879485
Cayman Islands,CYM,1950,0.2647603
Cayman Islands,CYM,1951,0.26017928
Cayman Islands,CYM,1952,0.25568053
Cayman Islands,CYM,1953,0.2512497
Cayman Islands,CYM,1954,0.24666704
Cayman Islands,CYM,1955,0.24208379
Cayman Islands,CYM,1956,0.2377653
Cayman Islands,CYM,1957,0.23344405
Cayman Islands,CYM,1958,0.22894934
Cayman Islands,CYM,1959,0.22422248
Cayman Islands,CYM,1960,0.21936974
Cayman Islands,CYM,1961,0.21381326
Cayman Islands,CYM,1962,0.20813662
Cayman Islands,CYM,1963,0.20229149
Cayman Islands,CYM,1964,0.19665827
Cayman Islands,CYM,1965,0.1910686
Cayman Islands,CYM,1966,0.18459743
Cayman Islands,CYM,1967,0.18188989
Cayman Islands,CYM,1968,0.17919923
Cayman Islands,CYM,1969,0.1762172
Cayman Islands,CYM,1970,0.17266057
Cayman Islands,CYM,1971,0.1684341
Cayman Islands,CYM,1972,0.16362101
Cayman Islands,CYM,1973,0.1584572
Cayman Islands,CYM,1974,0.15320252
Cayman Islands,CYM,1975,0.1483434
Cayman Islands,CYM,1976,0.14406134
Cayman Islands,CYM,1977,0.14026646
Cayman Islands,CYM,1978,0.13697025
Cayman Islands,CYM,1979,0.13395895
Cayman Islands,CYM,1980,0.1311138
Cayman Islands,CYM,1981,0.12853079
Cayman Islands,CYM,1982,0.12613383
Cayman Islands,CYM,1983,0.12401987
Cayman Islands,CYM,1984,0.12250197
Cayman Islands,CYM,1985,0.12099537
Cayman Islands,CYM,1986,0.119760536
Cayman Islands,CYM,1987,0.11872752
Cayman Islands,CYM,1988,0.117836155
Cayman Islands,CYM,1989,0.11702088
Cayman Islands,CYM,1990,0.11622621
Cayman Islands,CYM,1991,0.11538544
Cayman Islands,CYM,1992,0.1144807
Cayman Islands,CYM,1993,0.11355242
Cayman Islands,CYM,1994,0.11262517
Cayman Islands,CYM,1995,0.11162277
Cayman Islands,CYM,1996,0.1110262
Cayman Islands,CYM,1997,0.11046419
Cayman Islands,CYM,1998,0.1100716
Cayman Islands,CYM,1999,0.10989053
Cayman Islands,CYM,2000,0.10985671
Cayman Islands,CYM,2001,0.10983767
Cayman Islands,CYM,2002,0.10982324
Cayman Islands,CYM,2003,0.10967598
Cayman Islands,CYM,2004,0.11091727
Cayman Islands,CYM,2005,0.10863723
Cayman Islands,CYM,2006,0.1081503
Cayman Islands,CYM,2007,0.10791439
Cayman Islands,CYM,2008,0.10770613
Cayman Islands,CYM,2009,0.1074564
Cayman Islands,CYM,2010,0.10667169
Cayman Islands,CYM,2011,0.10528083
Cayman Islands,CYM,2012,0.103141084
Cayman Islands,CYM,2013,0.10044723
Cayman Islands,CYM,2014,0.10032159
Cayman Islands,CYM,2015,0.09989394
Cayman Islands,CYM,2016,0.09935987
Cayman Islands,CYM,2017,0.09893923
Cayman Islands,CYM,2018,0.09863558
Cayman Islands,CYM,2019,0.09821917
Cayman Islands,CYM,2020,0.097927995
Cayman Islands,CYM,2021,0.097949214
Cayman Islands,CYM,2022,0.09679338
Cayman Islands,CYM,2023,0.09620169
Central African Republic,CAF,1950,0.47052938
Central African Republic,CAF,1951,0.4668021
Central African Republic,CAF,1952,0.4630728
Central African Republic,CAF,1953,0.45932063
Central African Republic,CAF,1954,0.45551416
Central African Republic,CAF,1955,0.45171338
Central African Republic,CAF,1956,0.44803295
Central African Republic,CAF,1957,0.44421953
Central African Republic,CAF,1958,0.44025418
Central African Republic,CAF,1959,0.43613216
Central African Republic,CAF,1960,0.43156877
Central African Republic,CAF,1961,0.4266938
Central African Republic,CAF,1962,0.42158964
Central African Republic,CAF,1963,0.4162401
Central African Republic,CAF,1964,0.4106714
Central African Republic,CAF,1965,0.40502423
Central African Republic,CAF,1966,0.39920142
Central African Republic,CAF,1967,0.39326862
Central African Republic,CAF,1968,0.38729954
Central African Republic,CAF,1969,0.3813766
Central African Republic,CAF,1970,0.37553537
Central African Republic,CAF,1971,0.36993065
Central African Republic,CAF,1972,0.36455077
Central African Republic,CAF,1973,0.35943878
Central African Republic,CAF,1974,0.3544681
Central African Republic,CAF,1975,0.3497675
Central African Republic,CAF,1976,0.3452507
Central African Republic,CAF,1977,0.34100944
Central African Republic,CAF,1978,0.3370388
Central African Republic,CAF,1979,0.33338845
Central African Republic,CAF,1980,0.33010468
Central African Republic,CAF,1981,0.3272324
Central African Republic,CAF,1982,0.3247965
Central African Republic,CAF,1983,0.3228278
Central African Republic,CAF,1984,0.32140478
Central African Republic,CAF,1985,0.32050967
Central African Republic,CAF,1986,0.32004398
Central African Republic,CAF,1987,0.31996632
Central African Republic,CAF,1988,0.3202449
Central African Republic,CAF,1989,0.32085925
Central African Republic,CAF,1990,0.3217077
Central African Republic,CAF,1991,0.32290623
Central African Republic,CAF,1992,0.3247056
Central African Republic,CAF,1993,0.3256574
Central African Republic,CAF,1994,0.32730618
Central African Republic,CAF,1995,0.32893836
Central African Republic,CAF,1996,0.3302021
Central African Republic,CAF,1997,0.33175328
Central African Republic,CAF,1998,0.33219823
Central African Republic,CAF,1999,0.33210206
Central African Republic,CAF,2000,0.33319336
Central African Republic,CAF,2001,0.33129275
Central African Republic,CAF,2002,0.3284764
Central African Republic,CAF,2003,0.3252887
Central African Republic,CAF,2004,0.3217712
Central African Republic,CAF,2005,0.3173499
Central African Republic,CAF,2006,0.31281748
Central African Republic,CAF,2007,0.3080548
Central African Republic,CAF,2008,0.3030561
Central African Republic,CAF,2009,0.59501135
Central African Republic,CAF,2010,0.31504777
Central African Republic,CAF,2011,0.29642633
Central African Republic,CAF,2012,0.28831628
Central African Republic,CAF,2013,0.2942937
Central African Republic,CAF,2014,0.34763283
Central African Republic,CAF,2015,0.28012747
Central African Republic,CAF,2016,0.282855
Central African Republic,CAF,2017,0.31276459
Central African Republic,CAF,2018,0.27252182
Central African Republic,CAF,2019,0.40992495
Central African Republic,CAF,2020,0.27495208
Central African Republic,CAF,2021,0.336191
Central African Republic,CAF,2022,0.5400152
Central African Republic,CAF,2023,0.24027263
Chad,TCD,1950,0.4742456
Chad,TCD,1951,0.47167498
Chad,TCD,1952,0.4687587
Chad,TCD,1953,0.46584976
Chad,TCD,1954,0.46253896
Chad,TCD,1955,0.4592379
Chad,TCD,1956,0.4558015
Chad,TCD,1957,0.45237067
Chad,TCD,1958,0.44893387
Chad,TCD,1959,0.44594175
Chad,TCD,1960,0.44265273
Chad,TCD,1961,0.43994907
Chad,TCD,1962,0.43742105
Chad,TCD,1963,0.43413988
Chad,TCD,1964,0.43119332
Chad,TCD,1965,0.42916504
Chad,TCD,1966,0.4239633
Chad,TCD,1967,0.42058444
Chad,TCD,1968,0.4170362
Chad,TCD,1969,0.41364384
Chad,TCD,1970,0.40954888
Chad,TCD,1971,0.4133343
Chad,TCD,1972,0.40351424
Chad,TCD,1973,0.40209073
Chad,TCD,1974,0.39987567
Chad,TCD,1975,0.3974867
Chad,TCD,1976,0.39465982
Chad,TCD,1977,0.39278522
Chad,TCD,1978,0.39060286
Chad,TCD,1979,0.38837644
Chad,TCD,1980,0.38575006
Chad,TCD,1981,0.38485715
Chad,TCD,1982,0.3808175
Chad,TCD,1983,0.37597325
Chad,TCD,1984,0.37267667
Chad,TCD,1985,0.3708249
Chad,TCD,1986,0.3644307
Chad,TCD,1987,0.3648569
Chad,TCD,1988,0.36231315
Chad,TCD,1989,0.35911673
Chad,TCD,1990,0.35868233
Chad,TCD,1991,0.3597094
Chad,TCD,1992,0.35744804
Chad,TCD,1993,0.35657674
Chad,TCD,1994,0.35602334
Chad,TCD,1995,0.35332435
Chad,TCD,1996,0.35228083
Chad,TCD,1997,0.3495924
Chad,TCD,1998,0.34903508
Chad,TCD,1999,0.34721237
Chad,TCD,2000,0.3462159
Chad,TCD,2001,0.34345707
Chad,TCD,2002,0.3414022
Chad,TCD,2003,0.33887917
Chad,TCD,2004,0.33690515
Chad,TCD,2005,0.33482295
Chad,TCD,2006,0.33307543
Chad,TCD,2007,0.32893693
Chad,TCD,2008,0.3263431
Chad,TCD,2009,0.32317638
Chad,TCD,2010,0.32003552
Chad,TCD,2011,0.31662604
Chad,TCD,2012,0.31303248
Chad,TCD,2013,0.30958667
Chad,TCD,2014,0.3066766
Chad,TCD,2015,0.30376485
Chad,TCD,2016,0.3005587
Chad,TCD,2017,0.2963671
Chad,TCD,2018,0.2908825
Chad,TCD,2019,0.28519458
Chad,TCD,2020,0.2781045
Chad,TCD,2021,0.27510774
Chad,TCD,2022,0.26823393
Chad,TCD,2023,0.26331204
Chile,CHL,1950,0.27710053
Chile,CHL,1951,0.27400732
Chile,CHL,1952,0.2708745
Chile,CHL,1953,0.26780635
Chile,CHL,1954,0.26447117
Chile,CHL,1955,0.26027504
Chile,CHL,1956,0.25751522
Chile,CHL,1957,0.25451916
Chile,CHL,1958,0.25222448
Chile,CHL,1959,0.24887447
Chile,CHL,1960,0.24645685
Chile,CHL,1961,0.24345124
Chile,CHL,1962,0.24059439
Chile,CHL,1963,0.2343293
Chile,CHL,1964,0.2301996
Chile,CHL,1965,0.22258508
Chile,CHL,1966,0.21453619
Chile,CHL,1967,0.20492058
Chile,CHL,1968,0.1972495
Chile,CHL,1969,0.18931924
Chile,CHL,1970,0.18406093
Chile,CHL,1971,0.17835641
Chile,CHL,1972,0.1733881
Chile,CHL,1973,0.16768858
Chile,CHL,1974,0.1626054
Chile,CHL,1975,0.15538475
Chile,CHL,1976,0.14966719
Chile,CHL,1977,0.14320481
Chile,CHL,1978,0.13768682
Chile,CHL,1979,0.13176629
Chile,CHL,1980,0.12669174
Chile,CHL,1981,0.12290785
Chile,CHL,1982,0.11886026
Chile,CHL,1983,0.11521871
Chile,CHL,1984,0.11199716
Chile,CHL,1985,0.10980651
Chile,CHL,1986,0.10829849
Chile,CHL,1987,0.1076621
Chile,CHL,1988,0.10699153
Chile,CHL,1989,0.10660531
Chile,CHL,1990,0.10407201
Chile,CHL,1991,0.10385635
Chile,CHL,1992,0.102847956
Chile,CHL,1993,0.101831526
Chile,CHL,1994,0.100813754
Chile,CHL,1995,0.099707246
Chile,CHL,1996,0.09697613
Chile,CHL,1997,0.09608546
Chile,CHL,1998,0.095410295
Chile,CHL,1999,0.09529168
Chile,CHL,2000,0.095177166
Chile,CHL,2001,0.095311925
Chile,CHL,2002,0.095837794
Chile,CHL,2003,0.09258449
Chile,CHL,2004,0.09272058
Chile,CHL,2005,0.09413446
Chile,CHL,2006,0.09428569
Chile,CHL,2007,0.094258316
Chile,CHL,2008,0.09424602
Chile,CHL,2009,0.0958501
Chile,CHL,2010,0.09580198
Chile,CHL,2011,0.094486
Chile,CHL,2012,0.09312557
Chile,CHL,2013,0.09332134
Chile,CHL,2014,0.0933747
Chile,CHL,2015,0.09322694
Chile,CHL,2016,0.0931446
Chile,CHL,2017,0.09294183
Chile,CHL,2018,0.092720345
Chile,CHL,2019,0.09268079
Chile,CHL,2020,0.08962736
Chile,CHL,2021,0.09325274
Chile,CHL,2022,0.09253863
Chile,CHL,2023,0.08972519
China,CHN,1950,0.36259282
China,CHN,1951,0.35604477
China,CHN,1952,0.34815103
China,CHN,1953,0.34485963
China,CHN,1954,0.3354407
China,CHN,1955,0.32844892
China,CHN,1956,0.32262015
China,CHN,1957,0.31651276
China,CHN,1958,0.31109548
China,CHN,1959,0.406933
China,CHN,1960,0.48588175
China,CHN,1961,0.4083663
China,CHN,1962,0.28793946
China,CHN,1963,0.28195053
China,CHN,1964,0.27606302
China,CHN,1965,0.270063
China,CHN,1966,0.26490492
China,CHN,1967,0.25899705
China,CHN,1968,0.25280526
China,CHN,1969,0.24647444
China,CHN,1970,0.2399144
China,CHN,1971,0.23300484
China,CHN,1972,0.22606549
China,CHN,1973,0.21863967
China,CHN,1974,0.21208996
China,CHN,1975,0.2056495
China,CHN,1976,0.20441358
China,CHN,1977,0.19256257
China,CHN,1978,0.18717927
China,CHN,1979,0.18222153
China,CHN,1980,0.17789012
China,CHN,1981,0.1737508
China,CHN,1982,0.17021881
China,CHN,1983,0.16702212
China,CHN,1984,0.16425747
China,CHN,1985,0.16188453
China,CHN,1986,0.15972129
China,CHN,1987,0.15765576
China,CHN,1988,0.15586717
China,CHN,1989,0.15419453
China,CHN,1990,0.15277469
China,CHN,1991,0.15062211
China,CHN,1992,0.1483507
China,CHN,1993,0.14579448
China,CHN,1994,0.14331374
China,CHN,1995,0.14044553
China,CHN,1996,0.13760674
China,CHN,1997,0.1348013
China,CHN,1998,0.13206168
China,CHN,1999,0.12932087
China,CHN,2000,0.12647177
China,CHN,2001,0.12350837
China,CHN,2002,0.12062847
China,CHN,2003,0.11775515
China,CHN,2004,0.115035295
China,CHN,2005,0.11232216
China,CHN,2006,0.10987718
China,CHN,2007,0.10750595
China,CHN,2008,0.107291974
China,CHN,2009,0.10332089
China,CHN,2010,0.10152214
China,CHN,2011,0.09955345
China,CHN,2012,0.097760595
China,CHN,2013,0.096225746
China,CHN,2014,0.09467957
China,CHN,2015,0.09319591
China,CHN,2016,0.09183659
China,CHN,2017,0.090588585
China,CHN,2018,0.08927441
China,CHN,2019,0.08824697
China,CHN,2020,0.08714318
China,CHN,2021,0.08560768
China,CHN,2022,0.08562948
China,CHN,2023,0.085265584
Colombia,COL,1950,0.33082375
Colombia,COL,1951,0.32379493
Colombia,COL,1952,0.31531176
Colombia,COL,1953,0.30720678
Colombia,COL,1954,0.30042893
Colombia,COL,1955,0.29368013
Colombia,COL,1956,0.287547
Colombia,COL,1957,0.27612418
Colombia,COL,1958,0.269848
Colombia,COL,1959,0.26072392
Colombia,COL,1960,0.25385016
Colombia,COL,1961,0.248143
Colombia,COL,1962,0.24322782
Colombia,COL,1963,0.23804827
Colombia,COL,1964,0.23328984
Colombia,COL,1965,0.22871
Colombia,COL,1966,0.22414482
Colombia,COL,1967,0.21969756
Colombia,COL,1968,0.21512541
Colombia,COL,1969,0.21129912
Colombia,COL,1970,0.20810321
Colombia,COL,1971,0.20449983
Colombia,COL,1972,0.20022349
Colombia,COL,1973,0.19630197
Colombia,COL,1974,0.19269377
Colombia,COL,1975,0.18853153
Colombia,COL,1976,0.18443933
Colombia,COL,1977,0.1789633
Colombia,COL,1978,0.17379895
Colombia,COL,1979,0.17004827
Colombia,COL,1980,0.16629712
Colombia,COL,1981,0.16380858
Colombia,COL,1982,0.16162542
Colombia,COL,1983,0.15872405
Colombia,COL,1984,0.15276524
Colombia,COL,1985,0.17039925
Colombia,COL,1986,0.147917
Colombia,COL,1987,0.1463544
Colombia,COL,1988,0.1433466
Colombia,COL,1989,0.14058103
Colombia,COL,1990,0.13871565
Colombia,COL,1991,0.1368551
Colombia,COL,1992,0.13496834
Colombia,COL,1993,0.13300546
Colombia,COL,1994,0.13122383
Colombia,COL,1995,0.12892357
Colombia,COL,1996,0.12719417
Colombia,COL,1997,0.1259606
Colombia,COL,1998,0.125306
Colombia,COL,1999,0.124729574
Colombia,COL,2000,0.12253417
Colombia,COL,2001,0.12075577
Colombia,COL,2002,0.11948962
Colombia,COL,2003,0.11679002
Colombia,COL,2004,0.11475392
Colombia,COL,2005,0.1129052
Colombia,COL,2006,0.11116293
Colombia,COL,2007,0.10960465
Colombia,COL,2008,0.108273625
Colombia,COL,2009,0.1066218
Colombia,COL,2010,0.10541083
Colombia,COL,2011,0.10370862
Colombia,COL,2012,0.10232324
Colombia,COL,2013,0.101421885
Colombia,COL,2014,0.100518726
Colombia,COL,2015,0.10002265
Colombia,COL,2016,0.09939495
Colombia,COL,2017,0.0995239
Colombia,COL,2018,0.098928265
Colombia,COL,2019,0.097949125
Colombia,COL,2020,0.1025258
Colombia,COL,2021,0.10998729
Colombia,COL,2022,0.09685834
Colombia,COL,2023,0.09353878
Comoros,COM,1950,0.45930585
Comoros,COM,1951,0.49238274
Comoros,COM,1952,0.4518117
Comoros,COM,1953,0.4481082
Comoros,COM,1954,0.4443974
Comoros,COM,1955,0.44040534
Comoros,COM,1956,0.43661726
Comoros,COM,1957,0.432552
Comoros,COM,1958,0.42849264
Comoros,COM,1959,0.42414966
Comoros,COM,1960,0.42049968
Comoros,COM,1961,0.41629046
Comoros,COM,1962,0.41194722
Comoros,COM,1963,0.40759784
Comoros,COM,1964,0.40331134
Comoros,COM,1965,0.398904
Comoros,COM,1966,0.39418232
Comoros,COM,1967,0.3893421
Comoros,COM,1968,0.38422287
Comoros,COM,1969,0.37879592
Comoros,COM,1970,0.3730643
Comoros,COM,1971,0.3671141
Comoros,COM,1972,0.36107525
Comoros,COM,1973,0.3552774
Comoros,COM,1974,0.34946984
Comoros,COM,1975,0.35555884
Comoros,COM,1976,0.33865857
Comoros,COM,1977,0.33314386
Comoros,COM,1978,0.3274296
Comoros,COM,1979,0.32180488
Comoros,COM,1980,0.3157365
Comoros,COM,1981,0.31001672
Comoros,COM,1982,0.30434498
Comoros,COM,1983,0.30051848
Comoros,COM,1984,0.29349786
Comoros,COM,1985,0.28846437
Comoros,COM,1986,0.28349283
Comoros,COM,1987,0.2800269
Comoros,COM,1988,0.27467194
Comoros,COM,1989,0.2703171
Comoros,COM,1990,0.26521137
Comoros,COM,1991,0.2600888
Comoros,COM,1992,0.25477222
Comoros,COM,1993,0.24940906
Comoros,COM,1994,0.24408042
Comoros,COM,1995,0.23943701
Comoros,COM,1996,0.23537834
Comoros,COM,1997,0.23157048
Comoros,COM,1998,0.23193741
Comoros,COM,1999,0.22708453
Comoros,COM,2000,0.22613089
Comoros,COM,2001,0.22004183
Comoros,COM,2002,0.21866782
Comoros,COM,2003,0.2138845
Comoros,COM,2004,0.21087602
Comoros,COM,2005,0.20783377
Comoros,COM,2006,0.20459045
Comoros,COM,2007,0.20225127
Comoros,COM,2008,0.19782811
Comoros,COM,2009,0.19456333
Comoros,COM,2010,0.19083022
Comoros,COM,2011,0.18748075
Comoros,COM,2012,0.18408445
Comoros,COM,2013,0.18059598
Comoros,COM,2014,0.17735778
Comoros,COM,2015,0.17419185
Comoros,COM,2016,0.1711354
Comoros,COM,2017,0.16818073
Comoros,COM,2018,0.16534425
Comoros,COM,2019,0.1629457
Comoros,COM,2020,0.15936975
Comoros,COM,2021,0.16008332
Comoros,COM,2022,0.15528852
Comoros,COM,2023,0.15289746
Congo,COG,1950,0.43619314
Congo,COG,1951,0.42787725
Congo,COG,1952,0.41951624
Congo,COG,1953,0.41094634
Congo,COG,1954,0.40246558
Congo,COG,1955,0.39333883
Congo,COG,1956,0.38390744
Congo,COG,1957,0.37460208
Congo,COG,1958,0.36534497
Congo,COG,1959,0.35643342
Congo,COG,1960,0.34761867
Congo,COG,1961,0.3394146
Congo,COG,1962,0.33186725
Congo,COG,1963,0.32444254
Congo,COG,1964,0.31741616
Congo,COG,1965,0.31060016
Congo,COG,1966,0.304401
Congo,COG,1967,0.3002463
Congo,COG,1968,0.29272196
Congo,COG,1969,0.2873222
Congo,COG,1970,0.28254217
Congo,COG,1971,0.27799958
Congo,COG,1972,0.27375194
Congo,COG,1973,0.26975653
Congo,COG,1974,0.26623258
Congo,COG,1975,0.2626337
Congo,COG,1976,0.25919017
Congo,COG,1977,0.2557932
Congo,COG,1978,0.25311068
Congo,COG,1979,0.24953493
Congo,COG,1980,0.24632855
Congo,COG,1981,0.24312966
Congo,COG,1982,0.24073185
Congo,COG,1983,0.2383008
Congo,COG,1984,0.23694775
Congo,COG,1985,0.23667105
Congo,COG,1986,0.23659627
Congo,COG,1987,0.23697317
Congo,COG,1988,0.23814599
Congo,COG,1989,0.24042715
Congo,COG,1990,0.24289533
Congo,COG,1991,0.24599019
Congo,COG,1992,0.24935946
Congo,COG,1993,0.25342542
Congo,COG,1994,0.25693458
Congo,COG,1995,0.26037955
Congo,COG,1996,0.26318946
Congo,COG,1997,0.27910554
Congo,COG,1998,0.27424854
Congo,COG,1999,0.26826507
Congo,COG,2000,0.2640202
Congo,COG,2001,0.2599693
Congo,COG,2002,0.2542181
Congo,COG,2003,0.24785401
Congo,COG,2004,0.23987646
Congo,COG,2005,0.23198529
Congo,COG,2006,0.22426648
Congo,COG,2007,0.21728979
Congo,COG,2008,0.20943987
Congo,COG,2009,0.20414533
Congo,COG,2010,0.19956985
Congo,COG,2011,0.19352831
Congo,COG,2012,0.1903951
Congo,COG,2013,0.18673414
Congo,COG,2014,0.1835227
Congo,COG,2015,0.18017921
Congo,COG,2016,0.17779085
Congo,COG,2017,0.17516768
Congo,COG,2018,0.17244697
Congo,COG,2019,0.18445073
Congo,COG,2020,0.16712092
Congo,COG,2021,0.16799162
Congo,COG,2022,0.16415872
Congo,COG,2023,0.16057189
Cook Islands,COK,1950,0.42012313
Cook Islands,COK,1951,0.40613887
Cook Islands,COK,1952,0.39182192
Cook Islands,COK,1953,0.37836483
Cook Islands,COK,1954,0.3651085
Cook Islands,COK,1955,0.35240597
Cook Islands,COK,1956,0.33923957
Cook Islands,COK,1957,0.32772171
Cook Islands,COK,1958,0.3144972
Cook Islands,COK,1959,0.30176508
Cook Islands,COK,1960,0.2890277
Cook Islands,COK,1961,0.27691892
Cook Islands,COK,1962,0.26503208
Cook Islands,COK,1963,0.2550393
Cook Islands,COK,1964,0.24437684
Cook Islands,COK,1965,0.2345781
Cook Islands,COK,1966,0.22539432
Cook Islands,COK,1967,0.21603332
Cook Islands,COK,1968,0.20585991
Cook Islands,COK,1969,0.19448668
Cook Islands,COK,1970,0.18305744
Cook Islands,COK,1971,0.1718494
Cook Islands,COK,1972,0.16141847
Cook Islands,COK,1973,0.15670292
Cook Islands,COK,1974,0.15476514
Cook Islands,COK,1975,0.15439317
Cook Islands,COK,1976,0.15495074
Cook Islands,COK,1977,0.15619956
Cook Islands,COK,1978,0.15485062
Cook Islands,COK,1979,0.15249377
Cook Islands,COK,1980,0.15055335
Cook Islands,COK,1981,0.14912441
Cook Islands,COK,1982,0.14846477
Cook Islands,COK,1983,0.14677748
Cook Islands,COK,1984,0.14499588
Cook Islands,COK,1985,0.14303704
Cook Islands,COK,1986,0.14101325
Cook Islands,COK,1987,0.1482481
Cook Islands,COK,1988,0.13766903
Cook Islands,COK,1989,0.1365724
Cook Islands,COK,1990,0.14714077
Cook Islands,COK,1991,0.13503274
Cook Islands,COK,1992,0.13421243
Cook Islands,COK,1993,0.1333963
Cook Islands,COK,1994,0.13241608
Cook Islands,COK,1995,0.13115895
Cook Islands,COK,1996,0.1296338
Cook Islands,COK,1997,0.16002649
Cook Islands,COK,1998,0.12608124
Cook Islands,COK,1999,0.12416389
Cook Islands,COK,2000,0.1219735
Cook Islands,COK,2001,0.11979141
Cook Islands,COK,2002,0.11749987
Cook Islands,COK,2003,0.11510101
Cook Islands,COK,2004,0.112694696
Cook Islands,COK,2005,0.110426635
Cook Islands,COK,2006,0.10858889
Cook Islands,COK,2007,0.10675758
Cook Islands,COK,2008,0.10515321
Cook Islands,COK,2009,0.103791095
Cook Islands,COK,2010,0.10255692
Cook Islands,COK,2011,0.10146746
Cook Islands,COK,2012,0.100466624
Cook Islands,COK,2013,0.099534295
Cook Islands,COK,2014,0.09909125
Cook Islands,COK,2015,0.09867852
Cook Islands,COK,2016,0.098339856
Cook Islands,COK,2017,0.097967476
Cook Islands,COK,2018,0.0976599
Cook Islands,COK,2019,0.09736387
Cook Islands,COK,2020,0.09707594
Cook Islands,COK,2021,0.099410124
Cook Islands,COK,2022,0.09589124
Cook Islands,COK,2023,0.09534365
Costa Rica,CRI,1950,0.2581163
Costa Rica,CRI,1951,0.25523663
Costa Rica,CRI,1952,0.25302768
Costa Rica,CRI,1953,0.2463849
Costa Rica,CRI,1954,0.24072427
Costa Rica,CRI,1955,0.23513906
Costa Rica,CRI,1956,0.22918454
Costa Rica,CRI,1957,0.22133926
Costa Rica,CRI,1958,0.2158373
Costa Rica,CRI,1959,0.2099693
Costa Rica,CRI,1960,0.20585449
Costa Rica,CRI,1961,0.20144533
Costa Rica,CRI,1962,0.1990596
Costa Rica,CRI,1963,0.19655883
Costa Rica,CRI,1964,0.19346711
Costa Rica,CRI,1965,0.19027917
Costa Rica,CRI,1966,0.18753323
Costa Rica,CRI,1967,0.18319714
Costa Rica,CRI,1968,0.18068884
Costa Rica,CRI,1969,0.1755149
Costa Rica,CRI,1970,0.16992818
Costa Rica,CRI,1971,0.16348496
Costa Rica,CRI,1972,0.15717003
Costa Rica,CRI,1973,0.14968055
Costa Rica,CRI,1974,0.142086
Costa Rica,CRI,1975,0.13481255
Costa Rica,CRI,1976,0.12814899
Costa Rica,CRI,1977,0.12228353
Costa Rica,CRI,1978,0.117580004
Costa Rica,CRI,1979,0.11398964
Costa Rica,CRI,1980,0.111904874
Costa Rica,CRI,1981,0.10971271
Costa Rica,CRI,1982,0.108166344
Costa Rica,CRI,1983,0.10715662
Costa Rica,CRI,1984,0.10596783
Costa Rica,CRI,1985,0.104565464
Costa Rica,CRI,1986,0.103791386
Costa Rica,CRI,1987,0.10293003
Costa Rica,CRI,1988,0.10267493
Costa Rica,CRI,1989,0.10135555
Costa Rica,CRI,1990,0.100687824
Costa Rica,CRI,1991,0.10034948
Costa Rica,CRI,1992,0.09930057
Costa Rica,CRI,1993,0.098916285
Costa Rica,CRI,1994,0.09851887
Costa Rica,CRI,1995,0.09857092
Costa Rica,CRI,1996,0.098764114
Costa Rica,CRI,1997,0.097535364
Costa Rica,CRI,1998,0.09704369
Costa Rica,CRI,1999,0.0962533
Costa Rica,CRI,2000,0.09561514
Costa Rica,CRI,2001,0.09538707
Costa Rica,CRI,2002,0.09485104
Costa Rica,CRI,2003,0.09451931
Costa Rica,CRI,2004,0.09474899
Costa Rica,CRI,2005,0.09379712
Costa Rica,CRI,2006,0.09348555
Costa Rica,CRI,2007,0.0938651
Costa Rica,CRI,2008,0.093665086
Costa Rica,CRI,2009,0.0932006
Costa Rica,CRI,2010,0.09353122
Costa Rica,CRI,2011,0.09319038
Costa Rica,CRI,2012,0.09246899
Costa Rica,CRI,2013,0.091982625
Costa Rica,CRI,2014,0.09174142
Costa Rica,CRI,2015,0.090983
Costa Rica,CRI,2016,0.09204176
Costa Rica,CRI,2017,0.0925751
Costa Rica,CRI,2018,0.09215028
Costa Rica,CRI,2019,0.09208249
Costa Rica,CRI,2020,0.093316816
Costa Rica,CRI,2021,0.09831126
Costa Rica,CRI,2022,0.09117655
Costa Rica,CRI,2023,0.090367585
Cote d'Ivoire,CIV,1950,0.51646763
Cote d'Ivoire,CIV,1951,0.5112339
Cote d'Ivoire,CIV,1952,0.5056321
Cote d'Ivoire,CIV,1953,0.4999451
Cote d'Ivoire,CIV,1954,0.49404988
Cote d'Ivoire,CIV,1955,0.4878852
Cote d'Ivoire,CIV,1956,0.48132423
Cote d'Ivoire,CIV,1957,0.474443
Cote d'Ivoire,CIV,1958,0.46724784
Cote d'Ivoire,CIV,1959,0.45971575
Cote d'Ivoire,CIV,1960,0.45212367
Cote d'Ivoire,CIV,1961,0.44476798
Cote d'Ivoire,CIV,1962,0.4368137
Cote d'Ivoire,CIV,1963,0.42940122
Cote d'Ivoire,CIV,1964,0.42235228
Cote d'Ivoire,CIV,1965,0.4152621
Cote d'Ivoire,CIV,1966,0.40825844
Cote d'Ivoire,CIV,1967,0.40148985
Cote d'Ivoire,CIV,1968,0.39445496
Cote d'Ivoire,CIV,1969,0.3872678
Cote d'Ivoire,CIV,1970,0.37996462
Cote d'Ivoire,CIV,1971,0.37222517
Cote d'Ivoire,CIV,1972,0.3641527
Cote d'Ivoire,CIV,1973,0.35569412
Cote d'Ivoire,CIV,1974,0.34700093
Cote d'Ivoire,CIV,1975,0.33848757
Cote d'Ivoire,CIV,1976,0.32989755
Cote d'Ivoire,CIV,1977,0.32169047
Cote d'Ivoire,CIV,1978,0.31395805
Cote d'Ivoire,CIV,1979,0.30715474
Cote d'Ivoire,CIV,1980,0.30124015
Cote d'Ivoire,CIV,1981,0.29618984
Cote d'Ivoire,CIV,1982,0.29205906
Cote d'Ivoire,CIV,1983,0.28858563
Cote d'Ivoire,CIV,1984,0.28573933
Cote d'Ivoire,CIV,1985,0.2839852
Cote d'Ivoire,CIV,1986,0.28274894
Cote d'Ivoire,CIV,1987,0.28200775
Cote d'Ivoire,CIV,1988,0.28259036
Cote d'Ivoire,CIV,1989,0.2838683
Cote d'Ivoire,CIV,1990,0.2857668
Cote d'Ivoire,CIV,1991,0.28755823
Cote d'Ivoire,CIV,1992,0.28948435
Cote d'Ivoire,CIV,1993,0.29117727
Cote d'Ivoire,CIV,1994,0.29336208
Cote d'Ivoire,CIV,1995,0.29475605
Cote d'Ivoire,CIV,1996,0.29545602
Cote d'Ivoire,CIV,1997,0.29577014
Cote d'Ivoire,CIV,1998,0.29693502
Cote d'Ivoire,CIV,1999,0.29527342
Cote d'Ivoire,CIV,2000,0.29317015
Cote d'Ivoire,CIV,2001,0.29180223
Cote d'Ivoire,CIV,2002,0.2896518
Cote d'Ivoire,CIV,2003,0.28731686
Cote d'Ivoire,CIV,2004,0.28235206
Cote d'Ivoire,CIV,2005,0.27818254
Cote d'Ivoire,CIV,2006,0.27326915
Cote d'Ivoire,CIV,2007,0.26887053
Cote d'Ivoire,CIV,2008,0.26194438
Cote d'Ivoire,CIV,2009,0.25677165
Cote d'Ivoire,CIV,2010,0.25188538
Cote d'Ivoire,CIV,2011,0.24631505
Cote d'Ivoire,CIV,2012,0.24127932
Cote d'Ivoire,CIV,2013,0.23671955
Cote d'Ivoire,CIV,2014,0.23210485
Cote d'Ivoire,CIV,2015,0.22774419
Cote d'Ivoire,CIV,2016,0.22291619
Cote d'Ivoire,CIV,2017,0.21846364
Cote d'Ivoire,CIV,2018,0.2144003
Cote d'Ivoire,CIV,2019,0.21023545
Cote d'Ivoire,CIV,2020,0.20463392
Cote d'Ivoire,CIV,2021,0.20363382
Cote d'Ivoire,CIV,2022,0.1987199
Cote d'Ivoire,CIV,2023,0.19600928
Croatia,HRV,1950,0.24395448
Croatia,HRV,1951,0.23777029
Croatia,HRV,1952,0.23028125
Croatia,HRV,1953,0.21218781
Croatia,HRV,1954,0.20389529
Croatia,HRV,1955,0.1936804
Croatia,HRV,1956,0.18908033
Croatia,HRV,1957,0.17983407
Croatia,HRV,1958,0.17305563
Croatia,HRV,1959,0.16645126
Croatia,HRV,1960,0.16220868
Croatia,HRV,1961,0.15435664
Croatia,HRV,1962,0.14779139
Croatia,HRV,1963,0.14267977
Croatia,HRV,1964,0.13958438
Croatia,HRV,1965,0.13557419
Croatia,HRV,1966,0.13225652
Croatia,HRV,1967,0.12916914
Croatia,HRV,1968,0.12815543
Croatia,HRV,1969,0.12656195
Croatia,HRV,1970,0.123658955
Croatia,HRV,1971,0.12108707
Croatia,HRV,1972,0.118738666
Croatia,HRV,1973,0.1174853
Croatia,HRV,1974,0.11516552
Croatia,HRV,1975,0.11374688
Croatia,HRV,1976,0.11249828
Croatia,HRV,1977,0.11239591
Croatia,HRV,1978,0.1120508
Croatia,HRV,1979,0.11207012
Croatia,HRV,1980,0.11108899
Croatia,HRV,1981,0.110271335
Croatia,HRV,1982,0.11039909
Croatia,HRV,1983,0.10916112
Croatia,HRV,1984,0.10727472
Croatia,HRV,1985,0.104102
Croatia,HRV,1986,0.102641776
Croatia,HRV,1987,0.10117189
Croatia,HRV,1988,0.099655025
Croatia,HRV,1989,0.097887725
Croatia,HRV,1990,0.09813316
Croatia,HRV,1991,0.102780215
Croatia,HRV,1992,0.098574236
Croatia,HRV,1993,0.09617671
Croatia,HRV,1994,0.09404756
Croatia,HRV,1995,0.09425415
Croatia,HRV,1996,0.09233247
Croatia,HRV,1997,0.09117246
Croatia,HRV,1998,0.09009804
Croatia,HRV,1999,0.08881014
Croatia,HRV,2000,0.08907196
Croatia,HRV,2001,0.08871853
Croatia,HRV,2002,0.08893247
Croatia,HRV,2003,0.09043378
Croatia,HRV,2004,0.0877723
Croatia,HRV,2005,0.0869919
Croatia,HRV,2006,0.08604008
Croatia,HRV,2007,0.08537531
Croatia,HRV,2008,0.08489423
Croatia,HRV,2009,0.08421776
Croatia,HRV,2010,0.08379429
Croatia,HRV,2011,0.08274622
Croatia,HRV,2012,0.08201254
Croatia,HRV,2013,0.081525505
Croatia,HRV,2014,0.08151652
Croatia,HRV,2015,0.08093915
Croatia,HRV,2016,0.08045955
Croatia,HRV,2017,0.08005242
Croatia,HRV,2018,0.0790576
Croatia,HRV,2019,0.07987944
Croatia,HRV,2020,0.081544
Croatia,HRV,2021,0.08673084
Croatia,HRV,2022,0.08200465
Croatia,HRV,2023,0.077720955
Cuba,CUB,1950,0.22206211
Cuba,CUB,1951,0.21825679
Cuba,CUB,1952,0.21423353
Cuba,CUB,1953,0.21018094
Cuba,CUB,1954,0.2061376
Cuba,CUB,1955,0.20208164
Cuba,CUB,1956,0.19894831
Cuba,CUB,1957,0.19596227
Cuba,CUB,1958,0.19320515
Cuba,CUB,1959,0.18984026
Cuba,CUB,1960,0.18619539
Cuba,CUB,1961,0.18244407
Cuba,CUB,1962,0.17844053
Cuba,CUB,1963,0.18121126
Cuba,CUB,1964,0.17203641
Cuba,CUB,1965,0.16935915
Cuba,CUB,1966,0.16647866
Cuba,CUB,1967,0.16327308
Cuba,CUB,1968,0.16016422
Cuba,CUB,1969,0.15697467
Cuba,CUB,1970,0.15389587
Cuba,CUB,1971,0.15061499
Cuba,CUB,1972,0.14737126
Cuba,CUB,1973,0.14415014
Cuba,CUB,1974,0.14098316
Cuba,CUB,1975,0.13796872
Cuba,CUB,1976,0.13510938
Cuba,CUB,1977,0.13048193
Cuba,CUB,1978,0.12841071
Cuba,CUB,1979,0.12685223
Cuba,CUB,1980,0.12704132
Cuba,CUB,1981,0.124968804
Cuba,CUB,1982,0.12196026
Cuba,CUB,1983,0.12088432
Cuba,CUB,1984,0.11997147
Cuba,CUB,1985,0.11994577
Cuba,CUB,1986,0.118948236
Cuba,CUB,1987,0.11802582
Cuba,CUB,1988,0.11673546
Cuba,CUB,1989,0.115638204
Cuba,CUB,1990,0.11459682
Cuba,CUB,1991,0.11339802
Cuba,CUB,1992,0.11195122
Cuba,CUB,1993,0.110604405
Cuba,CUB,1994,0.10964083
Cuba,CUB,1995,0.10872877
Cuba,CUB,1996,0.10727455
Cuba,CUB,1997,0.10669905
Cuba,CUB,1998,0.1062838
Cuba,CUB,1999,0.10590393
Cuba,CUB,2000,0.105042495
Cuba,CUB,2001,0.10373012
Cuba,CUB,2002,0.10292804
Cuba,CUB,2003,0.10314768
Cuba,CUB,2004,0.10255281
Cuba,CUB,2005,0.101905555
Cuba,CUB,2006,0.099988274
Cuba,CUB,2007,0.099084966
Cuba,CUB,2008,0.098557614
Cuba,CUB,2009,0.09795508
Cuba,CUB,2010,0.09713995
Cuba,CUB,2011,0.097038
Cuba,CUB,2012,0.096821986
Cuba,CUB,2013,0.09688258
Cuba,CUB,2014,0.09647783
Cuba,CUB,2015,0.096329935
Cuba,CUB,2016,0.09610198
Cuba,CUB,2017,0.09526839
Cuba,CUB,2018,0.096692935
Cuba,CUB,2019,0.09716118
Cuba,CUB,2020,0.09563815
Cuba,CUB,2021,0.10366476
Cuba,CUB,2022,0.09677336
Cuba,CUB,2023,0.09643409
Curacao,CUW,1950,0.220592
Curacao,CUW,1951,0.21361382
Curacao,CUW,1952,0.20731947
Curacao,CUW,1953,0.20145881
Curacao,CUW,1954,0.19555712
Curacao,CUW,1955,0.18991989
Curacao,CUW,1956,0.18449959
Curacao,CUW,1957,0.17945744
Curacao,CUW,1958,0.17514285
Curacao,CUW,1959,0.17094675
Curacao,CUW,1960,0.16733922
Curacao,CUW,1961,0.16417174
Curacao,CUW,1962,0.16097455
Curacao,CUW,1963,0.15804386
Curacao,CUW,1964,0.15521145
Curacao,CUW,1965,0.152478
Curacao,CUW,1966,0.14981434
Curacao,CUW,1967,0.14696933
Curacao,CUW,1968,0.14440131
Curacao,CUW,1969,0.14167292
Curacao,CUW,1970,0.13890749
Curacao,CUW,1971,0.13627766
Curacao,CUW,1972,0.13365424
Curacao,CUW,1973,0.13112094
Curacao,CUW,1974,0.12849788
Curacao,CUW,1975,0.1261805
Curacao,CUW,1976,0.123951696
Curacao,CUW,1977,0.12187625
Curacao,CUW,1978,0.120091945
Curacao,CUW,1979,0.11824293
Curacao,CUW,1980,0.1166945
Curacao,CUW,1981,0.11526933
Curacao,CUW,1982,0.1140891
Curacao,CUW,1983,0.11299415
Curacao,CUW,1984,0.1119887
Curacao,CUW,1985,0.11116592
Curacao,CUW,1986,0.11039332
Curacao,CUW,1987,0.10959819
Curacao,CUW,1988,0.10895558
Curacao,CUW,1989,0.11067778
Curacao,CUW,1990,0.107722886
Curacao,CUW,1991,0.107082926
Curacao,CUW,1992,0.10640048
Curacao,CUW,1993,0.105953805
Curacao,CUW,1994,0.10535827
Curacao,CUW,1995,0.105318084
Curacao,CUW,1996,0.10440512
Curacao,CUW,1997,0.1038967
Curacao,CUW,1998,0.10349236
Curacao,CUW,1999,0.10299431
Curacao,CUW,2000,0.102444924
Curacao,CUW,2001,0.102017954
Curacao,CUW,2002,0.101487674
Curacao,CUW,2003,0.100894585
Curacao,CUW,2004,0.10027936
Curacao,CUW,2005,0.09965534
Curacao,CUW,2006,0.09902967
Curacao,CUW,2007,0.0984105
Curacao,CUW,2008,0.097754255
Curacao,CUW,2009,0.0971012
Curacao,CUW,2010,0.09490864
Curacao,CUW,2011,0.09305603
Curacao,CUW,2012,0.09187596
Curacao,CUW,2013,0.09081461
Curacao,CUW,2014,0.08990939
Curacao,CUW,2015,0.08899782
Curacao,CUW,2016,0.08871146
Curacao,CUW,2017,0.08844528
Curacao,CUW,2018,0.088158585
Curacao,CUW,2019,0.087911956
Curacao,CUW,2020,0.08780606
Curacao,CUW,2021,0.08964163
Curacao,CUW,2022,0.08731381
Curacao,CUW,2023,0.08713308
Cyprus,CYP,1950,0.22802775
Cyprus,CYP,1951,0.2208956
Cyprus,CYP,1952,0.21386194
Cyprus,CYP,1953,0.20913866
Cyprus,CYP,1954,0.20112501
Cyprus,CYP,1955,0.19509958
Cyprus,CYP,1956,0.1894909
Cyprus,CYP,1957,0.18464988
Cyprus,CYP,1958,0.17955099
Cyprus,CYP,1959,0.17457756
Cyprus,CYP,1960,0.16957729
Cyprus,CYP,1961,0.16481759
Cyprus,CYP,1962,0.16052376
Cyprus,CYP,1963,0.17640685
Cyprus,CYP,1964,0.17257409
Cyprus,CYP,1965,0.1494325
Cyprus,CYP,1966,0.146203
Cyprus,CYP,1967,0.14291692
Cyprus,CYP,1968,0.13996878
Cyprus,CYP,1969,0.1373057
Cyprus,CYP,1970,0.13427804
Cyprus,CYP,1971,0.13166314
Cyprus,CYP,1972,0.12911345
Cyprus,CYP,1973,0.12653655
Cyprus,CYP,1974,0.14029422
Cyprus,CYP,1975,0.1211622
Cyprus,CYP,1976,0.11879054
Cyprus,CYP,1977,0.116414584
Cyprus,CYP,1978,0.11393106
Cyprus,CYP,1979,0.11144523
Cyprus,CYP,1980,0.10882902
Cyprus,CYP,1981,0.10660239
Cyprus,CYP,1982,0.1041092
Cyprus,CYP,1983,0.10220443
Cyprus,CYP,1984,0.10015128
Cyprus,CYP,1985,0.09823967
Cyprus,CYP,1986,0.09652308
Cyprus,CYP,1987,0.095206626
Cyprus,CYP,1988,0.09424587
Cyprus,CYP,1989,0.092963174
Cyprus,CYP,1990,0.092183895
Cyprus,CYP,1991,0.091339655
Cyprus,CYP,1992,0.09037539
Cyprus,CYP,1993,0.0897645
Cyprus,CYP,1994,0.089014664
Cyprus,CYP,1995,0.08808436
Cyprus,CYP,1996,0.08694075
Cyprus,CYP,1997,0.08585932
Cyprus,CYP,1998,0.08584047
Cyprus,CYP,1999,0.08395822
Cyprus,CYP,2000,0.08308689
Cyprus,CYP,2001,0.081902385
Cyprus,CYP,2002,0.08076754
Cyprus,CYP,2003,0.07998253
Cyprus,CYP,2004,0.07932923
Cyprus,CYP,2005,0.078493536
Cyprus,CYP,2006,0.0775849
Cyprus,CYP,2007,0.07678014
Cyprus,CYP,2008,0.07598224
Cyprus,CYP,2009,0.07532209
Cyprus,CYP,2010,0.074715234
Cyprus,CYP,2011,0.07421554
Cyprus,CYP,2012,0.07362164
Cyprus,CYP,2013,0.073197246
Cyprus,CYP,2014,0.0730035
Cyprus,CYP,2015,0.072629824
Cyprus,CYP,2016,0.0723451
Cyprus,CYP,2017,0.07220701
Cyprus,CYP,2018,0.072092086
Cyprus,CYP,2019,0.072067484
Cyprus,CYP,2020,0.08170753
Cyprus,CYP,2021,0.08349534
Cyprus,CYP,2022,0.07756085
Cyprus,CYP,2023,0.07132069
Czechia,CZE,1950,0.16876327
Czechia,CZE,1951,0.15809974
Czechia,CZE,1952,0.14302498
Czechia,CZE,1953,0.13342401
Czechia,CZE,1954,0.124092095
Czechia,CZE,1955,0.12208719
Czechia,CZE,1956,0.119652964
Czechia,CZE,1957,0.118075624
Czechia,CZE,1958,0.11380054
Czechia,CZE,1959,0.11157121
Czechia,CZE,1960,0.11026026
Czechia,CZE,1961,0.10842697
Czechia,CZE,1962,0.10931306
Czechia,CZE,1963,0.109703034
Czechia,CZE,1964,0.10817315
Czechia,CZE,1965,0.111137494
Czechia,CZE,1966,0.109105505
Czechia,CZE,1967,0.10944508
Czechia,CZE,1968,0.108724035
Czechia,CZE,1969,0.11152522
Czechia,CZE,1970,0.10993053
Czechia,CZE,1971,0.10874345
Czechia,CZE,1972,0.10852331
Czechia,CZE,1973,0.105859265
Czechia,CZE,1974,0.10621415
Czechia,CZE,1975,0.1050195
Czechia,CZE,1976,0.10352693
Czechia,CZE,1977,0.10348754
Czechia,CZE,1978,0.10285368
Czechia,CZE,1979,0.102174975
Czechia,CZE,1980,0.10139102
Czechia,CZE,1981,0.1008331
Czechia,CZE,1982,0.100040644
Czechia,CZE,1983,0.099634804
Czechia,CZE,1984,0.09948606
Czechia,CZE,1985,0.09769576
Czechia,CZE,1986,0.098056175
Czechia,CZE,1987,0.09702821
Czechia,CZE,1988,0.097597264
Czechia,CZE,1989,0.095022626
Czechia,CZE,1990,0.097078
Czechia,CZE,1991,0.09683499
Czechia,CZE,1992,0.09639518
Czechia,CZE,1993,0.0937875
Czechia,CZE,1994,0.09262123
Czechia,CZE,1995,0.09284529
Czechia,CZE,1996,0.0904039
Czechia,CZE,1997,0.09074326
Czechia,CZE,1998,0.0881568
Czechia,CZE,1999,0.087169886
Czechia,CZE,2000,0.086822
Czechia,CZE,2001,0.08636708
Czechia,CZE,2002,0.08589479
Czechia,CZE,2003,0.08507762
Czechia,CZE,2004,0.08408611
Czechia,CZE,2005,0.08375293
Czechia,CZE,2006,0.08272962
Czechia,CZE,2007,0.0822151
Czechia,CZE,2008,0.082200654
Czechia,CZE,2009,0.08161148
Czechia,CZE,2010,0.08098991
Czechia,CZE,2011,0.08072635
Czechia,CZE,2012,0.080163926
Czechia,CZE,2013,0.07942438
Czechia,CZE,2014,0.07870173
Czechia,CZE,2015,0.07807062
Czechia,CZE,2016,0.07950097
Czechia,CZE,2017,0.078017205
Czechia,CZE,2018,0.07864465
Czechia,CZE,2019,0.07903206
Czechia,CZE,2020,0.077660784
Czechia,CZE,2021,0.081828415
Czechia,CZE,2022,0.07870051
Czechia,CZE,2023,0.0770365
Democratic Republic of Congo,COD,1950,0.45226526
Democratic Republic of Congo,COD,1951,0.44872606
Democratic Republic of Congo,COD,1952,0.4455004
Democratic Republic of Congo,COD,1953,0.44230673
Democratic Republic of Congo,COD,1954,0.4394235
Democratic Republic of Congo,COD,1955,0.43614265
Democratic Republic of Congo,COD,1956,0.43345344
Democratic Republic of Congo,COD,1957,0.4304163
Democratic Republic of Congo,COD,1958,0.42784384
Democratic Republic of Congo,COD,1959,0.42563793
Democratic Republic of Congo,COD,1960,0.42348558
Democratic Republic of Congo,COD,1961,0.42518607
Democratic Republic of Congo,COD,1962,0.42300278
Democratic Republic of Congo,COD,1963,0.4206315
Democratic Republic of Congo,COD,1964,0.42080298
Democratic Republic of Congo,COD,1965,0.41591227
Democratic Republic of Congo,COD,1966,0.4085477
Democratic Republic of Congo,COD,1967,0.4056826
Democratic Republic of Congo,COD,1968,0.40278858
Democratic Republic of Congo,COD,1969,0.3996782
Democratic Republic of Congo,COD,1970,0.3958888
Democratic Republic of Congo,COD,1971,0.39302725
Democratic Republic of Congo,COD,1972,0.39035752
Democratic Republic of Congo,COD,1973,0.3877256
Democratic Republic of Congo,COD,1974,0.38547182
Democratic Republic of Congo,COD,1975,0.3832378
Democratic Republic of Congo,COD,1976,0.38164186
Democratic Republic of Congo,COD,1977,0.37995607
Democratic Republic of Congo,COD,1978,0.38002366
Democratic Republic of Congo,COD,1979,0.3758919
Democratic Republic of Congo,COD,1980,0.3736294
Democratic Republic of Congo,COD,1981,0.3716835
Democratic Republic of Congo,COD,1982,0.36906934
Democratic Republic of Congo,COD,1983,0.36642617
Democratic Republic of Congo,COD,1984,0.36353523
Democratic Republic of Congo,COD,1985,0.3620912
Democratic Republic of Congo,COD,1986,0.3589896
Democratic Republic of Congo,COD,1987,0.35573334
Democratic Republic of Congo,COD,1988,0.35191348
Democratic Republic of Congo,COD,1989,0.34787956
Democratic Republic of Congo,COD,1990,0.34375313
Democratic Republic of Congo,COD,1991,0.33958095
Democratic Republic of Congo,COD,1992,0.33533946
Democratic Republic of Congo,COD,1993,0.3308294
Democratic Republic of Congo,COD,1994,0.32833028
Democratic Republic of Congo,COD,1995,0.3227719
Democratic Republic of Congo,COD,1996,0.3255751
Democratic Republic of Congo,COD,1997,0.3176723
Democratic Republic of Congo,COD,1998,0.31367177
Democratic Republic of Congo,COD,1999,0.30948365
Democratic Republic of Congo,COD,2000,0.30519423
Democratic Republic of Congo,COD,2001,0.30170813
Democratic Republic of Congo,COD,2002,0.29875162
Democratic Republic of Congo,COD,2003,0.2943272
Democratic Republic of Congo,COD,2004,0.28981143
Democratic Republic of Congo,COD,2005,0.28515774
Democratic Republic of Congo,COD,2006,0.2805404
Democratic Republic of Congo,COD,2007,0.2761513
Democratic Republic of Congo,COD,2008,0.27158812
Democratic Republic of Congo,COD,2009,0.26656052
Democratic Republic of Congo,COD,2010,0.26137096
Democratic Republic of Congo,COD,2011,0.2566342
Democratic Republic of Congo,COD,2012,0.25178888
Democratic Republic of Congo,COD,2013,0.24728574
Democratic Republic of Congo,COD,2014,0.24301977
Democratic Republic of Congo,COD,2015,0.23872681
Democratic Republic of Congo,COD,2016,0.23452738
Democratic Republic of Congo,COD,2017,0.2303946
Democratic Republic of Congo,COD,2018,0.22602959
Democratic Republic of Congo,COD,2019,0.22296217
Democratic Republic of Congo,COD,2020,0.21677673
Democratic Republic of Congo,COD,2021,0.21603149
Democratic Republic of Congo,COD,2022,0.21089153
Democratic Republic of Congo,COD,2023,0.20629156
Denmark,DNK,1835,0.44856536
Denmark,DNK,1836,0.4255622
Denmark,DNK,1837,0.39808208
Denmark,DNK,1838,0.391027
Denmark,DNK,1839,0.41565225
Denmark,DNK,1840,0.4179121
Denmark,DNK,1841,0.40626258
Denmark,DNK,1842,0.39741954
Denmark,DNK,1843,0.38282198
Denmark,DNK,1844,0.38244304
Denmark,DNK,1845,0.39800087
Denmark,DNK,1846,0.42962387
Denmark,DNK,1847,0.423811
Denmark,DNK,1848,0.42189068
Denmark,DNK,1849,0.42221418
Denmark,DNK,1850,0.39360496
Denmark,DNK,1851,0.38439566
Denmark,DNK,1852,0.4044977
Denmark,DNK,1853,0.42666817
Denmark,DNK,1854,0.38409883
Denmark,DNK,1855,0.3532049
Denmark,DNK,1856,0.35921663
Denmark,DNK,1857,0.40676036
Denmark,DNK,1858,0.4397225
Denmark,DNK,1859,0.38873008
Denmark,DNK,1860,0.37907407
Denmark,DNK,1861,0.34679338
Denmark,DNK,1862,0.35339198
Denmark,DNK,1863,0.3547937
Denmark,DNK,1864,0.428444
Denmark,DNK,1865,0.44445074
Denmark,DNK,1866,0.41592318
Denmark,DNK,1867,0.38569894
Denmark,DNK,1868,0.3825039
Denmark,DNK,1869,0.37407783
Denmark,DNK,1870,0.37427455
Denmark,DNK,1871,0.3657859
Denmark,DNK,1872,0.35828137
Denmark,DNK,1873,0.35461628
Denmark,DNK,1874,0.36059842
Denmark,DNK,1875,0.38405055
Denmark,DNK,1876,0.3775631
Denmark,DNK,1877,0.36295652
Denmark,DNK,1878,0.36588025
Denmark,DNK,1879,0.36926168
Denmark,DNK,1880,0.39253443
Denmark,DNK,1881,0.35264972
Denmark,DNK,1882,0.3763913
Denmark,DNK,1883,0.34798858
Denmark,DNK,1884,0.35438272
Denmark,DNK,1885,0.33582827
Denmark,DNK,1886,0.34797114
Denmark,DNK,1887,0.35343814
Denmark,DNK,1888,0.37307224
Denmark,DNK,1889,0.36110294
Denmark,DNK,1890,0.36460528
Denmark,DNK,1891,0.35986942
Denmark,DNK,1892,0.3516078
Denmark,DNK,1893,0.37055144
Denmark,DNK,1894,0.3465168
Denmark,DNK,1895,0.32456094
Denmark,DNK,1896,0.30374607
Denmark,DNK,1897,0.30945164
Denmark,DNK,1898,0.30408597
Denmark,DNK,1899,0.32154375
Denmark,DNK,1900,0.301149
Denmark,DNK,1901,0.3024191
Denmark,DNK,1902,0.28239596
Denmark,DNK,1903,0.27906245
Denmark,DNK,1904,0.26991802
Denmark,DNK,1905,0.28431413
Denmark,DNK,1906,0.26744685
Denmark,DNK,1907,0.26337013
Denmark,DNK,1908,0.279036
Denmark,DNK,1909,0.25274828
Denmark,DNK,1910,0.24908103
Denmark,DNK,1911,0.2564566
Denmark,DNK,1912,0.24431878
Denmark,DNK,1913,0.23858556
Denmark,DNK,1914,0.24221773
Denmark,DNK,1915,0.2346426
Denmark,DNK,1916,0.25211287
Denmark,DNK,1917,0.2501532
Denmark,DNK,1918,0.27138782
Denmark,DNK,1919,0.26191083
Denmark,DNK,1920,0.254102
Denmark,DNK,1921,0.21423097
Denmark,DNK,1922,0.21567069
Denmark,DNK,1923,0.2150046
Denmark,DNK,1924,0.21595122
Denmark,DNK,1925,0.21108374
Denmark,DNK,1926,0.21094784
Denmark,DNK,1927,0.21284509
Denmark,DNK,1928,0.20879236
Denmark,DNK,1929,0.203617
Denmark,DNK,1930,0.20581675
Denmark,DNK,1931,0.20164761
Denmark,DNK,1932,0.19728556
Denmark,DNK,1933,0.18850595
Denmark,DNK,1934,0.18331414
Denmark,DNK,1935,0.1947595
Denmark,DNK,1936,0.1852003
Denmark,DNK,1937,0.18089388
Denmark,DNK,1938,0.17444403
Denmark,DNK,1939,0.16633011
Denmark,DNK,1940,0.15764526
Denmark,DNK,1941,0.16276906
Denmark,DNK,1942,0.1579832
Denmark,DNK,1943,0.15605448
Denmark,DNK,1944,0.16318856
Denmark,DNK,1945,0.1666402
Denmark,DNK,1946,0.1556741
Denmark,DNK,1947,0.14269938
Denmark,DNK,1948,0.13698004
Denmark,DNK,1949,0.13124831
Denmark,DNK,1950,0.12467964
Denmark,DNK,1951,0.1224181
Denmark,DNK,1952,0.12293594
Denmark,DNK,1953,0.11917356
Denmark,DNK,1954,0.11691442
Denmark,DNK,1955,0.11710231
Denmark,DNK,1956,0.11444978
Denmark,DNK,1957,0.11369945
Denmark,DNK,1958,0.11031336
Denmark,DNK,1959,0.112342425
Denmark,DNK,1960,0.110057876
Denmark,DNK,1961,0.11057266
Denmark,DNK,1962,0.10817512
Denmark,DNK,1963,0.10905118
Denmark,DNK,1964,0.1065296
Denmark,DNK,1965,0.108420834
Denmark,DNK,1966,0.10550987
Denmark,DNK,1967,0.10494414
Denmark,DNK,1968,0.10670983
Denmark,DNK,1969,0.10720778
Denmark,DNK,1970,0.10640061
Denmark,DNK,1971,0.10733464
Denmark,DNK,1972,0.10490417
Denmark,DNK,1973,0.10472575
Denmark,DNK,1974,0.10144701
Denmark,DNK,1975,0.10356808
Denmark,DNK,1976,0.1020472
Denmark,DNK,1977,0.101188906
Denmark,DNK,1978,0.10175488
Denmark,DNK,1979,0.10134852
Denmark,DNK,1980,0.10313821
Denmark,DNK,1981,0.1020949
Denmark,DNK,1982,0.10190712
Denmark,DNK,1983,0.101652585
Denmark,DNK,1984,0.10177401
Denmark,DNK,1985,0.10232495
Denmark,DNK,1986,0.10354953
Denmark,DNK,1987,0.10205317
Denmark,DNK,1988,0.103218004
Denmark,DNK,1989,0.10245522
Denmark,DNK,1990,0.101072185
Denmark,DNK,1991,0.10030344
Denmark,DNK,1992,0.09915144
Denmark,DNK,1993,0.09800849
Denmark,DNK,1994,0.098153144
Denmark,DNK,1995,0.09788527
Denmark,DNK,1996,0.09737885
Denmark,DNK,1997,0.09677429
Denmark,DNK,1998,0.09556783
Denmark,DNK,1999,0.09367699
Denmark,DNK,2000,0.09413902
Denmark,DNK,2001,0.09341354
Denmark,DNK,2002,0.09153316
Denmark,DNK,2003,0.09033268
Denmark,DNK,2004,0.09078301
Denmark,DNK,2005,0.08854625
Denmark,DNK,2006,0.08800457
Denmark,DNK,2007,0.08798981
Denmark,DNK,2008,0.08742416
Denmark,DNK,2009,0.08629186
Denmark,DNK,2010,0.085125916
Denmark,DNK,2011,0.08428248
Denmark,DNK,2012,0.08369676
Denmark,DNK,2013,0.08196337
Denmark,DNK,2014,0.08212638
Denmark,DNK,2015,0.08117189
Denmark,DNK,2016,0.08137317
Denmark,DNK,2017,0.079017475
Denmark,DNK,2018,0.07927161
Denmark,DNK,2019,0.07807237
Denmark,DNK,2020,0.07801431
Denmark,DNK,2021,0.078125075
Denmark,DNK,2022,0.07744667
Denmark,DNK,2023,0.075712316
Djibouti,DJI,1950,0.42047277
Djibouti,DJI,1951,0.4177502
Djibouti,DJI,1952,0.41505098
Djibouti,DJI,1953,0.4121355
Djibouti,DJI,1954,0.40954998
Djibouti,DJI,1955,0.40656793
Djibouti,DJI,1956,0.4035161
Djibouti,DJI,1957,0.40054938
Djibouti,DJI,1958,0.39874163
Djibouti,DJI,1959,0.3955344
Djibouti,DJI,1960,0.39190894
Djibouti,DJI,1961,0.3884771
Djibouti,DJI,1962,0.38481218
Djibouti,DJI,1963,0.38105866
Djibouti,DJI,1964,0.3770749
Djibouti,DJI,1965,0.37296724
Djibouti,DJI,1966,0.36860105
Djibouti,DJI,1967,0.36384732
Djibouti,DJI,1968,0.35890558
Djibouti,DJI,1969,0.35388246
Djibouti,DJI,1970,0.34903425
Djibouti,DJI,1971,0.35094637
Djibouti,DJI,1972,0.33888945
Djibouti,DJI,1973,0.33291686
Djibouti,DJI,1974,0.32859254
Djibouti,DJI,1975,0.3247398
Djibouti,DJI,1976,0.3204169
Djibouti,DJI,1977,0.315964
Djibouti,DJI,1978,0.31164256
Djibouti,DJI,1979,0.30709252
Djibouti,DJI,1980,0.30272633
Djibouti,DJI,1981,0.29955354
Djibouti,DJI,1982,0.2939456
Djibouti,DJI,1983,0.28939986
Djibouti,DJI,1984,0.28525588
Djibouti,DJI,1985,0.281959
Djibouti,DJI,1986,0.2778856
Djibouti,DJI,1987,0.27442038
Djibouti,DJI,1988,0.2711621
Djibouti,DJI,1989,0.26873904
Djibouti,DJI,1990,0.26676658
Djibouti,DJI,1991,0.2641219
Djibouti,DJI,1992,0.26316437
Djibouti,DJI,1993,0.26378867
Djibouti,DJI,1994,0.26517156
Djibouti,DJI,1995,0.25965077
Djibouti,DJI,1996,0.25892103
Djibouti,DJI,1997,0.25982076
Djibouti,DJI,1998,0.25776166
Djibouti,DJI,1999,0.2559889
Djibouti,DJI,2000,0.25496015
Djibouti,DJI,2001,0.24792564
Djibouti,DJI,2002,0.24381423
Djibouti,DJI,2003,0.24031322
Djibouti,DJI,2004,0.23817137
Djibouti,DJI,2005,0.23288476
Djibouti,DJI,2006,0.2289624
Djibouti,DJI,2007,0.2254549
Djibouti,DJI,2008,0.22119038
Djibouti,DJI,2009,0.21741278
Djibouti,DJI,2010,0.21411844
Djibouti,DJI,2011,0.20954175
Djibouti,DJI,2012,0.20579891
Djibouti,DJI,2013,0.20235437
Djibouti,DJI,2014,0.1987974
Djibouti,DJI,2015,0.19510412
Djibouti,DJI,2016,0.19117059
Djibouti,DJI,2017,0.18785
Djibouti,DJI,2018,0.18448363
Djibouti,DJI,2019,0.18198517
Djibouti,DJI,2020,0.178207
Djibouti,DJI,2021,0.17825948
Djibouti,DJI,2022,0.17199565
Djibouti,DJI,2023,0.16869117
Dominica,DMA,1950,0.37738398
Dominica,DMA,1951,0.35860312
Dominica,DMA,1952,0.33981574
Dominica,DMA,1953,0.32137483
Dominica,DMA,1954,0.3044066
Dominica,DMA,1955,0.28841746
Dominica,DMA,1956,0.27389035
Dominica,DMA,1957,0.26132622
Dominica,DMA,1958,0.25014555
Dominica,DMA,1959,0.23940308
Dominica,DMA,1960,0.23017369
Dominica,DMA,1961,0.22058594
Dominica,DMA,1962,0.2107058
Dominica,DMA,1963,0.20162204
Dominica,DMA,1964,0.19336505
Dominica,DMA,1965,0.18610741
Dominica,DMA,1966,0.17987752
Dominica,DMA,1967,0.1752568
Dominica,DMA,1968,0.17110454
Dominica,DMA,1969,0.16707097
Dominica,DMA,1970,0.16213143
Dominica,DMA,1971,0.15663762
Dominica,DMA,1972,0.14994602
Dominica,DMA,1973,0.14412956
Dominica,DMA,1974,0.139498
Dominica,DMA,1975,0.1358608
Dominica,DMA,1976,0.13332516
Dominica,DMA,1977,0.13143441
Dominica,DMA,1978,0.12927413
Dominica,DMA,1979,0.14313169
Dominica,DMA,1980,0.1251294
Dominica,DMA,1981,0.12300669
Dominica,DMA,1982,0.12167215
Dominica,DMA,1983,0.119850926
Dominica,DMA,1984,0.1196746
Dominica,DMA,1985,0.11725317
Dominica,DMA,1986,0.11655015
Dominica,DMA,1987,0.117003314
Dominica,DMA,1988,0.118793726
Dominica,DMA,1989,0.12076826
Dominica,DMA,1990,0.12246325
Dominica,DMA,1991,0.1238031
Dominica,DMA,1992,0.12338212
Dominica,DMA,1993,0.12232328
Dominica,DMA,1994,0.1211761
Dominica,DMA,1995,0.12123608
Dominica,DMA,1996,0.11953075
Dominica,DMA,1997,0.1188202
Dominica,DMA,1998,0.11799871
Dominica,DMA,1999,0.1169715
Dominica,DMA,2000,0.11574438
Dominica,DMA,2001,0.11467035
Dominica,DMA,2002,0.11401369
Dominica,DMA,2003,0.11366644
Dominica,DMA,2004,0.11319451
Dominica,DMA,2005,0.112789735
Dominica,DMA,2006,0.11259473
Dominica,DMA,2007,0.11326835
Dominica,DMA,2008,0.112171724
Dominica,DMA,2009,0.11254667
Dominica,DMA,2010,0.11346421
Dominica,DMA,2011,0.11457258
Dominica,DMA,2012,0.11583306
Dominica,DMA,2013,0.11702176
Dominica,DMA,2014,0.11746292
Dominica,DMA,2015,0.13192861
Dominica,DMA,2016,0.11653711
Dominica,DMA,2017,0.14647217
Dominica,DMA,2018,0.11459213
Dominica,DMA,2019,0.114171445
Dominica,DMA,2020,0.113705136
Dominica,DMA,2021,0.12199359
Dominica,DMA,2022,0.11399517
Dominica,DMA,2023,0.11425386
Dominican Republic,DOM,1950,0.39818242
Dominican Republic,DOM,1951,0.3891962
Dominican Republic,DOM,1952,0.38043976
Dominican Republic,DOM,1953,0.3723566
Dominican Republic,DOM,1954,0.36430624
Dominican Republic,DOM,1955,0.35622954
Dominican Republic,DOM,1956,0.34853354
Dominican Republic,DOM,1957,0.34108233
Dominican Republic,DOM,1958,0.33381915
Dominican Republic,DOM,1959,0.32657945
Dominican Republic,DOM,1960,0.31934848
Dominican Republic,DOM,1961,0.31196046
Dominican Republic,DOM,1962,0.30454683
Dominican Republic,DOM,1963,0.29942366
Dominican Republic,DOM,1964,0.29018497
Dominican Republic,DOM,1965,0.28525588
Dominican Republic,DOM,1966,0.27717698
Dominican Republic,DOM,1967,0.27034894
Dominican Republic,DOM,1968,0.26404878
Dominican Republic,DOM,1969,0.25797954
Dominican Republic,DOM,1970,0.25198573
Dominican Republic,DOM,1971,0.24594517
Dominican Republic,DOM,1972,0.24023499
Dominican Republic,DOM,1973,0.23483889
Dominican Republic,DOM,1974,0.22974312
Dominican Republic,DOM,1975,0.2250796
Dominican Republic,DOM,1976,0.22077043
Dominican Republic,DOM,1977,0.21667749
Dominican Republic,DOM,1978,0.21319932
Dominican Republic,DOM,1979,0.21636015
Dominican Republic,DOM,1980,0.20676775
Dominican Republic,DOM,1981,0.20378014
Dominican Republic,DOM,1982,0.20065609
Dominican Republic,DOM,1983,0.19713908
Dominican Republic,DOM,1984,0.19361313
Dominican Republic,DOM,1985,0.19015032
Dominican Republic,DOM,1986,0.18707107
Dominican Republic,DOM,1987,0.18396664
Dominican Republic,DOM,1988,0.18084343
Dominican Republic,DOM,1989,0.17768012
Dominican Republic,DOM,1990,0.17444405
Dominican Republic,DOM,1991,0.17091183
Dominican Republic,DOM,1992,0.16775261
Dominican Republic,DOM,1993,0.1649801
Dominican Republic,DOM,1994,0.16249631
Dominican Republic,DOM,1995,0.16052513
Dominican Republic,DOM,1996,0.15891412
Dominican Republic,DOM,1997,0.15722468
Dominican Republic,DOM,1998,0.15689029
Dominican Republic,DOM,1999,0.15409452
Dominican Republic,DOM,2000,0.15249771
Dominican Republic,DOM,2001,0.15118316
Dominican Republic,DOM,2002,0.15016899
Dominican Republic,DOM,2003,0.1497471
Dominican Republic,DOM,2004,0.15179823
Dominican Republic,DOM,2005,0.15005349
Dominican Republic,DOM,2006,0.1493092
Dominican Republic,DOM,2007,0.1484448
Dominican Republic,DOM,2008,0.14536268
Dominican Republic,DOM,2009,0.1427912
Dominican Republic,DOM,2010,0.13949783
Dominican Republic,DOM,2011,0.13850616
Dominican Republic,DOM,2012,0.13615382
Dominican Republic,DOM,2013,0.13549572
Dominican Republic,DOM,2014,0.13508496
Dominican Republic,DOM,2015,0.13549818
Dominican Republic,DOM,2016,0.13575569
Dominican Republic,DOM,2017,0.13266262
Dominican Republic,DOM,2018,0.1299725
Dominican Republic,DOM,2019,0.13042812
Dominican Republic,DOM,2020,0.12871511
Dominican Republic,DOM,2021,0.13035886
Dominican Republic,DOM,2022,0.12415166
Dominican Republic,DOM,2023,0.1256089
East Timor,TLS,1950,0.52909046
East Timor,TLS,1951,0.5258465
East Timor,TLS,1952,0.5226224
East Timor,TLS,1953,0.5194076
East Timor,TLS,1954,0.51619214
East Timor,TLS,1955,0.51296294
East Timor,TLS,1956,0.50970346
East Timor,TLS,1957,0.50622433
East Timor,TLS,1958,0.50261813
East Timor,TLS,1959,0.49890035
East Timor,TLS,1960,0.49503872
East Timor,TLS,1961,0.49100372
East Timor,TLS,1962,0.4867743
East Timor,TLS,1963,0.48228496
East Timor,TLS,1964,0.4773381
East Timor,TLS,1965,0.4722201
East Timor,TLS,1966,0.4669782
East Timor,TLS,1967,0.4616687
East Timor,TLS,1968,0.45624906
East Timor,TLS,1969,0.4505577
East Timor,TLS,1970,0.44496644
East Timor,TLS,1971,0.43951374
East Timor,TLS,1972,0.43422312
East Timor,TLS,1973,0.42892805
East Timor,TLS,1974,0.4560734
East Timor,TLS,1975,0.52982914
East Timor,TLS,1976,0.50862813
East Timor,TLS,1977,0.5254061
East Timor,TLS,1978,0.556132
East Timor,TLS,1979,0.53993624
East Timor,TLS,1980,0.45542178
East Timor,TLS,1981,0.44280896
East Timor,TLS,1982,0.42936805
East Timor,TLS,1983,0.4240479
East Timor,TLS,1984,0.40050057
East Timor,TLS,1985,0.4034452
East Timor,TLS,1986,0.3989112
East Timor,TLS,1987,0.38340768
East Timor,TLS,1988,0.38338685
East Timor,TLS,1989,0.37184048
East Timor,TLS,1990,0.3694177
East Timor,TLS,1991,0.36910105
East Timor,TLS,1992,0.35791498
East Timor,TLS,1993,0.3489788
East Timor,TLS,1994,0.341018
East Timor,TLS,1995,0.34360135
East Timor,TLS,1996,0.33563805
East Timor,TLS,1997,0.32741588
East Timor,TLS,1998,0.33121693
East Timor,TLS,1999,0.34480128
East Timor,TLS,2000,0.24083705
East Timor,TLS,2001,0.23405467
East Timor,TLS,2002,0.22719033
East Timor,TLS,2003,0.22098927
East Timor,TLS,2004,0.2152168
East Timor,TLS,2005,0.20983225
East Timor,TLS,2006,0.20384237
East Timor,TLS,2007,0.19896412
East Timor,TLS,2008,0.19461748
East Timor,TLS,2009,0.19080055
East Timor,TLS,2010,0.18673187
East Timor,TLS,2011,0.18294616
East Timor,TLS,2012,0.17955169
East Timor,TLS,2013,0.17645852
East Timor,TLS,2014,0.17362607
East Timor,TLS,2015,0.17088516
East Timor,TLS,2016,0.16831343
East Timor,TLS,2017,0.16558017
East Timor,TLS,2018,0.16242146
East Timor,TLS,2019,0.15943398
East Timor,TLS,2020,0.15553303
East Timor,TLS,2021,0.15667708
East Timor,TLS,2022,0.15185429
East Timor,TLS,2023,0.14913896
Ecuador,ECU,1950,0.34282988
Ecuador,ECU,1951,0.33910468
Ecuador,ECU,1952,0.33597976
Ecuador,ECU,1953,0.33289725
Ecuador,ECU,1954,0.3289299
Ecuador,ECU,1955,0.32467994
Ecuador,ECU,1956,0.31954527
Ecuador,ECU,1957,0.31363747
Ecuador,ECU,1958,0.3071249
Ecuador,ECU,1959,0.30017433
Ecuador,ECU,1960,0.29299176
Ecuador,ECU,1961,0.28584093
Ecuador,ECU,1962,0.2791028
Ecuador,ECU,1963,0.2725338
Ecuador,ECU,1964,0.26590276
Ecuador,ECU,1965,0.2600213
Ecuador,ECU,1966,0.25530985
Ecuador,ECU,1967,0.25054514
Ecuador,ECU,1968,0.24614808
Ecuador,ECU,1969,0.24296981
Ecuador,ECU,1970,0.23705046
Ecuador,ECU,1971,0.2318461
Ecuador,ECU,1972,0.2268221
Ecuador,ECU,1973,0.22151643
Ecuador,ECU,1974,0.21486838
Ecuador,ECU,1975,0.20846552
Ecuador,ECU,1976,0.20271873
Ecuador,ECU,1977,0.19730845
Ecuador,ECU,1978,0.19257574
Ecuador,ECU,1979,0.18796809
Ecuador,ECU,1980,0.18330924
Ecuador,ECU,1981,0.17867339
Ecuador,ECU,1982,0.17428407
Ecuador,ECU,1983,0.17066392
Ecuador,ECU,1984,0.16545522
Ecuador,ECU,1985,0.16153455
Ecuador,ECU,1986,0.15816993
Ecuador,ECU,1987,0.15508446
Ecuador,ECU,1988,0.15196398
Ecuador,ECU,1989,0.15165563
Ecuador,ECU,1990,0.1521434
Ecuador,ECU,1991,0.15521751
Ecuador,ECU,1992,0.1525996
Ecuador,ECU,1993,0.15085673
Ecuador,ECU,1994,0.14661995
Ecuador,ECU,1995,0.14400725
Ecuador,ECU,1996,0.14155214
Ecuador,ECU,1997,0.13975993
Ecuador,ECU,1998,0.13568243
Ecuador,ECU,1999,0.13208571
Ecuador,ECU,2000,0.1289652
Ecuador,ECU,2001,0.12729953
Ecuador,ECU,2002,0.12546311
Ecuador,ECU,2003,0.12325374
Ecuador,ECU,2004,0.12110507
Ecuador,ECU,2005,0.119655885
Ecuador,ECU,2006,0.11809861
Ecuador,ECU,2007,0.11657448
Ecuador,ECU,2008,0.116809234
Ecuador,ECU,2009,0.11530982
Ecuador,ECU,2010,0.11393045
Ecuador,ECU,2011,0.11074142
Ecuador,ECU,2012,0.10877692
Ecuador,ECU,2013,0.10665148
Ecuador,ECU,2014,0.1042945
Ecuador,ECU,2015,0.103664055
Ecuador,ECU,2016,0.1038223
Ecuador,ECU,2017,0.10117343
Ecuador,ECU,2018,0.105007194
Ecuador,ECU,2019,0.10497632
Ecuador,ECU,2020,0.1145635
Ecuador,ECU,2021,0.11312915
Ecuador,ECU,2022,0.10326113
Ecuador,ECU,2023,0.1014835
Egypt,EGY,1950,0.53033406
Egypt,EGY,1951,0.5152146
Egypt,EGY,1952,0.50025797
Egypt,EGY,1953,0.4858312
Egypt,EGY,1954,0.4720864
Egypt,EGY,1955,0.4592586
Egypt,EGY,1956,0.44751772
Egypt,EGY,1957,0.4364821
Egypt,EGY,1958,0.42612818
Egypt,EGY,1959,0.4161702
Egypt,EGY,1960,0.40642616
Egypt,EGY,1961,0.39856073
Egypt,EGY,1962,0.38965493
Egypt,EGY,1963,0.38117594
Egypt,EGY,1964,0.37330264
Egypt,EGY,1965,0.36621416
Egypt,EGY,1966,0.3600146
Egypt,EGY,1967,0.35484487
Egypt,EGY,1968,0.3500405
Egypt,EGY,1969,0.34598893
Egypt,EGY,1970,0.34186748
Egypt,EGY,1971,0.33731872
Egypt,EGY,1972,0.33222672
Egypt,EGY,1973,0.32657322
Egypt,EGY,1974,0.31941003
Egypt,EGY,1975,0.31171313
Egypt,EGY,1976,0.30339608
Egypt,EGY,1977,0.29473147
Egypt,EGY,1978,0.28590253
Egypt,EGY,1979,0.2770552
Egypt,EGY,1980,0.2681603
Egypt,EGY,1981,0.25928417
Egypt,EGY,1982,0.25041372
Egypt,EGY,1983,0.24157476
Egypt,EGY,1984,0.23284146
Egypt,EGY,1985,0.22434069
Egypt,EGY,1986,0.21618742
Egypt,EGY,1987,0.208441
Egypt,EGY,1988,0.20109968
Egypt,EGY,1989,0.19424862
Egypt,EGY,1990,0.18784583
Egypt,EGY,1991,0.18180524
Egypt,EGY,1992,0.17629448
Egypt,EGY,1993,0.17060366
Egypt,EGY,1994,0.16557057
Egypt,EGY,1995,0.16032699
Egypt,EGY,1996,0.15557966
Egypt,EGY,1997,0.15117536
Egypt,EGY,1998,0.14712118
Egypt,EGY,1999,0.14349762
Egypt,EGY,2000,0.14029267
Egypt,EGY,2001,0.13744518
Egypt,EGY,2002,0.13494402
Egypt,EGY,2003,0.13272533
Egypt,EGY,2004,0.13076632
Egypt,EGY,2005,0.12897944
Egypt,EGY,2006,0.1272618
Egypt,EGY,2007,0.12557878
Egypt,EGY,2008,0.12391868
Egypt,EGY,2009,0.12212992
Egypt,EGY,2010,0.12035001
Egypt,EGY,2011,0.1186589
Egypt,EGY,2012,0.11665802
Egypt,EGY,2013,0.1151303
Egypt,EGY,2014,0.11316421
Egypt,EGY,2015,0.1116444
Egypt,EGY,2016,0.10998989
Egypt,EGY,2017,0.10853377
Egypt,EGY,2018,0.10712539
Egypt,EGY,2019,0.10593453
Egypt,EGY,2020,0.10460607
Egypt,EGY,2021,0.103717126
Egypt,EGY,2022,0.10459677
Egypt,EGY,2023,0.102974415
El Salvador,SLV,1950,0.3698816
El Salvador,SLV,1951,0.3740986
El Salvador,SLV,1952,0.36519983
El Salvador,SLV,1953,0.36428276
El Salvador,SLV,1954,0.36107367
El Salvador,SLV,1955,0.35763535
El Salvador,SLV,1956,0.35389552
El Salvador,SLV,1957,0.34960875
El Salvador,SLV,1958,0.34487143
El Salvador,SLV,1959,0.34208906
El Salvador,SLV,1960,0.3387527
El Salvador,SLV,1961,0.33502266
El Salvador,SLV,1962,0.33094335
El Salvador,SLV,1963,0.32667065
El Salvador,SLV,1964,0.32237533
El Salvador,SLV,1965,0.3170795
El Salvador,SLV,1966,0.31014946
El Salvador,SLV,1967,0.30522302
El Salvador,SLV,1968,0.30055675
El Salvador,SLV,1969,0.2938961
El Salvador,SLV,1970,0.2893748
El Salvador,SLV,1971,0.28461796
El Salvador,SLV,1972,0.27833748
El Salvador,SLV,1973,0.27142704
El Salvador,SLV,1974,0.26559147
El Salvador,SLV,1975,0.26170126
El Salvador,SLV,1976,0.25525522
El Salvador,SLV,1977,0.25350684
El Salvador,SLV,1978,0.24694154
El Salvador,SLV,1979,0.24586862
El Salvador,SLV,1980,0.24828541
El Salvador,SLV,1981,0.24332204
El Salvador,SLV,1982,0.2331391
El Salvador,SLV,1983,0.22383553
El Salvador,SLV,1984,0.21319611
El Salvador,SLV,1985,0.20558767
El Salvador,SLV,1986,0.20053816
El Salvador,SLV,1987,0.19252649
El Salvador,SLV,1988,0.1867837
El Salvador,SLV,1989,0.17961802
El Salvador,SLV,1990,0.17145824
El Salvador,SLV,1991,0.16495201
El Salvador,SLV,1992,0.15930554
El Salvador,SLV,1993,0.15560284
El Salvador,SLV,1994,0.15135853
El Salvador,SLV,1995,0.14762884
El Salvador,SLV,1996,0.1448924
El Salvador,SLV,1997,0.14153908
El Salvador,SLV,1998,0.1412581
El Salvador,SLV,1999,0.13639313
El Salvador,SLV,2000,0.13404004
El Salvador,SLV,2001,0.13326927
El Salvador,SLV,2002,0.12973785
El Salvador,SLV,2003,0.12901144
El Salvador,SLV,2004,0.12586898
El Salvador,SLV,2005,0.12516986
El Salvador,SLV,2006,0.12319728
El Salvador,SLV,2007,0.12241837
El Salvador,SLV,2008,0.12134481
El Salvador,SLV,2009,0.1215928
El Salvador,SLV,2010,0.11839009
El Salvador,SLV,2011,0.117058344
El Salvador,SLV,2012,0.115189135
El Salvador,SLV,2013,0.11460102
El Salvador,SLV,2014,0.113900796
El Salvador,SLV,2015,0.11408317
El Salvador,SLV,2016,0.11375953
El Salvador,SLV,2017,0.1133079
El Salvador,SLV,2018,0.11218238
El Salvador,SLV,2019,0.1105254
El Salvador,SLV,2020,0.111618906
El Salvador,SLV,2021,0.11269157
El Salvador,SLV,2022,0.10934176
El Salvador,SLV,2023,0.108703025
England and Wales,,1841,0.41344035
England and Wales,,1842,0.4193254
England and Wales,,1843,0.41419095
England and Wales,,1844,0.41561142
England and Wales,,1845,0.40615913
England and Wales,,1846,0.43375546
England and Wales,,1847,0.43863878
England and Wales,,1848,0.4361345
England and Wales,,1849,0.4474006
England and Wales,,1850,0.4044123
England and Wales,,1851,0.41871357
England and Wales,,1852,0.4237161
England and Wales,,1853,0.42150137
England and Wales,,1854,0.4384401
England and Wales,,1855,0.41336566
England and Wales,,1856,0.40227172
England and Wales,,1857,0.41460502
England and Wales,,1858,0.43483245
England and Wales,,1859,0.4272764
England and Wales,,1860,0.39496574
England and Wales,,1861,0.40713823
England and Wales,,1862,0.40480667
England and Wales,,1863,0.43079153
England and Wales,,1864,0.4252872
England and Wales,,1865,0.41833577
England and Wales,,1866,0.4196654
England and Wales,,1867,0.395935
England and Wales,,1868,0.41137528
England and Wales,,1869,0.4095626
England and Wales,,1870,0.41469058
England and Wales,,1871,0.4094454
England and Wales,,1872,0.3946699
England and Wales,,1873,0.37908474
England and Wales,,1874,0.3992658
England and Wales,,1875,0.39544493
England and Wales,,1876,0.38186607
England and Wales,,1877,0.36836827
England and Wales,,1878,0.38887763
England and Wales,,1879,0.3660496
England and Wales,,1880,0.38560775
England and Wales,,1881,0.3551241
England and Wales,,1882,0.37401226
England and Wales,,1883,0.36433426
England and Wales,,1884,0.37380588
England and Wales,,1885,0.3577597
England and Wales,,1886,0.36258173
England and Wales,,1887,0.3604479
England and Wales,,1888,0.34622777
England and Wales,,1889,0.35673335
England and Wales,,1890,0.36384737
England and Wales,,1891,0.36168244
England and Wales,,1892,0.35554963
England and Wales,,1893,0.36781788
England and Wales,,1894,0.3396043
England and Wales,,1895,0.35801575
England and Wales,,1896,0.35138914
England and Wales,,1897,0.3483663
England and Wales,,1898,0.35059324
England and Wales,,1899,0.35255677
England and Wales,,1900,0.3469983
England and Wales,,1901,0.3382417
England and Wales,,1902,0.3242773
England and Wales,,1903,0.31460333
England and Wales,,1904,0.32749504
England and Wales,,1905,0.30851245
England and Wales,,1906,0.31194642
England and Wales,,1907,0.29860717
England and Wales,,1908,0.29637662
England and Wales,,1909,0.2863285
England and Wales,,1910,0.27804413
England and Wales,,1911,0.30638903
England and Wales,,1912,0.26924846
England and Wales,,1913,0.27810484
England and Wales,,1914,0.2786162
England and Wales,,1915,0.2867455
England and Wales,,1916,0.2591266
England and Wales,,1917,0.2619266
England and Wales,,1918,0.3383348
England and Wales,,1919,0.26802284
England and Wales,,1920,0.25800204
England and Wales,,1921,0.23812422
England and Wales,,1922,0.23771521
England and Wales,,1923,0.22141764
England and Wales,,1924,0.2281028
England and Wales,,1925,0.22877973
England and Wales,,1926,0.2189822
England and Wales,,1927,0.21942723
England and Wales,,1928,0.21341051
England and Wales,,1929,0.2297506
England and Wales,,1930,0.2062679
England and Wales,,1931,0.21038404
England and Wales,,1932,0.20599167
England and Wales,,1933,0.20485908
England and Wales,,1934,0.20315883
England and Wales,,1935,0.1937447
England and Wales,,1936,0.19297758
England and Wales,,1937,0.19080028
England and Wales,,1938,0.18262853
England and Wales,,1939,0.17397746
England and Wales,,1940,0.19079898
England and Wales,,1941,0.19414091
England and Wales,,1942,0.17484245
England and Wales,,1943,0.17145845
England and Wales,,1944,0.16764933
England and Wales,,1945,0.16142003
England and Wales,,1946,0.1557542
England and Wales,,1947,0.15220557
England and Wales,,1948,0.14212956
England and Wales,,1949,0.13646768
Equatorial Guinea,GNQ,1950,0.43197706
Equatorial Guinea,GNQ,1951,0.42926142
Equatorial Guinea,GNQ,1952,0.42656255
Equatorial Guinea,GNQ,1953,0.4238608
Equatorial Guinea,GNQ,1954,0.4211994
Equatorial Guinea,GNQ,1955,0.41844046
Equatorial Guinea,GNQ,1956,0.4156729
Equatorial Guinea,GNQ,1957,0.41290426
Equatorial Guinea,GNQ,1958,0.4101265
Equatorial Guinea,GNQ,1959,0.40732357
Equatorial Guinea,GNQ,1960,0.4045096
Equatorial Guinea,GNQ,1961,0.40168828
Equatorial Guinea,GNQ,1962,0.39886314
Equatorial Guinea,GNQ,1963,0.39603707
Equatorial Guinea,GNQ,1964,0.3932285
Equatorial Guinea,GNQ,1965,0.3904151
Equatorial Guinea,GNQ,1966,0.3875655
Equatorial Guinea,GNQ,1967,0.38480023
Equatorial Guinea,GNQ,1968,0.3820628
Equatorial Guinea,GNQ,1969,0.48065072
Equatorial Guinea,GNQ,1970,0.47926676
Equatorial Guinea,GNQ,1971,0.4375421
Equatorial Guinea,GNQ,1972,0.38281113
Equatorial Guinea,GNQ,1973,0.3803677
Equatorial Guinea,GNQ,1974,0.40394378
Equatorial Guinea,GNQ,1975,0.43334588
Equatorial Guinea,GNQ,1976,0.47686198
Equatorial Guinea,GNQ,1977,0.39719152
Equatorial Guinea,GNQ,1978,0.39387593
Equatorial Guinea,GNQ,1979,0.37367648
Equatorial Guinea,GNQ,1980,0.34033567
Equatorial Guinea,GNQ,1981,0.3402589
Equatorial Guinea,GNQ,1982,0.33092356
Equatorial Guinea,GNQ,1983,0.32795435
Equatorial Guinea,GNQ,1984,0.32609728
Equatorial Guinea,GNQ,1985,0.32182378
Equatorial Guinea,GNQ,1986,0.31914923
Equatorial Guinea,GNQ,1987,0.31743386
Equatorial Guinea,GNQ,1988,0.31533793
Equatorial Guinea,GNQ,1989,0.31400394
Equatorial Guinea,GNQ,1990,0.312852
Equatorial Guinea,GNQ,1991,0.3117533
Equatorial Guinea,GNQ,1992,0.3106992
Equatorial Guinea,GNQ,1993,0.30955583
Equatorial Guinea,GNQ,1994,0.30829254
Equatorial Guinea,GNQ,1995,0.30667377
Equatorial Guinea,GNQ,1996,0.30463716
Equatorial Guinea,GNQ,1997,0.30187306
Equatorial Guinea,GNQ,1998,0.29870164
Equatorial Guinea,GNQ,1999,0.29492575
Equatorial Guinea,GNQ,2000,0.2906834
Equatorial Guinea,GNQ,2001,0.28626782
Equatorial Guinea,GNQ,2002,0.28136697
Equatorial Guinea,GNQ,2003,0.2763227
Equatorial Guinea,GNQ,2004,0.27087587
Equatorial Guinea,GNQ,2005,0.26609537
Equatorial Guinea,GNQ,2006,0.26060432
Equatorial Guinea,GNQ,2007,0.2549854
Equatorial Guinea,GNQ,2008,0.24922942
Equatorial Guinea,GNQ,2009,0.24398589
Equatorial Guinea,GNQ,2010,0.23897597
Equatorial Guinea,GNQ,2011,0.23406816
Equatorial Guinea,GNQ,2012,0.22922263
Equatorial Guinea,GNQ,2013,0.22445087
Equatorial Guinea,GNQ,2014,0.21997947
Equatorial Guinea,GNQ,2015,0.21571493
Equatorial Guinea,GNQ,2016,0.21141689
Equatorial Guinea,GNQ,2017,0.20718658
Equatorial Guinea,GNQ,2018,0.20336947
Equatorial Guinea,GNQ,2019,0.19930248
Equatorial Guinea,GNQ,2020,0.19475527
Equatorial Guinea,GNQ,2021,0.19319916
Equatorial Guinea,GNQ,2022,0.18767734
Equatorial Guinea,GNQ,2023,0.18359104
Eritrea,ERI,1950,0.48595676
Eritrea,ERI,1951,0.48244476
Eritrea,ERI,1952,0.47850376
Eritrea,ERI,1953,0.47436625
Eritrea,ERI,1954,0.46947294
Eritrea,ERI,1955,0.46538773
Eritrea,ERI,1956,0.460127
Eritrea,ERI,1957,0.5182415
Eritrea,ERI,1958,0.51222557
Eritrea,ERI,1959,0.44475648
Eritrea,ERI,1960,0.43957296
Eritrea,ERI,1961,0.43446866
Eritrea,ERI,1962,0.429653
Eritrea,ERI,1963,0.4247203
Eritrea,ERI,1964,0.42046627
Eritrea,ERI,1965,0.4162144
Eritrea,ERI,1966,0.43728676
Eritrea,ERI,1967,0.40874848
Eritrea,ERI,1968,0.40515763
Eritrea,ERI,1969,0.40179265
Eritrea,ERI,1970,0.39803332
Eritrea,ERI,1971,0.39429262
Eritrea,ERI,1972,0.40302467
Eritrea,ERI,1973,0.3985117
Eritrea,ERI,1974,0.41684687
Eritrea,ERI,1975,0.4120155
Eritrea,ERI,1976,0.37316224
Eritrea,ERI,1977,0.3691491
Eritrea,ERI,1978,0.3653858
Eritrea,ERI,1979,0.36236197
Eritrea,ERI,1980,0.3580192
Eritrea,ERI,1981,0.35505888
Eritrea,ERI,1982,0.35226157
Eritrea,ERI,1983,0.4375683
Eritrea,ERI,1984,0.43251693
Eritrea,ERI,1985,0.42360252
Eritrea,ERI,1986,0.41772836
Eritrea,ERI,1987,0.33227122
Eritrea,ERI,1988,0.32654986
Eritrea,ERI,1989,0.325916
Eritrea,ERI,1990,0.31324956
Eritrea,ERI,1991,0.30570346
Eritrea,ERI,1992,0.29621807
Eritrea,ERI,1993,0.28880224
Eritrea,ERI,1994,0.28061116
Eritrea,ERI,1995,0.27273884
Eritrea,ERI,1996,0.265419
Eritrea,ERI,1997,0.25819924
Eritrea,ERI,1998,0.25710922
Eritrea,ERI,1999,0.2784298
Eritrea,ERI,2000,0.24824294
Eritrea,ERI,2001,0.23577009
Eritrea,ERI,2002,0.2302979
Eritrea,ERI,2003,0.22515829
Eritrea,ERI,2004,0.22017933
Eritrea,ERI,2005,0.21516392
Eritrea,ERI,2006,0.20899628
Eritrea,ERI,2007,0.20404154
Eritrea,ERI,2008,0.1998022
Eritrea,ERI,2009,0.19401848
Eritrea,ERI,2010,0.18976142
Eritrea,ERI,2011,0.18516822
Eritrea,ERI,2012,0.18125863
Eritrea,ERI,2013,0.17804769
Eritrea,ERI,2014,0.17423257
Eritrea,ERI,2015,0.17080723
Eritrea,ERI,2016,0.16774638
Eritrea,ERI,2017,0.1648093
Eritrea,ERI,2018,0.16193326
Eritrea,ERI,2019,0.15935685
Eritrea,ERI,2020,0.15724237
Eritrea,ERI,2021,0.15679008
Eritrea,ERI,2022,0.1527097
Eritrea,ERI,2023,0.14881025
Estonia,EST,1950,0.14915527
Estonia,EST,1951,0.14591841
Estonia,EST,1952,0.14284797
Estonia,EST,1953,0.14000611
Estonia,EST,1954,0.13722084
Estonia,EST,1955,0.13454735
Estonia,EST,1956,0.13224572
Estonia,EST,1957,0.12997203
Estonia,EST,1958,0.1307487
Estonia,EST,1959,0.13293271
Estonia,EST,1960,0.12608202
Estonia,EST,1961,0.12078091
Estonia,EST,1962,0.118611865
Estonia,EST,1963,0.121278785
Estonia,EST,1964,0.12029048
Estonia,EST,1965,0.11244732
Estonia,EST,1966,0.11167861
Estonia,EST,1967,0.11121017
Estonia,EST,1968,0.11389391
Estonia,EST,1969,0.10918324
Estonia,EST,1970,0.10972052
Estonia,EST,1971,0.11021287
Estonia,EST,1972,0.11056287
Estonia,EST,1973,0.1114141
Estonia,EST,1974,0.111341104
Estonia,EST,1975,0.10934926
Estonia,EST,1976,0.1100181
Estonia,EST,1977,0.11191206
Estonia,EST,1978,0.10892779
Estonia,EST,1979,0.113322355
Estonia,EST,1980,0.1135753
Estonia,EST,1981,0.11582631
Estonia,EST,1982,0.11209556
Estonia,EST,1983,0.11070457
Estonia,EST,1984,0.11136877
Estonia,EST,1985,0.10887619
Estonia,EST,1986,0.10864294
Estonia,EST,1987,0.10756755
Estonia,EST,1988,0.10707446
Estonia,EST,1989,0.11121725
Estonia,EST,1990,0.108429395
Estonia,EST,1991,0.10821243
Estonia,EST,1992,0.111432396
Estonia,EST,1993,0.11470276
Estonia,EST,1994,0.12445937
Estonia,EST,1995,0.11632862
Estonia,EST,1996,0.107941724
Estonia,EST,1997,0.10782871
Estonia,EST,1998,0.10907004
Estonia,EST,1999,0.10837823
Estonia,EST,2000,0.10693256
Estonia,EST,2001,0.10746854
Estonia,EST,2002,0.1004435
Estonia,EST,2003,0.10071361
Estonia,EST,2004,0.09770752
Estonia,EST,2005,0.097868755
Estonia,EST,2006,0.09570785
Estonia,EST,2007,0.09623748
Estonia,EST,2008,0.09283204
Estonia,EST,2009,0.08953884
Estonia,EST,2010,0.08707985
Estonia,EST,2011,0.08734996
Estonia,EST,2012,0.087614596
Estonia,EST,2013,0.08605222
Estonia,EST,2014,0.08598603
Estonia,EST,2015,0.08507549
Estonia,EST,2016,0.086303174
Estonia,EST,2017,0.081926756
Estonia,EST,2018,0.081406586
Estonia,EST,2019,0.08179169
Estonia,EST,2020,0.082763545
Estonia,EST,2021,0.0870554
Estonia,EST,2022,0.08351971
Estonia,EST,2023,0.07978794
Eswatini,SWZ,1950,0.38803393
Eswatini,SWZ,1951,0.3848321
Eswatini,SWZ,1952,0.3817731
Eswatini,SWZ,1953,0.3787279
Eswatini,SWZ,1954,0.37547538
Eswatini,SWZ,1955,0.3724268
Eswatini,SWZ,1956,0.36960247
Eswatini,SWZ,1957,0.36582327
Eswatini,SWZ,1958,0.36251852
Eswatini,SWZ,1959,0.35901606
Eswatini,SWZ,1960,0.3556551
Eswatini,SWZ,1961,0.35182148
Eswatini,SWZ,1962,0.34764332
Eswatini,SWZ,1963,0.3439722
Eswatini,SWZ,1964,0.33953753
Eswatini,SWZ,1965,0.33457556
Eswatini,SWZ,1966,0.32933733
Eswatini,SWZ,1967,0.3241819
Eswatini,SWZ,1968,0.318693
Eswatini,SWZ,1969,0.3131263
Eswatini,SWZ,1970,0.307296
Eswatini,SWZ,1971,0.3012941
Eswatini,SWZ,1972,0.29543403
Eswatini,SWZ,1973,0.28898123
Eswatini,SWZ,1974,0.2820659
Eswatini,SWZ,1975,0.27502006
Eswatini,SWZ,1976,0.26906115
Eswatini,SWZ,1977,0.26177984
Eswatini,SWZ,1978,0.25361335
Eswatini,SWZ,1979,0.24623828
Eswatini,SWZ,1980,0.23919816
Eswatini,SWZ,1981,0.23297925
Eswatini,SWZ,1982,0.2259695
Eswatini,SWZ,1983,0.2347214
Eswatini,SWZ,1984,0.21534942
Eswatini,SWZ,1985,0.20802927
Eswatini,SWZ,1986,0.20282002
Eswatini,SWZ,1987,0.19847377
Eswatini,SWZ,1988,0.19610228
Eswatini,SWZ,1989,0.19613557
Eswatini,SWZ,1990,0.19847287
Eswatini,SWZ,1991,0.20339352
Eswatini,SWZ,1992,0.21173787
Eswatini,SWZ,1993,0.22092475
Eswatini,SWZ,1994,0.23238404
Eswatini,SWZ,1995,0.24473166
Eswatini,SWZ,1996,0.25845253
Eswatini,SWZ,1997,0.26893723
Eswatini,SWZ,1998,0.27875042
Eswatini,SWZ,1999,0.28652626
Eswatini,SWZ,2000,0.29387352
Eswatini,SWZ,2001,0.30039454
Eswatini,SWZ,2002,0.30267382
Eswatini,SWZ,2003,0.3049876
Eswatini,SWZ,2004,0.3060637
Eswatini,SWZ,2005,0.30383196
Eswatini,SWZ,2006,0.29933107
Eswatini,SWZ,2007,0.29457977
Eswatini,SWZ,2008,0.2905458
Eswatini,SWZ,2009,0.28326935
Eswatini,SWZ,2010,0.2750201
Eswatini,SWZ,2011,0.26913205
Eswatini,SWZ,2012,0.25845158
Eswatini,SWZ,2013,0.2500815
Eswatini,SWZ,2014,0.24307758
Eswatini,SWZ,2015,0.23498432
Eswatini,SWZ,2016,0.22739643
Eswatini,SWZ,2017,0.21937731
Eswatini,SWZ,2018,0.2125726
Eswatini,SWZ,2019,0.20581315
Eswatini,SWZ,2020,0.19756187
Eswatini,SWZ,2021,0.19718222
Eswatini,SWZ,2022,0.1854171
Eswatini,SWZ,2023,0.17862323
Ethiopia,ETH,1950,0.4622326
Ethiopia,ETH,1951,0.45864308
Ethiopia,ETH,1952,0.4546223
Ethiopia,ETH,1953,0.45095593
Ethiopia,ETH,1954,0.44668013
Ethiopia,ETH,1955,0.44219527
Ethiopia,ETH,1956,0.43704367
Ethiopia,ETH,1957,0.49968374
Ethiopia,ETH,1958,0.4946351
Ethiopia,ETH,1959,0.4214961
Ethiopia,ETH,1960,0.41633484
Ethiopia,ETH,1961,0.41128775
Ethiopia,ETH,1962,0.40827787
Ethiopia,ETH,1963,0.4037814
Ethiopia,ETH,1964,0.40042463
Ethiopia,ETH,1965,0.39808297
Ethiopia,ETH,1966,0.4207587
Ethiopia,ETH,1967,0.39252132
Ethiopia,ETH,1968,0.3909873
Ethiopia,ETH,1969,0.39055812
Ethiopia,ETH,1970,0.39051577
Ethiopia,ETH,1971,0.39011267
Ethiopia,ETH,1972,0.40279907
Ethiopia,ETH,1973,0.40196064
Ethiopia,ETH,1974,0.4237545
Ethiopia,ETH,1975,0.42410862
Ethiopia,ETH,1976,0.3957162
Ethiopia,ETH,1977,0.39477295
Ethiopia,ETH,1978,0.39393994
Ethiopia,ETH,1979,0.38622734
Ethiopia,ETH,1980,0.382599
Ethiopia,ETH,1981,0.37992644
Ethiopia,ETH,1982,0.37696972
Ethiopia,ETH,1983,0.45757845
Ethiopia,ETH,1984,0.45484212
Ethiopia,ETH,1985,0.4463907
Ethiopia,ETH,1986,0.44217
Ethiopia,ETH,1987,0.36603934
Ethiopia,ETH,1988,0.36743143
Ethiopia,ETH,1989,0.36536703
Ethiopia,ETH,1990,0.36736792
Ethiopia,ETH,1991,0.3581617
Ethiopia,ETH,1992,0.35374272
Ethiopia,ETH,1993,0.34876376
Ethiopia,ETH,1994,0.3445159
Ethiopia,ETH,1995,0.34020612
Ethiopia,ETH,1996,0.3349096
Ethiopia,ETH,1997,0.32952717
Ethiopia,ETH,1998,0.3233061
Ethiopia,ETH,1999,0.32029432
Ethiopia,ETH,2000,0.3130785
Ethiopia,ETH,2001,0.30757162
Ethiopia,ETH,2002,0.2999262
Ethiopia,ETH,2003,0.29210687
Ethiopia,ETH,2004,0.28264004
Ethiopia,ETH,2005,0.27495524
Ethiopia,ETH,2006,0.2644519
Ethiopia,ETH,2007,0.25238758
Ethiopia,ETH,2008,0.24116193
Ethiopia,ETH,2009,0.23170742
Ethiopia,ETH,2010,0.22291376
Ethiopia,ETH,2011,0.21541934
Ethiopia,ETH,2012,0.2079165
Ethiopia,ETH,2013,0.20044944
Ethiopia,ETH,2014,0.19328296
Ethiopia,ETH,2015,0.1868625
Ethiopia,ETH,2016,0.18121997
Ethiopia,ETH,2017,0.17571892
Ethiopia,ETH,2018,0.1711804
Ethiopia,ETH,2019,0.16667627
Ethiopia,ETH,2020,0.16135672
Ethiopia,ETH,2021,0.16151047
Ethiopia,ETH,2022,0.15486422
Ethiopia,ETH,2023,0.15148906
Europe (UN),UN_EUR,1950,0.20576984
Europe (UN),UN_EUR,1951,0.20480248
Europe (UN),UN_EUR,1952,0.19219612
Europe (UN),UN_EUR,1953,0.18262173
Europe (UN),UN_EUR,1954,0.17642839
Europe (UN),UN_EUR,1955,0.16844109
Europe (UN),UN_EUR,1956,0.15413801
Europe (UN),UN_EUR,1957,0.15320781
Europe (UN),UN_EUR,1958,0.14597644
Europe (UN),UN_EUR,1959,0.14350547
Europe (UN),UN_EUR,1960,0.13817962
Europe (UN),UN_EUR,1961,0.13485853
Europe (UN),UN_EUR,1962,0.13222967
Europe (UN),UN_EUR,1963,0.1299957
Europe (UN),UN_EUR,1964,0.12751469
Europe (UN),UN_EUR,1965,0.124859095
Europe (UN),UN_EUR,1966,0.12369924
Europe (UN),UN_EUR,1967,0.12275302
Europe (UN),UN_EUR,1968,0.12168937
Europe (UN),UN_EUR,1969,0.121880166
Europe (UN),UN_EUR,1970,0.12020243
Europe (UN),UN_EUR,1971,0.118465535
Europe (UN),UN_EUR,1972,0.11713776
Europe (UN),UN_EUR,1973,0.116008
Europe (UN),UN_EUR,1974,0.11522986
Europe (UN),UN_EUR,1975,0.11486654
Europe (UN),UN_EUR,1976,0.1141549
Europe (UN),UN_EUR,1977,0.1135647
Europe (UN),UN_EUR,1978,0.11285626
Europe (UN),UN_EUR,1979,0.112167336
Europe (UN),UN_EUR,1980,0.11137365
Europe (UN),UN_EUR,1981,0.11023454
Europe (UN),UN_EUR,1982,0.10920623
Europe (UN),UN_EUR,1983,0.10842523
Europe (UN),UN_EUR,1984,0.108544834
Europe (UN),UN_EUR,1985,0.10700473
Europe (UN),UN_EUR,1986,0.10547533
Europe (UN),UN_EUR,1987,0.10517075
Europe (UN),UN_EUR,1988,0.10452676
Europe (UN),UN_EUR,1989,0.10400905
Europe (UN),UN_EUR,1990,0.10349905
Europe (UN),UN_EUR,1991,0.103646636
Europe (UN),UN_EUR,1992,0.104846254
Europe (UN),UN_EUR,1993,0.10636535
Europe (UN),UN_EUR,1994,0.10666159
Europe (UN),UN_EUR,1995,0.10582336
Europe (UN),UN_EUR,1996,0.10374272
Europe (UN),UN_EUR,1997,0.10206375
Europe (UN),UN_EUR,1998,0.1009571
Europe (UN),UN_EUR,1999,0.101442195
Europe (UN),UN_EUR,2000,0.10111411
Europe (UN),UN_EUR,2001,0.1010426
Europe (UN),UN_EUR,2002,0.10078065
Europe (UN),UN_EUR,2003,0.10013176
Europe (UN),UN_EUR,2004,0.09997486
Europe (UN),UN_EUR,2005,0.09930313
Europe (UN),UN_EUR,2006,0.09799382
Europe (UN),UN_EUR,2007,0.09681933
Europe (UN),UN_EUR,2008,0.09582511
Europe (UN),UN_EUR,2009,0.09481252
Europe (UN),UN_EUR,2010,0.0948183
Europe (UN),UN_EUR,2011,0.092843555
Europe (UN),UN_EUR,2012,0.09179522
Europe (UN),UN_EUR,2013,0.09104233
Europe (UN),UN_EUR,2014,0.090832435
Europe (UN),UN_EUR,2015,0.08966593
Europe (UN),UN_EUR,2016,0.08951498
Europe (UN),UN_EUR,2017,0.08808976
Europe (UN),UN_EUR,2018,0.08792432
Europe (UN),UN_EUR,2019,0.087969586
Europe (UN),UN_EUR,2020,0.08958874
Europe (UN),UN_EUR,2021,0.0929639
Europe (UN),UN_EUR,2022,0.08855056
Europe (UN),UN_EUR,2023,0.085866995
Falkland Islands,FLK,1950,0.3220428
Falkland Islands,FLK,1951,0.31926766
Falkland Islands,FLK,1952,0.3165025
Falkland Islands,FLK,1953,0.31152135
Falkland Islands,FLK,1954,0.30578974
Falkland Islands,FLK,1955,0.30081043
Falkland Islands,FLK,1956,0.29583204
Falkland Islands,FLK,1957,0.29111445
Falkland Islands,FLK,1958,0.28625506
Falkland Islands,FLK,1959,0.28213856
Falkland Islands,FLK,1960,0.2786625
Falkland Islands,FLK,1961,0.27599555
Falkland Islands,FLK,1962,0.27350757
Falkland Islands,FLK,1963,0.27187186
Falkland Islands,FLK,1964,0.27026677
Falkland Islands,FLK,1965,0.26839048
Falkland Islands,FLK,1966,0.26673567
Falkland Islands,FLK,1967,0.26556107
Falkland Islands,FLK,1968,0.26410776
Falkland Islands,FLK,1969,0.2622508
Falkland Islands,FLK,1970,0.26085028
Falkland Islands,FLK,1971,0.25876686
Falkland Islands,FLK,1972,0.25667557
Falkland Islands,FLK,1973,0.25488275
Falkland Islands,FLK,1974,0.25388458
Falkland Islands,FLK,1975,0.25304127
Falkland Islands,FLK,1976,0.25386912
Falkland Islands,FLK,1977,0.2565923
Falkland Islands,FLK,1978,0.2613655
Falkland Islands,FLK,1979,0.26728863
Falkland Islands,FLK,1980,0.2749255
Falkland Islands,FLK,1981,0.2828731
Falkland Islands,FLK,1982,0.29008248
Falkland Islands,FLK,1983,0.29601786
Falkland Islands,FLK,1984,0.30031845
Falkland Islands,FLK,1985,0.30278555
Falkland Islands,FLK,1986,0.30322662
Falkland Islands,FLK,1987,0.30147994
Falkland Islands,FLK,1988,0.29743332
Falkland Islands,FLK,1989,0.2907568
Falkland Islands,FLK,1990,0.28107715
Falkland Islands,FLK,1991,0.26838708
Falkland Islands,FLK,1992,0.25263497
Falkland Islands,FLK,1993,0.23448786
Falkland Islands,FLK,1994,0.21509428
Falkland Islands,FLK,1995,0.19456916
Falkland Islands,FLK,1996,0.174845
Falkland Islands,FLK,1997,0.15691386
Falkland Islands,FLK,1998,0.1416537
Falkland Islands,FLK,1999,0.12881607
Falkland Islands,FLK,2000,0.119837336
Falkland Islands,FLK,2001,0.113224365
Falkland Islands,FLK,2002,0.108373255
Falkland Islands,FLK,2003,0.10487315
Falkland Islands,FLK,2004,0.10212826
Falkland Islands,FLK,2005,0.09964897
Falkland Islands,FLK,2006,0.097701915
Falkland Islands,FLK,2007,0.09596196
Falkland Islands,FLK,2008,0.09455882
Falkland Islands,FLK,2009,0.09332702
Falkland Islands,FLK,2010,0.09252077
Falkland Islands,FLK,2011,0.09195387
Falkland Islands,FLK,2012,0.09148668
Falkland Islands,FLK,2013,0.091311775
Falkland Islands,FLK,2014,0.09126503
Falkland Islands,FLK,2015,0.09107229
Falkland Islands,FLK,2016,0.09095777
Falkland Islands,FLK,2017,0.0907521
Falkland Islands,FLK,2018,0.0903046
Falkland Islands,FLK,2019,0.08984893
Falkland Islands,FLK,2020,0.08930452
Falkland Islands,FLK,2021,0.08863384
Falkland Islands,FLK,2022,0.08840458
Falkland Islands,FLK,2023,0.08808538
Faroe Islands,FRO,1950,0.2063992
Faroe Islands,FRO,1951,0.19689532
Faroe Islands,FRO,1952,0.18795277
Faroe Islands,FRO,1953,0.17791574
Faroe Islands,FRO,1954,0.16658759
Faroe Islands,FRO,1955,0.15453506
Faroe Islands,FRO,1956,0.14283009
Faroe Islands,FRO,1957,0.1325515
Faroe Islands,FRO,1958,0.124108665
Faroe Islands,FRO,1959,0.1174903
Faroe Islands,FRO,1960,0.11237314
Faroe Islands,FRO,1961,0.108477436
Faroe Islands,FRO,1962,0.10543004
Faroe Islands,FRO,1963,0.10301423
Faroe Islands,FRO,1964,0.10112187
Faroe Islands,FRO,1965,0.09966075
Faroe Islands,FRO,1966,0.098585114
Faroe Islands,FRO,1967,0.09780525
Faroe Islands,FRO,1968,0.0971233
Faroe Islands,FRO,1969,0.09662969
Faroe Islands,FRO,1970,0.09610929
Faroe Islands,FRO,1971,0.09547114
Faroe Islands,FRO,1972,0.094907716
Faroe Islands,FRO,1973,0.09444331
Faroe Islands,FRO,1974,0.094287805
Faroe Islands,FRO,1975,0.09419719
Faroe Islands,FRO,1976,0.094337195
Faroe Islands,FRO,1977,0.09425228
Faroe Islands,FRO,1978,0.09410459
Faroe Islands,FRO,1979,0.0938136
Faroe Islands,FRO,1980,0.09308938
Faroe Islands,FRO,1981,0.09206107
Faroe Islands,FRO,1982,0.09099264
Faroe Islands,FRO,1983,0.08995822
Faroe Islands,FRO,1984,0.08899727
Faroe Islands,FRO,1985,0.08813257
Faroe Islands,FRO,1986,0.08732851
Faroe Islands,FRO,1987,0.086600356
Faroe Islands,FRO,1988,0.08589351
Faroe Islands,FRO,1989,0.08524435
Faroe Islands,FRO,1990,0.0846953
Faroe Islands,FRO,1991,0.084252365
Faroe Islands,FRO,1992,0.08393175
Faroe Islands,FRO,1993,0.08369992
Faroe Islands,FRO,1994,0.08353171
Faroe Islands,FRO,1995,0.08337413
Faroe Islands,FRO,1996,0.08318158
Faroe Islands,FRO,1997,0.08292793
Faroe Islands,FRO,1998,0.08262061
Faroe Islands,FRO,1999,0.082278274
Faroe Islands,FRO,2000,0.081956044
Faroe Islands,FRO,2001,0.081665166
Faroe Islands,FRO,2002,0.08143023
Faroe Islands,FRO,2003,0.08126738
Faroe Islands,FRO,2004,0.08114872
Faroe Islands,FRO,2005,0.0810066
Faroe Islands,FRO,2006,0.08082619
Faroe Islands,FRO,2007,0.080553405
Faroe Islands,FRO,2008,0.08020507
Faroe Islands,FRO,2009,0.079800874
Faroe Islands,FRO,2010,0.07938395
Faroe Islands,FRO,2011,0.07894442
Faroe Islands,FRO,2012,0.078531496
Faroe Islands,FRO,2013,0.07813293
Faroe Islands,FRO,2014,0.07777199
Faroe Islands,FRO,2015,0.07743839
Faroe Islands,FRO,2016,0.07709234
Faroe Islands,FRO,2017,0.07675204
Faroe Islands,FRO,2018,0.07642498
Faroe Islands,FRO,2019,0.076089896
Faroe Islands,FRO,2020,0.075755626
Faroe Islands,FRO,2021,0.07598432
Faroe Islands,FRO,2022,0.07693892
Faroe Islands,FRO,2023,0.07475516
Fiji,FJI,1950,0.26775986
Fiji,FJI,1951,0.2624668
Fiji,FJI,1952,0.25846425
Fiji,FJI,1953,0.2510703
Fiji,FJI,1954,0.24465853
Fiji,FJI,1955,0.2375978
Fiji,FJI,1956,0.23160619
Fiji,FJI,1957,0.22569574
Fiji,FJI,1958,0.22013299
Fiji,FJI,1959,0.21533155
Fiji,FJI,1960,0.21083395
Fiji,FJI,1961,0.20622273
Fiji,FJI,1962,0.2020683
Fiji,FJI,1963,0.19831039
Fiji,FJI,1964,0.1948237
Fiji,FJI,1965,0.19297789
Fiji,FJI,1966,0.18858443
Fiji,FJI,1967,0.18822874
Fiji,FJI,1968,0.18626511
Fiji,FJI,1969,0.18623847
Fiji,FJI,1970,0.18398951
Fiji,FJI,1971,0.18293886
Fiji,FJI,1972,0.18253675
Fiji,FJI,1973,0.18628682
Fiji,FJI,1974,0.18150778
Fiji,FJI,1975,0.17870465
Fiji,FJI,1976,0.17743114
Fiji,FJI,1977,0.17471215
Fiji,FJI,1978,0.17233105
Fiji,FJI,1979,0.17430446
Fiji,FJI,1980,0.17051938
Fiji,FJI,1981,0.16883786
Fiji,FJI,1982,0.1669684
Fiji,FJI,1983,0.16380115
Fiji,FJI,1984,0.16118684
Fiji,FJI,1985,0.16016653
Fiji,FJI,1986,0.15738863
Fiji,FJI,1987,0.15485002
Fiji,FJI,1988,0.15250681
Fiji,FJI,1989,0.15096998
Fiji,FJI,1990,0.1493745
Fiji,FJI,1991,0.14757164
Fiji,FJI,1992,0.145984
Fiji,FJI,1993,0.14515257
Fiji,FJI,1994,0.14280534
Fiji,FJI,1995,0.1414048
Fiji,FJI,1996,0.14012796
Fiji,FJI,1997,0.13988854
Fiji,FJI,1998,0.13788374
Fiji,FJI,1999,0.13713723
Fiji,FJI,2000,0.13683715
Fiji,FJI,2001,0.13620341
Fiji,FJI,2002,0.13663243
Fiji,FJI,2003,0.13676135
Fiji,FJI,2004,0.1361535
Fiji,FJI,2005,0.13504048
Fiji,FJI,2006,0.13452542
Fiji,FJI,2007,0.13417548
Fiji,FJI,2008,0.13358532
Fiji,FJI,2009,0.1330272
Fiji,FJI,2010,0.13167663
Fiji,FJI,2011,0.13082494
Fiji,FJI,2012,0.13209595
Fiji,FJI,2013,0.130809
Fiji,FJI,2014,0.12996717
Fiji,FJI,2015,0.13018063
Fiji,FJI,2016,0.13214397
Fiji,FJI,2017,0.13016029
Fiji,FJI,2018,0.13126336
Fiji,FJI,2019,0.13163209
Fiji,FJI,2020,0.13173698
Fiji,FJI,2021,0.13538428
Fiji,FJI,2022,0.13239188
Fiji,FJI,2023,0.13249952
Finland,FIN,1878,0.44651982
Finland,FIN,1879,0.38255107
Finland,FIN,1880,0.42827427
Finland,FIN,1881,0.4604265
Finland,FIN,1882,0.43723956
Finland,FIN,1883,0.40235054
Finland,FIN,1884,0.39922497
Finland,FIN,1885,0.42352504
Finland,FIN,1886,0.42508763
Finland,FIN,1887,0.37351742
Finland,FIN,1888,0.37083507
Finland,FIN,1889,0.37608993
Finland,FIN,1890,0.38280353
Finland,FIN,1891,0.40881488
Finland,FIN,1892,0.43081394
Finland,FIN,1893,0.38815486
Finland,FIN,1894,0.37938353
Finland,FIN,1895,0.34786654
Finland,FIN,1896,0.36473027
Finland,FIN,1897,0.34573013
Finland,FIN,1898,0.3520194
Finland,FIN,1899,0.38977695
Finland,FIN,1900,0.41893843
Finland,FIN,1901,0.40845588
Finland,FIN,1902,0.3672533
Finland,FIN,1903,0.3683389
Finland,FIN,1904,0.35782552
Finland,FIN,1905,0.36965448
Finland,FIN,1906,0.3632105
Finland,FIN,1907,0.35477254
Finland,FIN,1908,0.36352125
Finland,FIN,1909,0.3420903
Finland,FIN,1910,0.348422
Finland,FIN,1911,0.33815017
Finland,FIN,1912,0.33120236
Finland,FIN,1913,0.33209836
Finland,FIN,1914,0.32703772
Finland,FIN,1915,0.32446632
Finland,FIN,1916,0.34006485
Finland,FIN,1917,0.34866574
Finland,FIN,1918,0.39488035
Finland,FIN,1919,0.38927096
Finland,FIN,1920,0.34459016
Finland,FIN,1921,0.28887966
Finland,FIN,1922,0.29280376
Finland,FIN,1923,0.29296905
Finland,FIN,1924,0.3055772
Finland,FIN,1925,0.27875647
Finland,FIN,1926,0.2739842
Finland,FIN,1927,0.2922103
Finland,FIN,1928,0.2745657
Finland,FIN,1929,0.2918985
Finland,FIN,1930,0.26570588
Finland,FIN,1931,0.25698107
Finland,FIN,1932,0.2545165
Finland,FIN,1933,0.2524215
Finland,FIN,1934,0.25025362
Finland,FIN,1935,0.23542517
Finland,FIN,1936,0.24068548
Finland,FIN,1937,0.23475055
Finland,FIN,1938,0.23426084
Finland,FIN,1939,0.23137897
Finland,FIN,1940,0.24749495
Finland,FIN,1941,0.22802822
Finland,FIN,1942,0.21586639
Finland,FIN,1943,0.21871291
Finland,FIN,1944,0.24427387
Finland,FIN,1945,0.23583212
Finland,FIN,1946,0.19727814
Finland,FIN,1947,0.19258332
Finland,FIN,1948,0.17772782
Finland,FIN,1949,0.16657406
Finland,FIN,1950,0.1530821
Finland,FIN,1951,0.1420259
Finland,FIN,1952,0.13715239
Finland,FIN,1953,0.13271269
Finland,FIN,1954,0.12818809
Finland,FIN,1955,0.1264551
Finland,FIN,1956,0.12359185
Finland,FIN,1957,0.12817496
Finland,FIN,1958,0.11919831
Finland,FIN,1959,0.117007
Finland,FIN,1960,0.11277321
Finland,FIN,1961,0.11289337
Finland,FIN,1962,0.11046417
Finland,FIN,1963,0.1097817
Finland,FIN,1964,0.107060365
Finland,FIN,1965,0.105298325
Finland,FIN,1966,0.105769336
Finland,FIN,1967,0.10399185
Finland,FIN,1968,0.10230443
Finland,FIN,1969,0.103401184
Finland,FIN,1970,0.10131369
Finland,FIN,1971,0.100445345
Finland,FIN,1972,0.09831675
Finland,FIN,1973,0.0969385
Finland,FIN,1974,0.09847471
Finland,FIN,1975,0.097017966
Finland,FIN,1976,0.09624976
Finland,FIN,1977,0.09440916
Finland,FIN,1978,0.092107296
Finland,FIN,1979,0.09306444
Finland,FIN,1980,0.09027462
Finland,FIN,1981,0.0891298
Finland,FIN,1982,0.08970844
Finland,FIN,1983,0.09068243
Finland,FIN,1984,0.08912376
Finland,FIN,1985,0.0874713
Finland,FIN,1986,0.08810643
Finland,FIN,1987,0.089648955
Finland,FIN,1988,0.089481786
Finland,FIN,1989,0.0885597
Finland,FIN,1990,0.08918525
Finland,FIN,1991,0.087794036
Finland,FIN,1992,0.08767441
Finland,FIN,1993,0.08418212
Finland,FIN,1994,0.08473938
Finland,FIN,1995,0.08392485
Finland,FIN,1996,0.08249658
Finland,FIN,1997,0.0836472
Finland,FIN,1998,0.08323541
Finland,FIN,1999,0.08226836
Finland,FIN,2000,0.08281144
Finland,FIN,2001,0.0806217
Finland,FIN,2002,0.080077566
Finland,FIN,2003,0.079597324
Finland,FIN,2004,0.08142007
Finland,FIN,2005,0.08342805
Finland,FIN,2006,0.07991259
Finland,FIN,2007,0.07995928
Finland,FIN,2008,0.07929105
Finland,FIN,2009,0.079892516
Finland,FIN,2010,0.078404345
Finland,FIN,2011,0.07741086
Finland,FIN,2012,0.0783827
Finland,FIN,2013,0.07628214
Finland,FIN,2014,0.075382315
Finland,FIN,2015,0.074093595
Finland,FIN,2016,0.07436058
Finland,FIN,2017,0.075663276
Finland,FIN,2018,0.07509317
Finland,FIN,2019,0.075335816
Finland,FIN,2020,0.0744053
Finland,FIN,2021,0.07466056
Finland,FIN,2022,0.07533014
Finland,FIN,2023,0.07391288
France,FRA,1816,0.4255713
France,FRA,1817,0.436671
France,FRA,1818,0.45035958
France,FRA,1819,0.4666448
France,FRA,1820,0.4381464
France,FRA,1821,0.44245142
France,FRA,1822,0.4603042
France,FRA,1823,0.44014764
France,FRA,1824,0.45233053
France,FRA,1825,0.4586349
France,FRA,1826,0.46173707
France,FRA,1827,0.44159648
France,FRA,1828,0.46296933
France,FRA,1829,0.43631417
France,FRA,1830,0.4353344
France,FRA,1831,0.43644023
France,FRA,1832,0.46114758
France,FRA,1833,0.44624424
France,FRA,1834,0.48923343
France,FRA,1835,0.4357141
France,FRA,1836,0.41306898
France,FRA,1837,0.42954654
France,FRA,1838,0.4420389
France,FRA,1839,0.42751822
France,FRA,1840,0.42516267
France,FRA,1841,0.42564255
France,FRA,1842,0.43029124
France,FRA,1843,0.4281838
France,FRA,1844,0.41037163
France,FRA,1845,0.3979028
France,FRA,1846,0.42995158
France,FRA,1847,0.4199616
France,FRA,1848,0.4247524
France,FRA,1849,0.4651167
France,FRA,1850,0.39780492
France,FRA,1851,0.4169826
France,FRA,1852,0.42191848
France,FRA,1853,0.40238142
France,FRA,1854,0.4580954
France,FRA,1855,0.43880075
France,FRA,1856,0.42937294
France,FRA,1857,0.44071627
France,FRA,1858,0.43657386
France,FRA,1859,0.49170163
France,FRA,1860,0.40085945
France,FRA,1861,0.4369848
France,FRA,1862,0.40973377
France,FRA,1863,0.419348
France,FRA,1864,0.41105413
France,FRA,1865,0.43134853
France,FRA,1866,0.4103426
France,FRA,1867,0.40792117
France,FRA,1868,0.4314165
France,FRA,1869,0.42013213
France,FRA,1870,0.44980565
France,FRA,1871,0.5057146
France,FRA,1872,0.40971327
France,FRA,1873,0.4142881
France,FRA,1874,0.38839167
France,FRA,1875,0.39502063
France,FRA,1876,0.39199474
France,FRA,1877,0.38853598
France,FRA,1878,0.39570633
France,FRA,1879,0.38435274
France,FRA,1880,0.40373993
France,FRA,1881,0.39671662
France,FRA,1882,0.39892524
France,FRA,1883,0.39673442
France,FRA,1884,0.4074487
France,FRA,1885,0.3885759
France,FRA,1886,0.39745548
France,FRA,1887,0.39109844
France,FRA,1888,0.38446882
France,FRA,1889,0.3726217
France,FRA,1890,0.39011252
France,FRA,1891,0.37740293
France,FRA,1892,0.3871348
France,FRA,1893,0.38645256
France,FRA,1894,0.36666864
France,FRA,1895,0.3652945
France,FRA,1896,0.34680778
France,FRA,1897,0.34597066
France,FRA,1898,0.3622735
France,FRA,1899,0.37104216
France,FRA,1900,0.3628322
France,FRA,1901,0.34783515
France,FRA,1902,0.33928126
France,FRA,1903,0.33564815
France,FRA,1904,0.339869
France,FRA,1905,0.3302556
France,FRA,1906,0.33875516
France,FRA,1907,0.32604924
France,FRA,1908,0.3212273
France,FRA,1909,0.30687693
France,FRA,1910,0.30062646
France,FRA,1911,0.33501598
France,FRA,1912,0.29745576
France,FRA,1913,0.30171543
France,FRA,1914,0.29564792
France,FRA,1915,0.30330276
France,FRA,1916,0.31176358
France,FRA,1917,0.31668395
France,FRA,1918,0.4031892
France,FRA,1919,0.33316508
France,FRA,1920,0.30385414
France,FRA,1921,0.29038298
France,FRA,1922,0.25892746
France,FRA,1923,0.2701861
France,FRA,1924,0.257443
France,FRA,1925,0.26466057
France,FRA,1926,0.27223688
France,FRA,1927,0.25573173
France,FRA,1928,0.26166084
France,FRA,1929,0.26335022
France,FRA,1930,0.24558501
France,FRA,1931,0.23863049
France,FRA,1932,0.23762693
France,FRA,1933,0.23147887
France,FRA,1934,0.22625948
France,FRA,1935,0.22118758
France,FRA,1936,0.21846932
France,FRA,1937,0.21695688
France,FRA,1938,0.21533574
France,FRA,1939,0.20802598
France,FRA,1940,0.23468173
France,FRA,1941,0.22094466
France,FRA,1942,0.21985511
France,FRA,1943,0.25673956
France,FRA,1944,0.28847075
France,FRA,1945,0.25914103
France,FRA,1946,0.20171575
France,FRA,1947,0.1850315
France,FRA,1948,0.16720779
France,FRA,1949,0.16823463
France,FRA,1950,0.15738486
France,FRA,1951,0.15479724
France,FRA,1952,0.14854518
France,FRA,1953,0.14155228
France,FRA,1954,0.1405115
France,FRA,1955,0.1365018
France,FRA,1956,0.13219184
France,FRA,1957,0.1310069
France,FRA,1958,0.12534752
France,FRA,1959,0.12443254
France,FRA,1960,0.12079634
France,FRA,1961,0.11921849
France,FRA,1962,0.11807223
France,FRA,1963,0.11819551
France,FRA,1964,0.116211906
France,FRA,1965,0.114533715
France,FRA,1966,0.11420421
France,FRA,1967,0.113174856
France,FRA,1968,0.112531684
France,FRA,1969,0.113086484
France,FRA,1970,0.11041384
France,FRA,1971,0.109434284
France,FRA,1972,0.10899386
France,FRA,1973,0.10679984
France,FRA,1974,0.10506331
France,FRA,1975,0.10384531
France,FRA,1976,0.10238854
France,FRA,1977,0.101437025
France,FRA,1978,0.099750094
France,FRA,1979,0.09905325
France,FRA,1980,0.09846771
France,FRA,1981,0.09696968
France,FRA,1982,0.09666703
France,FRA,1983,0.095598444
France,FRA,1984,0.09480327
France,FRA,1985,0.09353238
France,FRA,1986,0.09300511
France,FRA,1987,0.0922355
France,FRA,1988,0.09222698
France,FRA,1989,0.09124967
France,FRA,1990,0.08999204
France,FRA,1991,0.0904583
France,FRA,1992,0.08970314
France,FRA,1993,0.08938388
France,FRA,1994,0.08906038
France,FRA,1995,0.08824321
France,FRA,1996,0.087103985
France,FRA,1997,0.08613498
France,FRA,1998,0.08568878
France,FRA,1999,0.08486549
France,FRA,2000,0.08439472
France,FRA,2001,0.08453444
France,FRA,2002,0.083629295
France,FRA,2003,0.0824515
France,FRA,2004,0.08278866
France,FRA,2005,0.08147972
France,FRA,2006,0.08175624
France,FRA,2007,0.08073099
France,FRA,2008,0.08104493
France,FRA,2009,0.08090775
France,FRA,2010,0.08015874
France,FRA,2011,0.079792485
France,FRA,2012,0.07886063
France,FRA,2013,0.07889564
France,FRA,2014,0.07877858
France,FRA,2015,0.07824536
France,FRA,2016,0.07836801
France,FRA,2017,0.07814375
France,FRA,2018,0.07840215
France,FRA,2019,0.078029715
France,FRA,2020,0.07741259
France,FRA,2021,0.07840704
France,FRA,2022,0.0772582
France,FRA,2023,0.076073885
French Guiana,GUF,1950,0.30979443
French Guiana,GUF,1951,0.30310836
French Guiana,GUF,1952,0.2971229
French Guiana,GUF,1953,0.2912045
French Guiana,GUF,1954,0.28536025
French Guiana,GUF,1955,0.27891907
French Guiana,GUF,1956,0.27114624
French Guiana,GUF,1957,0.26178637
French Guiana,GUF,1958,0.25150555
French Guiana,GUF,1959,0.24095693
French Guiana,GUF,1960,0.23070514
French Guiana,GUF,1961,0.22052571
French Guiana,GUF,1962,0.21064906
French Guiana,GUF,1963,0.20120329
French Guiana,GUF,1964,0.1929165
French Guiana,GUF,1965,0.18586537
French Guiana,GUF,1966,0.18038493
French Guiana,GUF,1967,0.17631732
French Guiana,GUF,1968,0.17325962
French Guiana,GUF,1969,0.17054866
French Guiana,GUF,1970,0.16788009
French Guiana,GUF,1971,0.16467695
French Guiana,GUF,1972,0.16137554
French Guiana,GUF,1973,0.15802382
French Guiana,GUF,1974,0.15515517
French Guiana,GUF,1975,0.1520733
French Guiana,GUF,1976,0.14908563
French Guiana,GUF,1977,0.14542866
French Guiana,GUF,1978,0.1412107
French Guiana,GUF,1979,0.13640994
French Guiana,GUF,1980,0.13225248
French Guiana,GUF,1981,0.12888601
French Guiana,GUF,1982,0.1259359
French Guiana,GUF,1983,0.122990735
French Guiana,GUF,1984,0.12066711
French Guiana,GUF,1985,0.118840426
French Guiana,GUF,1986,0.11734686
French Guiana,GUF,1987,0.115694135
French Guiana,GUF,1988,0.113988124
French Guiana,GUF,1989,0.11240985
French Guiana,GUF,1990,0.11141673
French Guiana,GUF,1991,0.11070382
French Guiana,GUF,1992,0.11011461
French Guiana,GUF,1993,0.109212235
French Guiana,GUF,1994,0.10822573
French Guiana,GUF,1995,0.10732063
French Guiana,GUF,1996,0.10637142
French Guiana,GUF,1997,0.10630701
French Guiana,GUF,1998,0.10498189
French Guiana,GUF,1999,0.10436203
French Guiana,GUF,2000,0.104052186
French Guiana,GUF,2001,0.10176932
French Guiana,GUF,2002,0.100692704
French Guiana,GUF,2003,0.100252695
French Guiana,GUF,2004,0.09875416
French Guiana,GUF,2005,0.097224526
French Guiana,GUF,2006,0.09530617
French Guiana,GUF,2007,0.09406824
French Guiana,GUF,2008,0.092513725
French Guiana,GUF,2009,0.091226235
French Guiana,GUF,2010,0.08992122
French Guiana,GUF,2011,0.08917462
French Guiana,GUF,2012,0.08875814
French Guiana,GUF,2013,0.088434085
French Guiana,GUF,2014,0.08928436
French Guiana,GUF,2015,0.089726344
French Guiana,GUF,2016,0.09091034
French Guiana,GUF,2017,0.091670014
French Guiana,GUF,2018,0.0848885
French Guiana,GUF,2019,0.08725401
French Guiana,GUF,2020,0.085189156
French Guiana,GUF,2021,0.083128065
French Guiana,GUF,2022,0.085831925
French Guiana,GUF,2023,0.08497299
French Polynesia,PYF,1950,0.30296558
French Polynesia,PYF,1951,0.29319015
French Polynesia,PYF,1952,0.28394195
French Polynesia,PYF,1953,0.27445444
French Polynesia,PYF,1954,0.26593313
French Polynesia,PYF,1955,0.25796244
French Polynesia,PYF,1956,0.2503745
French Polynesia,PYF,1957,0.24390866
French Polynesia,PYF,1958,0.23846525
French Polynesia,PYF,1959,0.23322874
French Polynesia,PYF,1960,0.22868945
French Polynesia,PYF,1961,0.22483516
French Polynesia,PYF,1962,0.22146054
French Polynesia,PYF,1963,0.21842712
French Polynesia,PYF,1964,0.21562223
French Polynesia,PYF,1965,0.21287665
French Polynesia,PYF,1966,0.20985949
French Polynesia,PYF,1967,0.20701665
French Polynesia,PYF,1968,0.20433414
French Polynesia,PYF,1969,0.20178623
French Polynesia,PYF,1970,0.19931874
French Polynesia,PYF,1971,0.19684295
French Polynesia,PYF,1972,0.19425
French Polynesia,PYF,1973,0.19143604
French Polynesia,PYF,1974,0.18785796
French Polynesia,PYF,1975,0.18346491
French Polynesia,PYF,1976,0.17865394
French Polynesia,PYF,1977,0.17349568
French Polynesia,PYF,1978,0.16810831
French Polynesia,PYF,1979,0.16129689
French Polynesia,PYF,1980,0.15428327
French Polynesia,PYF,1981,0.14778693
French Polynesia,PYF,1982,0.14112803
French Polynesia,PYF,1983,0.13540156
French Polynesia,PYF,1984,0.12838149
French Polynesia,PYF,1985,0.123508185
French Polynesia,PYF,1986,0.11855264
French Polynesia,PYF,1987,0.116346195
French Polynesia,PYF,1988,0.11192347
French Polynesia,PYF,1989,0.109579
French Polynesia,PYF,1990,0.10718045
French Polynesia,PYF,1991,0.10513215
French Polynesia,PYF,1992,0.10324407
French Polynesia,PYF,1993,0.10139802
French Polynesia,PYF,1994,0.09949975
French Polynesia,PYF,1995,0.0969781
French Polynesia,PYF,1996,0.094596304
French Polynesia,PYF,1997,0.09247171
French Polynesia,PYF,1998,0.09217586
French Polynesia,PYF,1999,0.088513784
French Polynesia,PYF,2000,0.087144375
French Polynesia,PYF,2001,0.0861764
French Polynesia,PYF,2002,0.08550464
French Polynesia,PYF,2003,0.085024714
French Polynesia,PYF,2004,0.08463665
French Polynesia,PYF,2005,0.084195524
French Polynesia,PYF,2006,0.08364181
French Polynesia,PYF,2007,0.08299657
French Polynesia,PYF,2008,0.082272835
French Polynesia,PYF,2009,0.081502594
French Polynesia,PYF,2010,0.080873996
French Polynesia,PYF,2011,0.07999236
French Polynesia,PYF,2012,0.07932476
French Polynesia,PYF,2013,0.078737624
French Polynesia,PYF,2014,0.07823056
French Polynesia,PYF,2015,0.0777914
French Polynesia,PYF,2016,0.0772893
French Polynesia,PYF,2017,0.07680485
French Polynesia,PYF,2018,0.076336466
French Polynesia,PYF,2019,0.075870864
French Polynesia,PYF,2020,0.0762016
French Polynesia,PYF,2021,0.08772881
French Polynesia,PYF,2022,0.07448583
French Polynesia,PYF,2023,0.074046925
Gabon,GAB,1950,0.4357599
Gabon,GAB,1951,0.42794922
Gabon,GAB,1952,0.4201083
Gabon,GAB,1953,0.41233724
Gabon,GAB,1954,0.4049235
Gabon,GAB,1955,0.39735302
Gabon,GAB,1956,0.38988936
Gabon,GAB,1957,0.38241488
Gabon,GAB,1958,0.37533182
Gabon,GAB,1959,0.36812878
Gabon,GAB,1960,0.36108834
Gabon,GAB,1961,0.35414097
Gabon,GAB,1962,0.3472905
Gabon,GAB,1963,0.34061593
Gabon,GAB,1964,0.33381128
Gabon,GAB,1965,0.32738692
Gabon,GAB,1966,0.3210749
Gabon,GAB,1967,0.3148322
Gabon,GAB,1968,0.30881548
Gabon,GAB,1969,0.30296457
Gabon,GAB,1970,0.29727402
Gabon,GAB,1971,0.29179478
Gabon,GAB,1972,0.2863658
Gabon,GAB,1973,0.28101003
Gabon,GAB,1974,0.27569762
Gabon,GAB,1975,0.27022043
Gabon,GAB,1976,0.26503283
Gabon,GAB,1977,0.25994164
Gabon,GAB,1978,0.25500414
Gabon,GAB,1979,0.25001755
Gabon,GAB,1980,0.24550685
Gabon,GAB,1981,0.24110575
Gabon,GAB,1982,0.23764789
Gabon,GAB,1983,0.2344661
Gabon,GAB,1984,0.2314697
Gabon,GAB,1985,0.22902778
Gabon,GAB,1986,0.22691163
Gabon,GAB,1987,0.22501917
Gabon,GAB,1988,0.22373725
Gabon,GAB,1989,0.22251147
Gabon,GAB,1990,0.22151133
Gabon,GAB,1991,0.22052848
Gabon,GAB,1992,0.21971324
Gabon,GAB,1993,0.21899761
Gabon,GAB,1994,0.21874073
Gabon,GAB,1995,0.21781908
Gabon,GAB,1996,0.21786354
Gabon,GAB,1997,0.21661863
Gabon,GAB,1998,0.2154945
Gabon,GAB,1999,0.21400377
Gabon,GAB,2000,0.21245594
Gabon,GAB,2001,0.21058244
Gabon,GAB,2002,0.20826027
Gabon,GAB,2003,0.20559087
Gabon,GAB,2004,0.20300423
Gabon,GAB,2005,0.20006993
Gabon,GAB,2006,0.1972854
Gabon,GAB,2007,0.19302383
Gabon,GAB,2008,0.18887636
Gabon,GAB,2009,0.18487129
Gabon,GAB,2010,0.18073869
Gabon,GAB,2011,0.17700018
Gabon,GAB,2012,0.17338584
Gabon,GAB,2013,0.17000651
Gabon,GAB,2014,0.16618517
Gabon,GAB,2015,0.16332728
Gabon,GAB,2016,0.1605528
Gabon,GAB,2017,0.15822071
Gabon,GAB,2018,0.15642592
Gabon,GAB,2019,0.15397027
Gabon,GAB,2020,0.15177423
Gabon,GAB,2021,0.15155452
Gabon,GAB,2022,0.14780162
Gabon,GAB,2023,0.14426547
Gambia,GMB,1950,0.53336436
Gambia,GMB,1951,0.5297967
Gambia,GMB,1952,0.5272893
Gambia,GMB,1953,0.5253381
Gambia,GMB,1954,0.5224784
Gambia,GMB,1955,0.51914895
Gambia,GMB,1956,0.5147423
Gambia,GMB,1957,0.5108049
Gambia,GMB,1958,0.505199
Gambia,GMB,1959,0.49992755
Gambia,GMB,1960,0.49450845
Gambia,GMB,1961,0.4890316
Gambia,GMB,1962,0.4830104
Gambia,GMB,1963,0.4776901
Gambia,GMB,1964,0.4723309
Gambia,GMB,1965,0.4670355
Gambia,GMB,1966,0.46181834
Gambia,GMB,1967,0.4562265
Gambia,GMB,1968,0.45124167
Gambia,GMB,1969,0.44589967
Gambia,GMB,1970,0.44005126
Gambia,GMB,1971,0.43422773
Gambia,GMB,1972,0.42866188
Gambia,GMB,1973,0.42259315
Gambia,GMB,1974,0.41693985
Gambia,GMB,1975,0.4108454
Gambia,GMB,1976,0.4039222
Gambia,GMB,1977,0.3983055
Gambia,GMB,1978,0.3959958
Gambia,GMB,1979,0.3861985
Gambia,GMB,1980,0.3821438
Gambia,GMB,1981,0.37671757
Gambia,GMB,1982,0.36979058
Gambia,GMB,1983,0.362941
Gambia,GMB,1984,0.3564353
Gambia,GMB,1985,0.3499636
Gambia,GMB,1986,0.3431308
Gambia,GMB,1987,0.3366948
Gambia,GMB,1988,0.32861024
Gambia,GMB,1989,0.32252148
Gambia,GMB,1990,0.31606343
Gambia,GMB,1991,0.3097097
Gambia,GMB,1992,0.30245984
Gambia,GMB,1993,0.2950313
Gambia,GMB,1994,0.28866214
Gambia,GMB,1995,0.28221524
Gambia,GMB,1996,0.2762006
Gambia,GMB,1997,0.27183288
Gambia,GMB,1998,0.263618
Gambia,GMB,1999,0.25921512
Gambia,GMB,2000,0.25475568
Gambia,GMB,2001,0.25111192
Gambia,GMB,2002,0.24713697
Gambia,GMB,2003,0.24292912
Gambia,GMB,2004,0.23835339
Gambia,GMB,2005,0.23498416
Gambia,GMB,2006,0.23021898
Gambia,GMB,2007,0.22765091
Gambia,GMB,2008,0.22384752
Gambia,GMB,2009,0.22090192
Gambia,GMB,2010,0.21723917
Gambia,GMB,2011,0.21359229
Gambia,GMB,2012,0.21030942
Gambia,GMB,2013,0.20698805
Gambia,GMB,2014,0.2036548
Gambia,GMB,2015,0.19986473
Gambia,GMB,2016,0.1957918
Gambia,GMB,2017,0.19243665
Gambia,GMB,2018,0.18910733
Gambia,GMB,2019,0.18556763
Gambia,GMB,2020,0.18087907
Gambia,GMB,2021,0.18187198
Gambia,GMB,2022,0.17713705
Gambia,GMB,2023,0.1725385
Georgia,GEO,1950,0.22706705
Georgia,GEO,1951,0.2220271
Georgia,GEO,1952,0.21908474
Georgia,GEO,1953,0.21606353
Georgia,GEO,1954,0.21313104
Georgia,GEO,1955,0.2101951
Georgia,GEO,1956,0.2071183
Georgia,GEO,1957,0.20424587
Georgia,GEO,1958,0.2013052
Georgia,GEO,1959,0.19818874
Georgia,GEO,1960,0.19524531
Georgia,GEO,1961,0.19229046
Georgia,GEO,1962,0.1893918
Georgia,GEO,1963,0.18645681
Georgia,GEO,1964,0.18357408
Georgia,GEO,1965,0.18065855
Georgia,GEO,1966,0.17820765
Georgia,GEO,1967,0.17542197
Georgia,GEO,1968,0.17266627
Georgia,GEO,1969,0.16998859
Georgia,GEO,1970,0.16741505
Georgia,GEO,1971,0.16511704
Georgia,GEO,1972,0.16283889
Georgia,GEO,1973,0.16056994
Georgia,GEO,1974,0.1581989
Georgia,GEO,1975,0.15578406
Georgia,GEO,1976,0.15320815
Georgia,GEO,1977,0.1505919
Georgia,GEO,1978,0.147898
Georgia,GEO,1979,0.14540657
Georgia,GEO,1980,0.14309648
Georgia,GEO,1981,0.1412506
Georgia,GEO,1982,0.13915771
Georgia,GEO,1983,0.13646671
Georgia,GEO,1984,0.13619296
Georgia,GEO,1985,0.13452579
Georgia,GEO,1986,0.13441893
Georgia,GEO,1987,0.13410214
Georgia,GEO,1988,0.13397393
Georgia,GEO,1989,0.13488752
Georgia,GEO,1990,0.13449486
Georgia,GEO,1991,0.1341087
Georgia,GEO,1992,0.13362814
Georgia,GEO,1993,0.13320556
Georgia,GEO,1994,0.12923753
Georgia,GEO,1995,0.12750863
Georgia,GEO,1996,0.12409395
Georgia,GEO,1997,0.12863134
Georgia,GEO,1998,0.12665337
Georgia,GEO,1999,0.12338819
Georgia,GEO,2000,0.122333914
Georgia,GEO,2001,0.1209234
Georgia,GEO,2002,0.118685775
Georgia,GEO,2003,0.11301123
Georgia,GEO,2004,0.10819747
Georgia,GEO,2005,0.11441172
Georgia,GEO,2006,0.107486024
Georgia,GEO,2007,0.10911363
Georgia,GEO,2008,0.10987333
Georgia,GEO,2009,0.11180951
Georgia,GEO,2010,0.102066256
Georgia,GEO,2011,0.09993973
Georgia,GEO,2012,0.09860542
Georgia,GEO,2013,0.09824794
Georgia,GEO,2014,0.09726648
Georgia,GEO,2015,0.09728752
Georgia,GEO,2016,0.09686214
Georgia,GEO,2017,0.09563007
Georgia,GEO,2018,0.09575611
Georgia,GEO,2019,0.09453896
Georgia,GEO,2020,0.09551151
Georgia,GEO,2021,0.099335454
Georgia,GEO,2022,0.09301044
Georgia,GEO,2023,0.09324171
Germany,DEU,1950,0.14992273
Germany,DEU,1951,0.146788
Germany,DEU,1952,0.14380383
Germany,DEU,1953,0.14096236
Germany,DEU,1954,0.13825592
Germany,DEU,1955,0.13567862
Germany,DEU,1956,0.13329007
Germany,DEU,1957,0.13233125
Germany,DEU,1958,0.12951215
Germany,DEU,1959,0.12861986
Germany,DEU,1960,0.1257683
Germany,DEU,1961,0.124058925
Germany,DEU,1962,0.12058153
Germany,DEU,1963,0.11904708
Germany,DEU,1964,0.11733079
Germany,DEU,1965,0.11510441
Germany,DEU,1966,0.114620715
Germany,DEU,1967,0.11317781
Germany,DEU,1968,0.11188583
Germany,DEU,1969,0.11339579
Germany,DEU,1970,0.11251878
Germany,DEU,1971,0.11201841
Germany,DEU,1972,0.110115014
Germany,DEU,1973,0.109391116
Germany,DEU,1974,0.10812914
Germany,DEU,1975,0.10736093
Germany,DEU,1976,0.10554521
Germany,DEU,1977,0.103834815
Germany,DEU,1978,0.102816254
Germany,DEU,1979,0.10161648
Germany,DEU,1980,0.10036448
Germany,DEU,1981,0.09893738
Germany,DEU,1982,0.09802357
Germany,DEU,1983,0.096368656
Germany,DEU,1984,0.09557781
Germany,DEU,1985,0.094287045
Germany,DEU,1986,0.0935277
Germany,DEU,1987,0.092751846
Germany,DEU,1988,0.09244771
Germany,DEU,1989,0.09144116
Germany,DEU,1990,0.09166753
Germany,DEU,1991,0.0913029
Germany,DEU,1992,0.09035294
Germany,DEU,1993,0.08977147
Germany,DEU,1994,0.08898009
Germany,DEU,1995,0.08857012
Germany,DEU,1996,0.087619275
Germany,DEU,1997,0.086768
Germany,DEU,1998,0.085640654
Germany,DEU,1999,0.08513351
Germany,DEU,2000,0.08471477
Germany,DEU,2001,0.0839325
Germany,DEU,2002,0.08356131
Germany,DEU,2003,0.08245011
Germany,DEU,2004,0.08202625
Germany,DEU,2005,0.081161045
Germany,DEU,2006,0.08049223
Germany,DEU,2007,0.08012685
Germany,DEU,2008,0.07942535
Germany,DEU,2009,0.07911683
Germany,DEU,2010,0.079036385
Germany,DEU,2011,0.0792878
Germany,DEU,2012,0.07793723
Germany,DEU,2013,0.07823274
Germany,DEU,2014,0.07762229
Germany,DEU,2015,0.07798566
Germany,DEU,2016,0.078528285
Germany,DEU,2017,0.07763885
Germany,DEU,2018,0.07780547
Germany,DEU,2019,0.07747298
Germany,DEU,2020,0.077125475
Germany,DEU,2021,0.0816747
Germany,DEU,2022,0.07746894
Germany,DEU,2023,0.07581997
Ghana,GHA,1950,0.39608103
Ghana,GHA,1951,0.39104778
Ghana,GHA,1952,0.38587075
Ghana,GHA,1953,0.38079783
Ghana,GHA,1954,0.37586313
Ghana,GHA,1955,0.37150332
Ghana,GHA,1956,0.36751297
Ghana,GHA,1957,0.3638521
Ghana,GHA,1958,0.36068082
Ghana,GHA,1959,0.35775158
Ghana,GHA,1960,0.35526618
Ghana,GHA,1961,0.35313705
Ghana,GHA,1962,0.35137028
Ghana,GHA,1963,0.3498817
Ghana,GHA,1964,0.34787488
Ghana,GHA,1965,0.34739295
Ghana,GHA,1966,0.34722373
Ghana,GHA,1967,0.34712043
Ghana,GHA,1968,0.34712246
Ghana,GHA,1969,0.34559464
Ghana,GHA,1970,0.3461414
Ghana,GHA,1971,0.3457199
Ghana,GHA,1972,0.34263298
Ghana,GHA,1973,0.3395856
Ghana,GHA,1974,0.33656797
Ghana,GHA,1975,0.33244368
Ghana,GHA,1976,0.3283326
Ghana,GHA,1977,0.3248615
Ghana,GHA,1978,0.32095963
Ghana,GHA,1979,0.31779653
Ghana,GHA,1980,0.31503585
Ghana,GHA,1981,0.31261894
Ghana,GHA,1982,0.31146157
Ghana,GHA,1983,0.30795678
Ghana,GHA,1984,0.30341187
Ghana,GHA,1985,0.29845655
Ghana,GHA,1986,0.29357752
Ghana,GHA,1987,0.28863928
Ghana,GHA,1988,0.28327796
Ghana,GHA,1989,0.27855098
Ghana,GHA,1990,0.27465793
Ghana,GHA,1991,0.2718269
Ghana,GHA,1992,0.26893958
Ghana,GHA,1993,0.26695862
Ghana,GHA,1994,0.26638088
Ghana,GHA,1995,0.26323688
Ghana,GHA,1996,0.26032737
Ghana,GHA,1997,0.2574747
Ghana,GHA,1998,0.25435463
Ghana,GHA,1999,0.25079858
Ghana,GHA,2000,0.24731177
Ghana,GHA,2001,0.24418291
Ghana,GHA,2002,0.24064411
Ghana,GHA,2003,0.23717536
Ghana,GHA,2004,0.23378453
Ghana,GHA,2005,0.23064171
Ghana,GHA,2006,0.22740859
Ghana,GHA,2007,0.22414298
Ghana,GHA,2008,0.22062406
Ghana,GHA,2009,0.21701786
Ghana,GHA,2010,0.21301253
Ghana,GHA,2011,0.20892127
Ghana,GHA,2012,0.20484374
Ghana,GHA,2013,0.20075142
Ghana,GHA,2014,0.1965312
Ghana,GHA,2015,0.19304383
Ghana,GHA,2016,0.18969347
Ghana,GHA,2017,0.186548
Ghana,GHA,2018,0.18335302
Ghana,GHA,2019,0.18004638
Ghana,GHA,2020,0.17720613
Ghana,GHA,2021,0.17620261
Ghana,GHA,2022,0.17152376
Ghana,GHA,2023,0.16869119
Gibraltar,GIB,1950,0.16484797
Gibraltar,GIB,1951,0.16277687
Gibraltar,GIB,1952,0.15941674
Gibraltar,GIB,1953,0.15505192
Gibraltar,GIB,1954,0.14950483
Gibraltar,GIB,1955,0.14225103
Gibraltar,GIB,1956,0.1372453
Gibraltar,GIB,1957,0.13537909
Gibraltar,GIB,1958,0.13388887
Gibraltar,GIB,1959,0.13399227
Gibraltar,GIB,1960,0.13650835
Gibraltar,GIB,1961,0.14003949
Gibraltar,GIB,1962,0.14218497
Gibraltar,GIB,1963,0.14260058
Gibraltar,GIB,1964,0.14081806
Gibraltar,GIB,1965,0.13706285
Gibraltar,GIB,1966,0.13328807
Gibraltar,GIB,1967,0.13020107
Gibraltar,GIB,1968,0.12847857
Gibraltar,GIB,1969,0.12755212
Gibraltar,GIB,1970,0.12734976
Gibraltar,GIB,1971,0.12620592
Gibraltar,GIB,1972,0.124844536
Gibraltar,GIB,1973,0.12320162
Gibraltar,GIB,1974,0.12176305
Gibraltar,GIB,1975,0.120386794
Gibraltar,GIB,1976,0.119710185
Gibraltar,GIB,1977,0.11942505
Gibraltar,GIB,1978,0.11917277
Gibraltar,GIB,1979,0.11905474
Gibraltar,GIB,1980,0.118722945
Gibraltar,GIB,1981,0.1182205
Gibraltar,GIB,1982,0.11725675
Gibraltar,GIB,1983,0.116284415
Gibraltar,GIB,1984,0.114807226
Gibraltar,GIB,1985,0.11344947
Gibraltar,GIB,1986,0.1120855
Gibraltar,GIB,1987,0.11070823
Gibraltar,GIB,1988,0.10936649
Gibraltar,GIB,1989,0.10829633
Gibraltar,GIB,1990,0.10724693
Gibraltar,GIB,1991,0.10625739
Gibraltar,GIB,1992,0.10560336
Gibraltar,GIB,1993,0.10508638
Gibraltar,GIB,1994,0.10452395
Gibraltar,GIB,1995,0.10398972
Gibraltar,GIB,1996,0.10352775
Gibraltar,GIB,1997,0.102672726
Gibraltar,GIB,1998,0.101662345
Gibraltar,GIB,1999,0.10065305
Gibraltar,GIB,2000,0.09943531
Gibraltar,GIB,2001,0.09814608
Gibraltar,GIB,2002,0.097256534
Gibraltar,GIB,2003,0.0963287
Gibraltar,GIB,2004,0.09529451
Gibraltar,GIB,2005,0.09426782
Gibraltar,GIB,2006,0.09322699
Gibraltar,GIB,2007,0.09196859
Gibraltar,GIB,2008,0.09074426
Gibraltar,GIB,2009,0.089584924
Gibraltar,GIB,2010,0.088542275
Gibraltar,GIB,2011,0.08769529
Gibraltar,GIB,2012,0.08704686
Gibraltar,GIB,2013,0.08664039
Gibraltar,GIB,2014,0.08638068
Gibraltar,GIB,2015,0.0862137
Gibraltar,GIB,2016,0.085991494
Gibraltar,GIB,2017,0.08567756
Gibraltar,GIB,2018,0.085248426
Gibraltar,GIB,2019,0.084799
Gibraltar,GIB,2020,0.08424176
Gibraltar,GIB,2021,0.0939946
Gibraltar,GIB,2022,0.08382521
Gibraltar,GIB,2023,0.08367892
Greece,GRC,1950,0.16325912
Greece,GRC,1951,0.15988874
Greece,GRC,1952,0.15702446
Greece,GRC,1953,0.15543969
Greece,GRC,1954,0.15202858
Greece,GRC,1955,0.14989378
Greece,GRC,1956,0.14946283
Greece,GRC,1957,0.14684129
Greece,GRC,1958,0.1438117
Greece,GRC,1959,0.14256395
Greece,GRC,1960,0.13846442
Greece,GRC,1961,0.13824604
Greece,GRC,1962,0.13661401
Greece,GRC,1963,0.13448621
Greece,GRC,1964,0.13306625
Greece,GRC,1965,0.12985615
Greece,GRC,1966,0.12723073
Greece,GRC,1967,0.12662719
Greece,GRC,1968,0.12459692
Greece,GRC,1969,0.121913575
Greece,GRC,1970,0.11905002
Greece,GRC,1971,0.11731485
Greece,GRC,1972,0.1161067
Greece,GRC,1973,0.1142506
Greece,GRC,1974,0.1123386
Greece,GRC,1975,0.11072042
Greece,GRC,1976,0.10894236
Greece,GRC,1977,0.10764206
Greece,GRC,1978,0.10541317
Greece,GRC,1979,0.10372283
Greece,GRC,1980,0.10254772
Greece,GRC,1981,0.100840844
Greece,GRC,1982,0.09931253
Greece,GRC,1983,0.09784474
Greece,GRC,1984,0.09637731
Greece,GRC,1985,0.0952391
Greece,GRC,1986,0.09374842
Greece,GRC,1987,0.09448002
Greece,GRC,1988,0.091360874
Greece,GRC,1989,0.090321586
Greece,GRC,1990,0.0894006
Greece,GRC,1991,0.088559404
Greece,GRC,1992,0.08793503
Greece,GRC,1993,0.0868435
Greece,GRC,1994,0.08607883
Greece,GRC,1995,0.085454755
Greece,GRC,1996,0.084560394
Greece,GRC,1997,0.08372669
Greece,GRC,1998,0.08326281
Greece,GRC,1999,0.08284199
Greece,GRC,2000,0.08193087
Greece,GRC,2001,0.0810072
Greece,GRC,2002,0.0804068
Greece,GRC,2003,0.08001858
Greece,GRC,2004,0.07928026
Greece,GRC,2005,0.07855039
Greece,GRC,2006,0.07828714
Greece,GRC,2007,0.07806717
Greece,GRC,2008,0.07746783
Greece,GRC,2009,0.07691496
Greece,GRC,2010,0.076791264
Greece,GRC,2011,0.07656511
Greece,GRC,2012,0.076705955
Greece,GRC,2013,0.07613212
Greece,GRC,2014,0.076112576
Greece,GRC,2015,0.076508775
Greece,GRC,2016,0.07609436
Greece,GRC,2017,0.07644185
Greece,GRC,2018,0.07587473
Greece,GRC,2019,0.076106474
Greece,GRC,2020,0.07684871
Greece,GRC,2021,0.08144453
Greece,GRC,2022,0.08126573
Greece,GRC,2023,0.07528762
Greenland,GRL,1950,0.4023307
Greenland,GRL,1951,0.38616455
Greenland,GRL,1952,0.3677692
Greenland,GRL,1953,0.34951273
Greenland,GRL,1954,0.3305268
Greenland,GRL,1955,0.31179985
Greenland,GRL,1956,0.2942727
Greenland,GRL,1957,0.27585647
Greenland,GRL,1958,0.26007178
Greenland,GRL,1959,0.24602778
Greenland,GRL,1960,0.23321974
Greenland,GRL,1961,0.22191614
Greenland,GRL,1962,0.21215232
Greenland,GRL,1963,0.20531611
Greenland,GRL,1964,0.19996679
Greenland,GRL,1965,0.19683118
Greenland,GRL,1966,0.19619766
Greenland,GRL,1967,0.19490404
Greenland,GRL,1968,0.19267532
Greenland,GRL,1969,0.19098943
Greenland,GRL,1970,0.19136964
Greenland,GRL,1971,0.19245794
Greenland,GRL,1972,0.1951429
Greenland,GRL,1973,0.19841641
Greenland,GRL,1974,0.20051348
Greenland,GRL,1975,0.1999191
Greenland,GRL,1976,0.19683678
Greenland,GRL,1977,0.1933184
Greenland,GRL,1978,0.18982919
Greenland,GRL,1979,0.18716043
Greenland,GRL,1980,0.18566635
Greenland,GRL,1981,0.18506683
Greenland,GRL,1982,0.1844089
Greenland,GRL,1983,0.18358997
Greenland,GRL,1984,0.18244556
Greenland,GRL,1985,0.18115418
Greenland,GRL,1986,0.17980583
Greenland,GRL,1987,0.17841503
Greenland,GRL,1988,0.17727798
Greenland,GRL,1989,0.17664574
Greenland,GRL,1990,0.17616683
Greenland,GRL,1991,0.1756162
Greenland,GRL,1992,0.17530583
Greenland,GRL,1993,0.17540228
Greenland,GRL,1994,0.17475745
Greenland,GRL,1995,0.17371184
Greenland,GRL,1996,0.17215441
Greenland,GRL,1997,0.1695528
Greenland,GRL,1998,0.16820751
Greenland,GRL,1999,0.16311371
Greenland,GRL,2000,0.15889062
Greenland,GRL,2001,0.15470527
Greenland,GRL,2002,0.15044771
Greenland,GRL,2003,0.14592165
Greenland,GRL,2004,0.14471638
Greenland,GRL,2005,0.1435866
Greenland,GRL,2006,0.14128631
Greenland,GRL,2007,0.14081389
Greenland,GRL,2008,0.14021084
Greenland,GRL,2009,0.1390965
Greenland,GRL,2010,0.13761564
Greenland,GRL,2011,0.13579221
Greenland,GRL,2012,0.13370012
Greenland,GRL,2013,0.13181922
Greenland,GRL,2014,0.13038214
Greenland,GRL,2015,0.12916881
Greenland,GRL,2016,0.12796593
Greenland,GRL,2017,0.12765408
Greenland,GRL,2018,0.12756711
Greenland,GRL,2019,0.12770842
Greenland,GRL,2020,0.12833178
Greenland,GRL,2021,0.1295171
Greenland,GRL,2022,0.12929833
Greenland,GRL,2023,0.12908247
Grenada,GRD,1950,0.29047975
Grenada,GRD,1951,0.2811238
Grenada,GRD,1952,0.27188516
Grenada,GRD,1953,0.262622
Grenada,GRD,1954,0.25316784
Grenada,GRD,1955,0.2432959
Grenada,GRD,1956,0.23304653
Grenada,GRD,1957,0.22272305
Grenada,GRD,1958,0.21275485
Grenada,GRD,1959,0.20355749
Grenada,GRD,1960,0.19556792
Grenada,GRD,1961,0.18906039
Grenada,GRD,1962,0.18360466
Grenada,GRD,1963,0.18016
Grenada,GRD,1964,0.17397004
Grenada,GRD,1965,0.16927537
Grenada,GRD,1966,0.16482814
Grenada,GRD,1967,0.16164465
Grenada,GRD,1968,0.16057554
Grenada,GRD,1969,0.1614761
Grenada,GRD,1970,0.1628588
Grenada,GRD,1971,0.16247293
Grenada,GRD,1972,0.15939815
Grenada,GRD,1973,0.15487312
Grenada,GRD,1974,0.1505131
Grenada,GRD,1975,0.14738965
Grenada,GRD,1976,0.14567907
Grenada,GRD,1977,0.14495912
Grenada,GRD,1978,0.14467159
Grenada,GRD,1979,0.14448246
Grenada,GRD,1980,0.14421809
Grenada,GRD,1981,0.14376402
Grenada,GRD,1982,0.14306839
Grenada,GRD,1983,0.14602757
Grenada,GRD,1984,0.14091852
Grenada,GRD,1985,0.13947742
Grenada,GRD,1986,0.13778296
Grenada,GRD,1987,0.13584545
Grenada,GRD,1988,0.13369387
Grenada,GRD,1989,0.1314313
Grenada,GRD,1990,0.12914258
Grenada,GRD,1991,0.12690331
Grenada,GRD,1992,0.124779016
Grenada,GRD,1993,0.122811556
Grenada,GRD,1994,0.12100884
Grenada,GRD,1995,0.11937848
Grenada,GRD,1996,0.11792674
Grenada,GRD,1997,0.116647296
Grenada,GRD,1998,0.11553913
Grenada,GRD,1999,0.11461617
Grenada,GRD,2000,0.11388462
Grenada,GRD,2001,0.11334026
Grenada,GRD,2002,0.112981044
Grenada,GRD,2003,0.112826645
Grenada,GRD,2004,0.12504186
Grenada,GRD,2005,0.1131981
Grenada,GRD,2006,0.11368655
Grenada,GRD,2007,0.11428044
Grenada,GRD,2008,0.11485096
Grenada,GRD,2009,0.11530239
Grenada,GRD,2010,0.1156772
Grenada,GRD,2011,0.11604779
Grenada,GRD,2012,0.11647543
Grenada,GRD,2013,0.117022336
Grenada,GRD,2014,0.11772979
Grenada,GRD,2015,0.11854664
Grenada,GRD,2016,0.11937342
Grenada,GRD,2017,0.1200873
Grenada,GRD,2018,0.12053064
Grenada,GRD,2019,0.12053438
Grenada,GRD,2020,0.120161444
Grenada,GRD,2021,0.118495174
Grenada,GRD,2022,0.11923156
Grenada,GRD,2023,0.119179934
Guadeloupe,GLP,1950,0.25396752
Guadeloupe,GLP,1951,0.24783911
Guadeloupe,GLP,1952,0.24264947
Guadeloupe,GLP,1953,0.236438
Guadeloupe,GLP,1954,0.22948775
Guadeloupe,GLP,1955,0.22272721
Guadeloupe,GLP,1956,0.21907367
Guadeloupe,GLP,1957,0.21297972
Guadeloupe,GLP,1958,0.20704043
Guadeloupe,GLP,1959,0.20219216
Guadeloupe,GLP,1960,0.19812497
Guadeloupe,GLP,1961,0.19491905
Guadeloupe,GLP,1962,0.19083917
Guadeloupe,GLP,1963,0.18790536
Guadeloupe,GLP,1964,0.18703322
Guadeloupe,GLP,1965,0.1829484
Guadeloupe,GLP,1966,0.18393244
Guadeloupe,GLP,1967,0.17979284
Guadeloupe,GLP,1968,0.17756636
Guadeloupe,GLP,1969,0.17352408
Guadeloupe,GLP,1970,0.17047913
Guadeloupe,GLP,1971,0.16733755
Guadeloupe,GLP,1972,0.16405143
Guadeloupe,GLP,1973,0.1607586
Guadeloupe,GLP,1974,0.15708052
Guadeloupe,GLP,1975,0.15329522
Guadeloupe,GLP,1976,0.14939304
Guadeloupe,GLP,1977,0.14563653
Guadeloupe,GLP,1978,0.14262277
Guadeloupe,GLP,1979,0.13949774
Guadeloupe,GLP,1980,0.13651204
Guadeloupe,GLP,1981,0.13336352
Guadeloupe,GLP,1982,0.13040112
Guadeloupe,GLP,1983,0.12759429
Guadeloupe,GLP,1984,0.1248609
Guadeloupe,GLP,1985,0.122185625
Guadeloupe,GLP,1986,0.12026861
Guadeloupe,GLP,1987,0.11831328
Guadeloupe,GLP,1988,0.116561554
Guadeloupe,GLP,1989,0.11534111
Guadeloupe,GLP,1990,0.11328992
Guadeloupe,GLP,1991,0.11170506
Guadeloupe,GLP,1992,0.11000695
Guadeloupe,GLP,1993,0.1085888
Guadeloupe,GLP,1994,0.10713633
Guadeloupe,GLP,1995,0.10569219
Guadeloupe,GLP,1996,0.10440634
Guadeloupe,GLP,1997,0.10322983
Guadeloupe,GLP,1998,0.10223325
Guadeloupe,GLP,1999,0.10148676
Guadeloupe,GLP,2000,0.10024695
Guadeloupe,GLP,2001,0.09967221
Guadeloupe,GLP,2002,0.09863348
Guadeloupe,GLP,2003,0.09758882
Guadeloupe,GLP,2004,0.09696934
Guadeloupe,GLP,2005,0.09624741
Guadeloupe,GLP,2006,0.09568422
Guadeloupe,GLP,2007,0.094445534
Guadeloupe,GLP,2008,0.0936091
Guadeloupe,GLP,2009,0.09326627
Guadeloupe,GLP,2010,0.092775606
Guadeloupe,GLP,2011,0.09214765
Guadeloupe,GLP,2012,0.09094316
Guadeloupe,GLP,2013,0.09066694
Guadeloupe,GLP,2014,0.08969557
Guadeloupe,GLP,2015,0.08945595
Guadeloupe,GLP,2016,0.08909825
Guadeloupe,GLP,2017,0.0902765
Guadeloupe,GLP,2018,0.09364207
Guadeloupe,GLP,2019,0.089039035
Guadeloupe,GLP,2020,0.09172597
Guadeloupe,GLP,2021,0.09879207
Guadeloupe,GLP,2022,0.09264536
Guadeloupe,GLP,2023,0.091404125
Guam,GUM,1950,0.16122706
Guam,GUM,1951,0.16000088
Guam,GUM,1952,0.15886791
Guam,GUM,1953,0.15775241
Guam,GUM,1954,0.15665649
Guam,GUM,1955,0.15555513
Guam,GUM,1956,0.15437599
Guam,GUM,1957,0.15328598
Guam,GUM,1958,0.15216304
Guam,GUM,1959,0.15110531
Guam,GUM,1960,0.15004154
Guam,GUM,1961,0.14898765
Guam,GUM,1962,0.1503059
Guam,GUM,1963,0.14635883
Guam,GUM,1964,0.1447817
Guam,GUM,1965,0.1432281
Guam,GUM,1966,0.14209695
Guam,GUM,1967,0.14090616
Guam,GUM,1968,0.13962008
Guam,GUM,1969,0.13824455
Guam,GUM,1970,0.1367789
Guam,GUM,1971,0.13526373
Guam,GUM,1972,0.13339378
Guam,GUM,1973,0.13162267
Guam,GUM,1974,0.12983872
Guam,GUM,1975,0.12840764
Guam,GUM,1976,0.12982176
Guam,GUM,1977,0.1253591
Guam,GUM,1978,0.12380795
Guam,GUM,1979,0.12229408
Guam,GUM,1980,0.12084315
Guam,GUM,1981,0.11945037
Guam,GUM,1982,0.11815827
Guam,GUM,1983,0.11697108
Guam,GUM,1984,0.11602881
Guam,GUM,1985,0.11410029
Guam,GUM,1986,0.11414409
Guam,GUM,1987,0.114361756
Guam,GUM,1988,0.115951955
Guam,GUM,1989,0.11521286
Guam,GUM,1990,0.1153437
Guam,GUM,1991,0.115660086
Guam,GUM,1992,0.11708534
Guam,GUM,1993,0.11736488
Guam,GUM,1994,0.11786795
Guam,GUM,1995,0.12062856
Guam,GUM,1996,0.123805426
Guam,GUM,1997,0.12588291
Guam,GUM,1998,0.12352122
Guam,GUM,1999,0.11882439
Guam,GUM,2000,0.11431949
Guam,GUM,2001,0.11054307
Guam,GUM,2002,0.107814856
Guam,GUM,2003,0.10515255
Guam,GUM,2004,0.103895254
Guam,GUM,2005,0.10129049
Guam,GUM,2006,0.099466614
Guam,GUM,2007,0.099667415
Guam,GUM,2008,0.10179597
Guam,GUM,2009,0.10534987
Guam,GUM,2010,0.10870047
Guam,GUM,2011,0.11212203
Guam,GUM,2012,0.1151409
Guam,GUM,2013,0.117789984
Guam,GUM,2014,0.11941841
Guam,GUM,2015,0.12118704
Guam,GUM,2016,0.12206204
Guam,GUM,2017,0.12229279
Guam,GUM,2018,0.12155193
Guam,GUM,2019,0.120892294
Guam,GUM,2020,0.119430736
Guam,GUM,2021,0.120787114
Guam,GUM,2022,0.11863596
Guam,GUM,2023,0.118348844
Guatemala,GTM,1950,0.44199842
Guatemala,GTM,1951,0.43672985
Guatemala,GTM,1952,0.43155685
Guatemala,GTM,1953,0.42633337
Guatemala,GTM,1954,0.42103407
Guatemala,GTM,1955,0.4155439
Guatemala,GTM,1956,0.40985322
Guatemala,GTM,1957,0.40396592
Guatemala,GTM,1958,0.39424524
Guatemala,GTM,1959,0.38340035
Guatemala,GTM,1960,0.37304908
Guatemala,GTM,1961,0.36737743
Guatemala,GTM,1962,0.36298612
Guatemala,GTM,1963,0.35779116
Guatemala,GTM,1964,0.35331073
Guatemala,GTM,1965,0.34936818
Guatemala,GTM,1966,0.34561434
Guatemala,GTM,1967,0.34134635
Guatemala,GTM,1968,0.3380337
Guatemala,GTM,1969,0.3346004
Guatemala,GTM,1970,0.3264537
Guatemala,GTM,1971,0.31304333
Guatemala,GTM,1972,0.3024716
Guatemala,GTM,1973,0.29280803
Guatemala,GTM,1974,0.2890325
Guatemala,GTM,1975,0.29020247
Guatemala,GTM,1976,0.344437
Guatemala,GTM,1977,0.2728828
Guatemala,GTM,1978,0.25848314
Guatemala,GTM,1979,0.25130537
Guatemala,GTM,1980,0.24990432
Guatemala,GTM,1981,0.2447717
Guatemala,GTM,1982,0.27622795
Guatemala,GTM,1983,0.2339141
Guatemala,GTM,1984,0.22640721
Guatemala,GTM,1985,0.21942964
Guatemala,GTM,1986,0.21394314
Guatemala,GTM,1987,0.20939516
Guatemala,GTM,1988,0.20510529
Guatemala,GTM,1989,0.2036595
Guatemala,GTM,1990,0.2016524
Guatemala,GTM,1991,0.1981078
Guatemala,GTM,1992,0.19388232
Guatemala,GTM,1993,0.19015692
Guatemala,GTM,1994,0.18485467
Guatemala,GTM,1995,0.18025252
Guatemala,GTM,1996,0.1749496
Guatemala,GTM,1997,0.16990203
Guatemala,GTM,1998,0.16589849
Guatemala,GTM,1999,0.1612221
Guatemala,GTM,2000,0.15788302
Guatemala,GTM,2001,0.15541093
Guatemala,GTM,2002,0.15186878
Guatemala,GTM,2003,0.14923277
Guatemala,GTM,2004,0.14747049
Guatemala,GTM,2005,0.14888631
Guatemala,GTM,2006,0.14257595
Guatemala,GTM,2007,0.13898373
Guatemala,GTM,2008,0.13720208
Guatemala,GTM,2009,0.1353597
Guatemala,GTM,2010,0.13427776
Guatemala,GTM,2011,0.13161145
Guatemala,GTM,2012,0.12951206
Guatemala,GTM,2013,0.1282684
Guatemala,GTM,2014,0.12752447
Guatemala,GTM,2015,0.12765817
Guatemala,GTM,2016,0.12573835
Guatemala,GTM,2017,0.123892576
Guatemala,GTM,2018,0.124305665
Guatemala,GTM,2019,0.1229863
Guatemala,GTM,2020,0.12321434
Guatemala,GTM,2021,0.1286791
Guatemala,GTM,2022,0.12196175
Guatemala,GTM,2023,0.117900975
Guernsey,GGY,1950,0.11183365
Guernsey,GGY,1951,0.109700084
Guernsey,GGY,1952,0.11095208
Guernsey,GGY,1953,0.105705485
Guernsey,GGY,1954,0.106353246
Guernsey,GGY,1955,0.11412923
Guernsey,GGY,1956,0.094905466
Guernsey,GGY,1957,0.102304794
Guernsey,GGY,1958,0.10430274
Guernsey,GGY,1959,0.09799535
Guernsey,GGY,1960,0.10054761
Guernsey,GGY,1961,0.10567923
Guernsey,GGY,1962,0.10144621
Guernsey,GGY,1963,0.092943825
Guernsey,GGY,1964,0.10601327
Guernsey,GGY,1965,0.1133364
Guernsey,GGY,1966,0.107170135
Guernsey,GGY,1967,0.10490592
Guernsey,GGY,1968,0.105700076
Guernsey,GGY,1969,0.10764881
Guernsey,GGY,1970,0.10796839
Guernsey,GGY,1971,0.10436003
Guernsey,GGY,1972,0.106660664
Guernsey,GGY,1973,0.09929258
Guernsey,GGY,1974,0.09868804
Guernsey,GGY,1975,0.10039478
Guernsey,GGY,1976,0.1013155
Guernsey,GGY,1977,0.099465795
Guernsey,GGY,1978,0.10077112
Guernsey,GGY,1979,0.10064469
Guernsey,GGY,1980,0.09885051
Guernsey,GGY,1981,0.09674406
Guernsey,GGY,1982,0.11253043
Guernsey,GGY,1983,0.09499287
Guernsey,GGY,1984,0.09476196
Guernsey,GGY,1985,0.092717014
Guernsey,GGY,1986,0.09693514
Guernsey,GGY,1987,0.09427734
Guernsey,GGY,1988,0.09123205
Guernsey,GGY,1989,0.090782695
Guernsey,GGY,1990,0.09680849
Guernsey,GGY,1991,0.09024052
Guernsey,GGY,1992,0.08954529
Guernsey,GGY,1993,0.09313809
Guernsey,GGY,1994,0.09511675
Guernsey,GGY,1995,0.089562625
Guernsey,GGY,1996,0.09195724
Guernsey,GGY,1997,0.08848665
Guernsey,GGY,1998,0.08682272
Guernsey,GGY,1999,0.08713422
Guernsey,GGY,2000,0.08712119
Guernsey,GGY,2001,0.08667178
Guernsey,GGY,2002,0.08640398
Guernsey,GGY,2003,0.08651038
Guernsey,GGY,2004,0.08441904
Guernsey,GGY,2005,0.08374921
Guernsey,GGY,2006,0.082385674
Guernsey,GGY,2007,0.08211563
Guernsey,GGY,2008,0.081545174
Guernsey,GGY,2009,0.08043848
Guernsey,GGY,2010,0.0796168
Guernsey,GGY,2011,0.078774236
Guernsey,GGY,2012,0.07986485
Guernsey,GGY,2013,0.07845178
Guernsey,GGY,2014,0.07799671
Guernsey,GGY,2015,0.07878479
Guernsey,GGY,2016,0.079284415
Guernsey,GGY,2017,0.079289176
Guernsey,GGY,2018,0.07752337
Guernsey,GGY,2019,0.07673596
Guernsey,GGY,2020,0.0759192
Guernsey,GGY,2021,0.07995866
Guernsey,GGY,2022,0.07682699
Guernsey,GGY,2023,0.07632661
Guinea,GIN,1950,0.48657626
Guinea,GIN,1951,0.4861126
Guinea,GIN,1952,0.4853643
Guinea,GIN,1953,0.48489633
Guinea,GIN,1954,0.48463696
Guinea,GIN,1955,0.48397654
Guinea,GIN,1956,0.48314595
Guinea,GIN,1957,0.4821059
Guinea,GIN,1958,0.48080906
Guinea,GIN,1959,0.47931826
Guinea,GIN,1960,0.47762507
Guinea,GIN,1961,0.47549656
Guinea,GIN,1962,0.47352502
Guinea,GIN,1963,0.4714545
Guinea,GIN,1964,0.4691908
Guinea,GIN,1965,0.46680927
Guinea,GIN,1966,0.46426618
Guinea,GIN,1967,0.46065518
Guinea,GIN,1968,0.45770204
Guinea,GIN,1969,0.4549106
Guinea,GIN,1970,0.45202824
Guinea,GIN,1971,0.44897586
Guinea,GIN,1972,0.44578248
Guinea,GIN,1973,0.44419116
Guinea,GIN,1974,0.44085336
Guinea,GIN,1975,0.43693197
Guinea,GIN,1976,0.43295702
Guinea,GIN,1977,0.42878327
Guinea,GIN,1978,0.424139
Guinea,GIN,1979,0.41953558
Guinea,GIN,1980,0.4146397
Guinea,GIN,1981,0.41001186
Guinea,GIN,1982,0.4052837
Guinea,GIN,1983,0.40175882
Guinea,GIN,1984,0.39597034
Guinea,GIN,1985,0.39150494
Guinea,GIN,1986,0.38759118
Guinea,GIN,1987,0.38388202
Guinea,GIN,1988,0.38012588
Guinea,GIN,1989,0.37604022
Guinea,GIN,1990,0.37168264
Guinea,GIN,1991,0.36549038
Guinea,GIN,1992,0.3602856
Guinea,GIN,1993,0.3540563
Guinea,GIN,1994,0.34953427
Guinea,GIN,1995,0.34284133
Guinea,GIN,1996,0.3355277
Guinea,GIN,1997,0.3295495
Guinea,GIN,1998,0.32409847
Guinea,GIN,1999,0.3188406
Guinea,GIN,2000,0.31408525
Guinea,GIN,2001,0.30963376
Guinea,GIN,2002,0.30453408
Guinea,GIN,2003,0.29954946
Guinea,GIN,2004,0.29463157
Guinea,GIN,2005,0.28931168
Guinea,GIN,2006,0.28415418
Guinea,GIN,2007,0.27999848
Guinea,GIN,2008,0.27495366
Guinea,GIN,2009,0.2709983
Guinea,GIN,2010,0.26715383
Guinea,GIN,2011,0.26362178
Guinea,GIN,2012,0.26026833
Guinea,GIN,2013,0.25705078
Guinea,GIN,2014,0.2560701
Guinea,GIN,2015,0.25381196
Guinea,GIN,2016,0.24896011
Guinea,GIN,2017,0.24627402
Guinea,GIN,2018,0.24348861
Guinea,GIN,2019,0.24057665
Guinea,GIN,2020,0.23626795
Guinea,GIN,2021,0.23557065
Guinea,GIN,2022,0.23089404
Guinea,GIN,2023,0.2280139
Guinea-Bissau,GNB,1950,0.48474696
Guinea-Bissau,GNB,1951,0.4828508
Guinea-Bissau,GNB,1952,0.4809555
Guinea-Bissau,GNB,1953,0.4790675
Guinea-Bissau,GNB,1954,0.47718275
Guinea-Bissau,GNB,1955,0.4752904
Guinea-Bissau,GNB,1956,0.47337046
Guinea-Bissau,GNB,1957,0.47139463
Guinea-Bissau,GNB,1958,0.46933553
Guinea-Bissau,GNB,1959,0.46716228
Guinea-Bissau,GNB,1960,0.46486542
Guinea-Bissau,GNB,1961,0.46240613
Guinea-Bissau,GNB,1962,0.45978588
Guinea-Bissau,GNB,1963,0.45853287
Guinea-Bissau,GNB,1964,0.45547688
Guinea-Bissau,GNB,1965,0.45261335
Guinea-Bissau,GNB,1966,0.44964272
Guinea-Bissau,GNB,1967,0.44653502
Guinea-Bissau,GNB,1968,0.44336677
Guinea-Bissau,GNB,1969,0.4401879
Guinea-Bissau,GNB,1970,0.43696985
Guinea-Bissau,GNB,1971,0.43371627
Guinea-Bissau,GNB,1972,0.43043146
Guinea-Bissau,GNB,1973,0.42704418
Guinea-Bissau,GNB,1974,0.42155138
Guinea-Bissau,GNB,1975,0.41803274
Guinea-Bissau,GNB,1976,0.41453207
Guinea-Bissau,GNB,1977,0.41093838
Guinea-Bissau,GNB,1978,0.4073247
Guinea-Bissau,GNB,1979,0.4037072
Guinea-Bissau,GNB,1980,0.40010798
Guinea-Bissau,GNB,1981,0.39641932
Guinea-Bissau,GNB,1982,0.39255667
Guinea-Bissau,GNB,1983,0.389733
Guinea-Bissau,GNB,1984,0.38587236
Guinea-Bissau,GNB,1985,0.38233384
Guinea-Bissau,GNB,1986,0.37924236
Guinea-Bissau,GNB,1987,0.37539023
Guinea-Bissau,GNB,1988,0.37037218
Guinea-Bissau,GNB,1989,0.3657861
Guinea-Bissau,GNB,1990,0.36226004
Guinea-Bissau,GNB,1991,0.3580558
Guinea-Bissau,GNB,1992,0.3535125
Guinea-Bissau,GNB,1993,0.34909758
Guinea-Bissau,GNB,1994,0.34785682
Guinea-Bissau,GNB,1995,0.33932978
Guinea-Bissau,GNB,1996,0.33558416
Guinea-Bissau,GNB,1997,0.34096596
Guinea-Bissau,GNB,1998,0.32552114
Guinea-Bissau,GNB,1999,0.32501245
Guinea-Bissau,GNB,2000,0.31368285
Guinea-Bissau,GNB,2001,0.30795953
Guinea-Bissau,GNB,2002,0.30205008
Guinea-Bissau,GNB,2003,0.29576504
Guinea-Bissau,GNB,2004,0.28927317
Guinea-Bissau,GNB,2005,0.28725755
Guinea-Bissau,GNB,2006,0.27563232
Guinea-Bissau,GNB,2007,0.26846147
Guinea-Bissau,GNB,2008,0.26397753
Guinea-Bissau,GNB,2009,0.25427184
Guinea-Bissau,GNB,2010,0.24745108
Guinea-Bissau,GNB,2011,0.2409306
Guinea-Bissau,GNB,2012,0.23522492
Guinea-Bissau,GNB,2013,0.22942238
Guinea-Bissau,GNB,2014,0.22376193
Guinea-Bissau,GNB,2015,0.2184651
Guinea-Bissau,GNB,2016,0.2136238
Guinea-Bissau,GNB,2017,0.20901181
Guinea-Bissau,GNB,2018,0.2045325
Guinea-Bissau,GNB,2019,0.20022258
Guinea-Bissau,GNB,2020,0.19660822
Guinea-Bissau,GNB,2021,0.19526473
Guinea-Bissau,GNB,2022,0.18791094
Guinea-Bissau,GNB,2023,0.1839961
Guyana,GUY,1950,0.27751735
Guyana,GUY,1951,0.27008438
Guyana,GUY,1952,0.2624584
Guyana,GUY,1953,0.25561082
Guyana,GUY,1954,0.2485385
Guyana,GUY,1955,0.24247472
Guyana,GUY,1956,0.23592006
Guyana,GUY,1957,0.22987576
Guyana,GUY,1958,0.2250451
Guyana,GUY,1959,0.2203287
Guyana,GUY,1960,0.21619001
Guyana,GUY,1961,0.21254034
Guyana,GUY,1962,0.20933668
Guyana,GUY,1963,0.20655455
Guyana,GUY,1964,0.20419408
Guyana,GUY,1965,0.20253749
Guyana,GUY,1966,0.20092475
Guyana,GUY,1967,0.19961119
Guyana,GUY,1968,0.1985333
Guyana,GUY,1969,0.19760092
Guyana,GUY,1970,0.19682932
Guyana,GUY,1971,0.19615714
Guyana,GUY,1972,0.19559751
Guyana,GUY,1973,0.19504413
Guyana,GUY,1974,0.19450529
Guyana,GUY,1975,0.1939579
Guyana,GUY,1976,0.1933598
Guyana,GUY,1977,0.19256623
Guyana,GUY,1978,0.19183943
Guyana,GUY,1979,0.19107771
Guyana,GUY,1980,0.19036141
Guyana,GUY,1981,0.18950342
Guyana,GUY,1982,0.1886247
Guyana,GUY,1983,0.18762115
Guyana,GUY,1984,0.18662508
Guyana,GUY,1985,0.18557204
Guyana,GUY,1986,0.18450452
Guyana,GUY,1987,0.18316169
Guyana,GUY,1988,0.18178804
Guyana,GUY,1989,0.18030705
Guyana,GUY,1990,0.17870556
Guyana,GUY,1991,0.17706437
Guyana,GUY,1992,0.17486373
Guyana,GUY,1993,0.17330082
Guyana,GUY,1994,0.1720832
Guyana,GUY,1995,0.17150797
Guyana,GUY,1996,0.17019264
Guyana,GUY,1997,0.16853547
Guyana,GUY,1998,0.16647382
Guyana,GUY,1999,0.1649493
Guyana,GUY,2000,0.1634611
Guyana,GUY,2001,0.16191466
Guyana,GUY,2002,0.1617147
Guyana,GUY,2003,0.16093631
Guyana,GUY,2004,0.15960674
Guyana,GUY,2005,0.1598757
Guyana,GUY,2006,0.1575503
Guyana,GUY,2007,0.15557443
Guyana,GUY,2008,0.15469399
Guyana,GUY,2009,0.15295425
Guyana,GUY,2010,0.15164527
Guyana,GUY,2011,0.15030213
Guyana,GUY,2012,0.14950013
Guyana,GUY,2013,0.14799298
Guyana,GUY,2014,0.1460662
Guyana,GUY,2015,0.14468063
Guyana,GUY,2016,0.1431978
Guyana,GUY,2017,0.14155936
Guyana,GUY,2018,0.14031291
Guyana,GUY,2019,0.13904995
Guyana,GUY,2020,0.13698427
Guyana,GUY,2021,0.14178519
Guyana,GUY,2022,0.13515794
Guyana,GUY,2023,0.13392673
Haiti,HTI,1950,0.467459
Haiti,HTI,1951,0.45853668
Haiti,HTI,1952,0.45143643
Haiti,HTI,1953,0.4428126
Haiti,HTI,1954,0.43742076
Haiti,HTI,1955,0.42733026
Haiti,HTI,1956,0.4205425
Haiti,HTI,1957,0.4145449
Haiti,HTI,1958,0.40933648
Haiti,HTI,1959,0.4049651
Haiti,HTI,1960,0.40045884
Haiti,HTI,1961,0.39640972
Haiti,HTI,1962,0.39244363
Haiti,HTI,1963,0.4095424
Haiti,HTI,1964,0.3848381
Haiti,HTI,1965,0.38047886
Haiti,HTI,1966,0.37832364
Haiti,HTI,1967,0.37236246
Haiti,HTI,1968,0.3682164
Haiti,HTI,1969,0.36407447
Haiti,HTI,1970,0.36002755
Haiti,HTI,1971,0.356093
Haiti,HTI,1972,0.35260063
Haiti,HTI,1973,0.3487569
Haiti,HTI,1974,0.3453014
Haiti,HTI,1975,0.34181482
Haiti,HTI,1976,0.33854893
Haiti,HTI,1977,0.33530048
Haiti,HTI,1978,0.33209708
Haiti,HTI,1979,0.32894564
Haiti,HTI,1980,0.32634965
Haiti,HTI,1981,0.32237163
Haiti,HTI,1982,0.3188113
Haiti,HTI,1983,0.3150185
Haiti,HTI,1984,0.3111749
Haiti,HTI,1985,0.30720058
Haiti,HTI,1986,0.30362204
Haiti,HTI,1987,0.2994266
Haiti,HTI,1988,0.29576528
Haiti,HTI,1989,0.29181907
Haiti,HTI,1990,0.28793925
Haiti,HTI,1991,0.2837346
Haiti,HTI,1992,0.27903053
Haiti,HTI,1993,0.27424183
Haiti,HTI,1994,0.27202114
Haiti,HTI,1995,0.2630726
Haiti,HTI,1996,0.25756788
Haiti,HTI,1997,0.2517475
Haiti,HTI,1998,0.2467537
Haiti,HTI,1999,0.240727
Haiti,HTI,2000,0.23572597
Haiti,HTI,2001,0.2310555
Haiti,HTI,2002,0.22635539
Haiti,HTI,2003,0.22192512
Haiti,HTI,2004,0.23160753
Haiti,HTI,2005,0.21279025
Haiti,HTI,2006,0.20827681
Haiti,HTI,2007,0.2047102
Haiti,HTI,2008,0.20274375
Haiti,HTI,2009,0.19813512
Haiti,HTI,2010,0.35548234
Haiti,HTI,2011,0.19861065
Haiti,HTI,2012,0.19160864
Haiti,HTI,2013,0.1876138
Haiti,HTI,2014,0.18397903
Haiti,HTI,2015,0.18111551
Haiti,HTI,2016,0.180074
Haiti,HTI,2017,0.17457883
Haiti,HTI,2018,0.17179745
Haiti,HTI,2019,0.16901578
Haiti,HTI,2020,0.16710208
Haiti,HTI,2021,0.17286766
Haiti,HTI,2022,0.16425945
Haiti,HTI,2023,0.15960449
High-and-upper-middle-income countries,,1950,0.30586895
High-and-upper-middle-income countries,,1951,0.3003385
High-and-upper-middle-income countries,,1952,0.29230496
High-and-upper-middle-income countries,,1953,0.28730807
High-and-upper-middle-income countries,,1954,0.28047797
High-and-upper-middle-income countries,,1955,0.27426273
High-and-upper-middle-income countries,,1956,0.2673563
High-and-upper-middle-income countries,,1957,0.26373672
High-and-upper-middle-income countries,,1958,0.25844824
High-and-upper-middle-income countries,,1959,0.29954934
High-and-upper-middle-income countries,,1960,0.3331348
High-and-upper-middle-income countries,,1961,0.2892578
High-and-upper-middle-income countries,,1962,0.23855826
High-and-upper-middle-income countries,,1963,0.23579228
High-and-upper-middle-income countries,,1964,0.23210378
High-and-upper-middle-income countries,,1965,0.23097077
High-and-upper-middle-income countries,,1966,0.22605865
High-and-upper-middle-income countries,,1967,0.22013879
High-and-upper-middle-income countries,,1968,0.21643004
High-and-upper-middle-income countries,,1969,0.21273525
High-and-upper-middle-income countries,,1970,0.20910212
High-and-upper-middle-income countries,,1971,0.20353837
High-and-upper-middle-income countries,,1972,0.1989611
High-and-upper-middle-income countries,,1973,0.19398531
High-and-upper-middle-income countries,,1974,0.18943897
High-and-upper-middle-income countries,,1975,0.18516637
High-and-upper-middle-income countries,,1976,0.1832894
High-and-upper-middle-income countries,,1977,0.17676485
High-and-upper-middle-income countries,,1978,0.17303611
High-and-upper-middle-income countries,,1979,0.16951865
High-and-upper-middle-income countries,,1980,0.16615102
High-and-upper-middle-income countries,,1981,0.16290125
High-and-upper-middle-income countries,,1982,0.16010536
High-and-upper-middle-income countries,,1983,0.15684713
High-and-upper-middle-income countries,,1984,0.15449804
High-and-upper-middle-income countries,,1985,0.15201046
High-and-upper-middle-income countries,,1986,0.14955118
High-and-upper-middle-income countries,,1987,0.14772183
High-and-upper-middle-income countries,,1988,0.14620061
High-and-upper-middle-income countries,,1989,0.14452307
High-and-upper-middle-income countries,,1990,0.14297888
High-and-upper-middle-income countries,,1991,0.14081895
High-and-upper-middle-income countries,,1992,0.1389327
High-and-upper-middle-income countries,,1993,0.13702473
High-and-upper-middle-income countries,,1994,0.13557534
High-and-upper-middle-income countries,,1995,0.13361937
High-and-upper-middle-income countries,,1996,0.13144986
High-and-upper-middle-income countries,,1997,0.1294696
High-and-upper-middle-income countries,,1998,0.12762728
High-and-upper-middle-income countries,,1999,0.12631339
High-and-upper-middle-income countries,,2000,0.1246916
High-and-upper-middle-income countries,,2001,0.12326341
High-and-upper-middle-income countries,,2002,0.12176036
High-and-upper-middle-income countries,,2003,0.12020554
High-and-upper-middle-income countries,,2004,0.12086943
High-and-upper-middle-income countries,,2005,0.1174251
High-and-upper-middle-income countries,,2006,0.115772165
High-and-upper-middle-income countries,,2007,0.113872245
High-and-upper-middle-income countries,,2008,0.11278892
High-and-upper-middle-income countries,,2009,0.11068423
High-and-upper-middle-income countries,,2010,0.109241
High-and-upper-middle-income countries,,2011,0.1073833
High-and-upper-middle-income countries,,2012,0.105669335
High-and-upper-middle-income countries,,2013,0.10449068
High-and-upper-middle-income countries,,2014,0.1035025
High-and-upper-middle-income countries,,2015,0.10221244
High-and-upper-middle-income countries,,2016,0.10160858
High-and-upper-middle-income countries,,2017,0.1003384
High-and-upper-middle-income countries,,2018,0.09971225
High-and-upper-middle-income countries,,2019,0.09924094
High-and-upper-middle-income countries,,2020,0.10034228
High-and-upper-middle-income countries,,2021,0.10356107
High-and-upper-middle-income countries,,2022,0.0988895
High-and-upper-middle-income countries,,2023,0.097946055
High-income countries,OWID_HIC,1950,0.19651984
High-income countries,OWID_HIC,1951,0.18852916
High-income countries,OWID_HIC,1952,0.17901517
High-income countries,OWID_HIC,1953,0.17222938
High-income countries,OWID_HIC,1954,0.16575709
High-income countries,OWID_HIC,1955,0.16053845
High-income countries,OWID_HIC,1956,0.15664148
High-income countries,OWID_HIC,1957,0.15563078
High-income countries,OWID_HIC,1958,0.15113926
High-income countries,OWID_HIC,1959,0.14831382
High-income countries,OWID_HIC,1960,0.14454007
High-income countries,OWID_HIC,1961,0.14201048
High-income countries,OWID_HIC,1962,0.13943103
High-income countries,OWID_HIC,1963,0.13740976
High-income countries,OWID_HIC,1964,0.1354428
High-income countries,OWID_HIC,1965,0.13281149
High-income countries,OWID_HIC,1966,0.13171062
High-income countries,OWID_HIC,1967,0.12849054
High-income countries,OWID_HIC,1968,0.12705247
High-income countries,OWID_HIC,1969,0.12655494
High-income countries,OWID_HIC,1970,0.12482606
High-income countries,OWID_HIC,1971,0.12264831
High-income countries,OWID_HIC,1972,0.12087487
High-income countries,OWID_HIC,1973,0.119039066
High-income countries,OWID_HIC,1974,0.11730275
High-income countries,OWID_HIC,1975,0.11572699
High-income countries,OWID_HIC,1976,0.11383579
High-income countries,OWID_HIC,1977,0.112930655
High-income countries,OWID_HIC,1978,0.111586474
High-income countries,OWID_HIC,1979,0.110165894
High-income countries,OWID_HIC,1980,0.10916047
High-income countries,OWID_HIC,1981,0.10739723
High-income countries,OWID_HIC,1982,0.10644428
High-income countries,OWID_HIC,1983,0.1052243
High-income countries,OWID_HIC,1984,0.10430494
High-income countries,OWID_HIC,1985,0.10313047
High-income countries,OWID_HIC,1986,0.102363594
High-income countries,OWID_HIC,1987,0.10207199
High-income countries,OWID_HIC,1988,0.101176165
High-income countries,OWID_HIC,1989,0.10062318
High-income countries,OWID_HIC,1990,0.099652596
High-income countries,OWID_HIC,1991,0.09901246
High-income countries,OWID_HIC,1992,0.09821749
High-income countries,OWID_HIC,1993,0.097411275
High-income countries,OWID_HIC,1994,0.09690859
High-income countries,OWID_HIC,1995,0.09624246
High-income countries,OWID_HIC,1996,0.095212094
High-income countries,OWID_HIC,1997,0.09419462
High-income countries,OWID_HIC,1998,0.09337452
High-income countries,OWID_HIC,1999,0.09242316
High-income countries,OWID_HIC,2000,0.09189845
High-income countries,OWID_HIC,2001,0.091293916
High-income countries,OWID_HIC,2002,0.090666406
High-income countries,OWID_HIC,2003,0.08990648
High-income countries,OWID_HIC,2004,0.089612514
High-income countries,OWID_HIC,2005,0.08901107
High-income countries,OWID_HIC,2006,0.08870064
High-income countries,OWID_HIC,2007,0.08816509
High-income countries,OWID_HIC,2008,0.08743115
High-income countries,OWID_HIC,2009,0.087250486
High-income countries,OWID_HIC,2010,0.0862595
High-income countries,OWID_HIC,2011,0.08611107
High-income countries,OWID_HIC,2012,0.085159294
High-income countries,OWID_HIC,2013,0.084958665
High-income countries,OWID_HIC,2014,0.085008465
High-income countries,OWID_HIC,2015,0.08461947
High-income countries,OWID_HIC,2016,0.08516013
High-income countries,OWID_HIC,2017,0.084687725
High-income countries,OWID_HIC,2018,0.08451819
High-income countries,OWID_HIC,2019,0.08435703
High-income countries,OWID_HIC,2020,0.08610091
High-income countries,OWID_HIC,2021,0.089330725
High-income countries,OWID_HIC,2022,0.08603103
High-income countries,OWID_HIC,2023,0.08310953
Honduras,HND,1950,0.41703212
Honduras,HND,1951,0.41177183
Honduras,HND,1952,0.40724468
Honduras,HND,1953,0.40194345
Honduras,HND,1954,0.39635536
Honduras,HND,1955,0.38977763
Honduras,HND,1956,0.38332984
Honduras,HND,1957,0.37592268
Honduras,HND,1958,0.36832407
Honduras,HND,1959,0.3598772
Honduras,HND,1960,0.3519763
Honduras,HND,1961,0.3458694
Honduras,HND,1962,0.33586228
Honduras,HND,1963,0.3275627
Honduras,HND,1964,0.31889212
Honduras,HND,1965,0.31080794
Honduras,HND,1966,0.3026972
Honduras,HND,1967,0.29495367
Honduras,HND,1968,0.28748515
Honduras,HND,1969,0.2805116
Honduras,HND,1970,0.2734841
Honduras,HND,1971,0.26668754
Honduras,HND,1972,0.25962508
Honduras,HND,1973,0.27119303
Honduras,HND,1974,0.2977651
Honduras,HND,1975,0.24088396
Honduras,HND,1976,0.23432937
Honduras,HND,1977,0.22901846
Honduras,HND,1978,0.22339068
Honduras,HND,1979,0.21774925
Honduras,HND,1980,0.21212709
Honduras,HND,1981,0.20516318
Honduras,HND,1982,0.1980076
Honduras,HND,1983,0.18963426
Honduras,HND,1984,0.185881
Honduras,HND,1985,0.18340577
Honduras,HND,1986,0.17968902
Honduras,HND,1987,0.17596203
Honduras,HND,1988,0.17293732
Honduras,HND,1989,0.16969466
Honduras,HND,1990,0.1661746
Honduras,HND,1991,0.16297485
Honduras,HND,1992,0.15990177
Honduras,HND,1993,0.15829368
Honduras,HND,1994,0.15452245
Honduras,HND,1995,0.15126449
Honduras,HND,1996,0.14857356
Honduras,HND,1997,0.14637719
Honduras,HND,1998,0.20691364
Honduras,HND,1999,0.14250298
Honduras,HND,2000,0.14029051
Honduras,HND,2001,0.13870834
Honduras,HND,2002,0.13719958
Honduras,HND,2003,0.13582373
Honduras,HND,2004,0.13448025
Honduras,HND,2005,0.13347775
Honduras,HND,2006,0.13194287
Honduras,HND,2007,0.13091911
Honduras,HND,2008,0.13021743
Honduras,HND,2009,0.12914202
Honduras,HND,2010,0.12962419
Honduras,HND,2011,0.12687962
Honduras,HND,2012,0.12465447
Honduras,HND,2013,0.12262733
Honduras,HND,2014,0.120820925
Honduras,HND,2015,0.11901576
Honduras,HND,2016,0.11737603
Honduras,HND,2017,0.11609729
Honduras,HND,2018,0.11493122
Honduras,HND,2019,0.1143751
Honduras,HND,2020,0.11472136
Honduras,HND,2021,0.117804125
Honduras,HND,2022,0.11112923
Honduras,HND,2023,0.11034591
Hong Kong,HKG,1950,0.24276976
Hong Kong,HKG,1951,0.23365566
Hong Kong,HKG,1952,0.22339474
Hong Kong,HKG,1953,0.21288776
Hong Kong,HKG,1954,0.20234424
Hong Kong,HKG,1955,0.19357897
Hong Kong,HKG,1956,0.18598418
Hong Kong,HKG,1957,0.17954281
Hong Kong,HKG,1958,0.17328687
Hong Kong,HKG,1959,0.16734333
Hong Kong,HKG,1960,0.16113427
Hong Kong,HKG,1961,0.15487005
Hong Kong,HKG,1962,0.1513874
Hong Kong,HKG,1963,0.14491709
Hong Kong,HKG,1964,0.14082734
Hong Kong,HKG,1965,0.13596824
Hong Kong,HKG,1966,0.13358824
Hong Kong,HKG,1967,0.1291696
Hong Kong,HKG,1968,0.12642428
Hong Kong,HKG,1969,0.12347141
Hong Kong,HKG,1970,0.12156056
Hong Kong,HKG,1971,0.12064863
Hong Kong,HKG,1972,0.11965442
Hong Kong,HKG,1973,0.11588781
Hong Kong,HKG,1974,0.113595374
Hong Kong,HKG,1975,0.111416735
Hong Kong,HKG,1976,0.1097887
Hong Kong,HKG,1977,0.10740127
Hong Kong,HKG,1978,0.10537585
Hong Kong,HKG,1979,0.10329547
Hong Kong,HKG,1980,0.10144662
Hong Kong,HKG,1981,0.09958725
Hong Kong,HKG,1982,0.097710125
Hong Kong,HKG,1983,0.09573697
Hong Kong,HKG,1984,0.093673326
Hong Kong,HKG,1985,0.093394615
Hong Kong,HKG,1986,0.093071796
Hong Kong,HKG,1987,0.0929847
Hong Kong,HKG,1988,0.09146412
Hong Kong,HKG,1989,0.09085393
Hong Kong,HKG,1990,0.09006724
Hong Kong,HKG,1991,0.08958595
Hong Kong,HKG,1992,0.088723935
Hong Kong,HKG,1993,0.08843495
Hong Kong,HKG,1994,0.08785538
Hong Kong,HKG,1995,0.086972736
Hong Kong,HKG,1996,0.0853894
Hong Kong,HKG,1997,0.08437854
Hong Kong,HKG,1998,0.08302157
Hong Kong,HKG,1999,0.08252526
Hong Kong,HKG,2000,0.08208236
Hong Kong,HKG,2001,0.08146834
Hong Kong,HKG,2002,0.080624945
Hong Kong,HKG,2003,0.080772
Hong Kong,HKG,2004,0.07858933
Hong Kong,HKG,2005,0.07778749
Hong Kong,HKG,2006,0.07721365
Hong Kong,HKG,2007,0.076656714
Hong Kong,HKG,2008,0.0760225
Hong Kong,HKG,2009,0.07552365
Hong Kong,HKG,2010,0.07489982
Hong Kong,HKG,2011,0.07455498
Hong Kong,HKG,2012,0.074113905
Hong Kong,HKG,2013,0.07400951
Hong Kong,HKG,2014,0.07384564
Hong Kong,HKG,2015,0.07407019
Hong Kong,HKG,2016,0.07430338
Hong Kong,HKG,2017,0.074719295
Hong Kong,HKG,2018,0.07524399
Hong Kong,HKG,2019,0.075321145
Hong Kong,HKG,2020,0.0775674
Hong Kong,HKG,2021,0.07794281
Hong Kong,HKG,2022,0.079149544
Hong Kong,HKG,2023,0.071206845
Hungary,HUN,1950,0.20066307
Hungary,HUN,1951,0.19302087
Hungary,HUN,1952,0.17438556
Hungary,HUN,1953,0.17334414
Hungary,HUN,1954,0.15958123
Hungary,HUN,1955,0.15391324
Hungary,HUN,1956,0.1545601
Hungary,HUN,1957,0.15357302
Hungary,HUN,1958,0.14835532
Hungary,HUN,1959,0.14374876
Hungary,HUN,1960,0.13854045
Hungary,HUN,1961,0.13435099
Hungary,HUN,1962,0.13683556
Hungary,HUN,1963,0.13528642
Hungary,HUN,1964,0.12839146
Hungary,HUN,1965,0.12697418
Hungary,HUN,1966,0.1278164
Hungary,HUN,1967,0.12596576
Hungary,HUN,1968,0.12378242
Hungary,HUN,1969,0.12515886
Hungary,HUN,1970,0.123059995
Hungary,HUN,1971,0.12426835
Hungary,HUN,1972,0.12273777
Hungary,HUN,1973,0.12189721
Hungary,HUN,1974,0.12752631
Hungary,HUN,1975,0.12164765
Hungary,HUN,1976,0.12023501
Hungary,HUN,1977,0.11678601
Hungary,HUN,1978,0.11498561
Hungary,HUN,1979,0.11597163
Hungary,HUN,1980,0.11610738
Hungary,HUN,1981,0.115489766
Hungary,HUN,1982,0.11361479
Hungary,HUN,1983,0.11441134
Hungary,HUN,1984,0.11577209
Hungary,HUN,1985,0.11659883
Hungary,HUN,1986,0.11464859
Hungary,HUN,1987,0.11267568
Hungary,HUN,1988,0.11209191
Hungary,HUN,1989,0.11409099
Hungary,HUN,1990,0.11358073
Hungary,HUN,1991,0.113636404
Hungary,HUN,1992,0.11338924
Hungary,HUN,1993,0.11308986
Hungary,HUN,1994,0.11053455
Hungary,HUN,1995,0.10914072
Hungary,HUN,1996,0.10666202
Hungary,HUN,1997,0.10563072
Hungary,HUN,1998,0.105423026
Hungary,HUN,1999,0.10360474
Hungary,HUN,2000,0.10409903
Hungary,HUN,2001,0.10144492
Hungary,HUN,2002,0.10123041
Hungary,HUN,2003,0.09995169
Hungary,HUN,2004,0.09897442
Hungary,HUN,2005,0.097993314
Hungary,HUN,2006,0.097400725
Hungary,HUN,2007,0.09824875
Hungary,HUN,2008,0.09626889
Hungary,HUN,2009,0.095905036
Hungary,HUN,2010,0.09362375
Hungary,HUN,2011,0.093742825
Hungary,HUN,2012,0.09242718
Hungary,HUN,2013,0.09129778
Hungary,HUN,2014,0.090821385
Hungary,HUN,2015,0.090874724
Hungary,HUN,2016,0.08982667
Hungary,HUN,2017,0.0896156
Hungary,HUN,2018,0.08889223
Hungary,HUN,2019,0.08865969
Hungary,HUN,2020,0.08903041
Hungary,HUN,2021,0.09333445
Hungary,HUN,2022,0.08920091
Hungary,HUN,2023,0.0866609
Iceland,ISL,1838,0.5057986
Iceland,ISL,1839,0.5663108
Iceland,ISL,1840,0.5429633
Iceland,ISL,1841,0.4323614
Iceland,ISL,1842,0.38582334
Iceland,ISL,1843,0.49938983
Iceland,ISL,1844,0.41525045
Iceland,ISL,1845,0.4049003
Iceland,ISL,1846,0.66402906
Iceland,ISL,1847,0.53157455
Iceland,ISL,1848,0.42073128
Iceland,ISL,1849,0.50619024
Iceland,ISL,1850,0.52020776
Iceland,ISL,1851,0.5548966
Iceland,ISL,1852,0.43168962
Iceland,ISL,1853,0.35285142
Iceland,ISL,1854,0.39360514
Iceland,ISL,1855,0.4021103
Iceland,ISL,1856,0.4029213
Iceland,ISL,1857,0.45705178
Iceland,ISL,1858,0.49906108
Iceland,ISL,1859,0.5264294
Iceland,ISL,1860,0.6478694
Iceland,ISL,1861,0.57734764
Iceland,ISL,1862,0.531251
Iceland,ISL,1863,0.43718186
Iceland,ISL,1864,0.45598754
Iceland,ISL,1865,0.46852165
Iceland,ISL,1866,0.51823837
Iceland,ISL,1867,0.434765
Iceland,ISL,1868,0.46376014
Iceland,ISL,1869,0.5466208
Iceland,ISL,1870,0.4131488
Iceland,ISL,1871,0.46995652
Iceland,ISL,1872,0.61969787
Iceland,ISL,1873,0.42544174
Iceland,ISL,1874,0.44113716
Iceland,ISL,1875,0.47802
Iceland,ISL,1876,0.42933205
Iceland,ISL,1877,0.36865413
Iceland,ISL,1878,0.3947912
Iceland,ISL,1879,0.3771168
Iceland,ISL,1880,0.39488646
Iceland,ISL,1881,0.49687988
Iceland,ISL,1882,0.6790748
Iceland,ISL,1883,0.54215324
Iceland,ISL,1884,0.40219948
Iceland,ISL,1885,0.3587777
Iceland,ISL,1886,0.35876462
Iceland,ISL,1887,0.380427
Iceland,ISL,1888,0.3291227
Iceland,ISL,1889,0.28448275
Iceland,ISL,1890,0.44535077
Iceland,ISL,1891,0.39497414
Iceland,ISL,1892,0.27721202
Iceland,ISL,1893,0.25877655
Iceland,ISL,1894,0.29213595
Iceland,ISL,1895,0.31427044
Iceland,ISL,1896,0.29991195
Iceland,ISL,1897,0.34487998
Iceland,ISL,1898,0.3595037
Iceland,ISL,1899,0.29314354
Iceland,ISL,1900,0.32750726
Iceland,ISL,1901,0.27974924
Iceland,ISL,1902,0.3422185
Iceland,ISL,1903,0.3697024
Iceland,ISL,1904,0.2897908
Iceland,ISL,1905,0.30023763
Iceland,ISL,1906,0.25646994
Iceland,ISL,1907,0.32316956
Iceland,ISL,1908,0.36599964
Iceland,ISL,1909,0.33032048
Iceland,ISL,1910,0.30081537
Iceland,ISL,1911,0.27446282
Iceland,ISL,1912,0.24655516
Iceland,ISL,1913,0.23041968
Iceland,ISL,1914,0.286474
Iceland,ISL,1915,0.27651623
Iceland,ISL,1916,0.25577372
Iceland,ISL,1917,0.2276189
Iceland,ISL,1918,0.29229724
Iceland,ISL,1919,0.24291044
Iceland,ISL,1920,0.28947225
Iceland,ISL,1921,0.25055748
Iceland,ISL,1922,0.24016887
Iceland,ISL,1923,0.23111118
Iceland,ISL,1924,0.26710284
Iceland,ISL,1925,0.25403646
Iceland,ISL,1926,0.23077455
Iceland,ISL,1927,0.25506553
Iceland,ISL,1928,0.23093025
Iceland,ISL,1929,0.23213708
Iceland,ISL,1930,0.2284796
Iceland,ISL,1931,0.22750051
Iceland,ISL,1932,0.21993788
Iceland,ISL,1933,0.20807329
Iceland,ISL,1934,0.210832
Iceland,ISL,1935,0.24463573
Iceland,ISL,1936,0.20052907
Iceland,ISL,1937,0.18715076
Iceland,ISL,1938,0.16947779
Iceland,ISL,1939,0.17660658
Iceland,ISL,1940,0.16508491
Iceland,ISL,1941,0.17899159
Iceland,ISL,1942,0.19845591
Iceland,ISL,1943,0.18617085
Iceland,ISL,1944,0.17546934
Iceland,ISL,1945,0.16718149
Iceland,ISL,1946,0.15458123
Iceland,ISL,1947,0.14383991
Iceland,ISL,1948,0.15376478
Iceland,ISL,1949,0.1238354
Iceland,ISL,1950,0.1306073
Iceland,ISL,1951,0.13962007
Iceland,ISL,1952,0.12155652
Iceland,ISL,1953,0.121334486
Iceland,ISL,1954,0.11419294
Iceland,ISL,1955,0.11302024
Iceland,ISL,1956,0.12063229
Iceland,ISL,1957,0.11095263
Iceland,ISL,1958,0.10865317
Iceland,ISL,1959,0.10910967
Iceland,ISL,1960,0.104171
Iceland,ISL,1961,0.105487406
Iceland,ISL,1962,0.10511832
Iceland,ISL,1963,0.10767869
Iceland,ISL,1964,0.10700129
Iceland,ISL,1965,0.10723917
Iceland,ISL,1966,0.104228884
Iceland,ISL,1967,0.10375933
Iceland,ISL,1968,0.100010075
Iceland,ISL,1969,0.10008347
Iceland,ISL,1970,0.093944035
Iceland,ISL,1971,0.106394194
Iceland,ISL,1972,0.103387125
Iceland,ISL,1973,0.10306033
Iceland,ISL,1974,0.10254528
Iceland,ISL,1975,0.10365964
Iceland,ISL,1976,0.093541555
Iceland,ISL,1977,0.098703265
Iceland,ISL,1978,0.103937514
Iceland,ISL,1979,0.10129345
Iceland,ISL,1980,0.09218765
Iceland,ISL,1981,0.09055236
Iceland,ISL,1982,0.097603165
Iceland,ISL,1983,0.09391448
Iceland,ISL,1984,0.09311099
Iceland,ISL,1985,0.08873724
Iceland,ISL,1986,0.09062076
Iceland,ISL,1987,0.09955029
Iceland,ISL,1988,0.091398135
Iceland,ISL,1989,0.093084484
Iceland,ISL,1990,0.09389912
Iceland,ISL,1991,0.08926695
Iceland,ISL,1992,0.08881815
Iceland,ISL,1993,0.084946446
Iceland,ISL,1994,0.089051
Iceland,ISL,1995,0.095537744
Iceland,ISL,1996,0.08557262
Iceland,ISL,1997,0.08582218
Iceland,ISL,1998,0.08634813
Iceland,ISL,1999,0.081682935
Iceland,ISL,2000,0.083755
Iceland,ISL,2001,0.08397121
Iceland,ISL,2002,0.083207935
Iceland,ISL,2003,0.07968104
Iceland,ISL,2004,0.084368005
Iceland,ISL,2005,0.07843438
Iceland,ISL,2006,0.08162013
Iceland,ISL,2007,0.08157221
Iceland,ISL,2008,0.07705696
Iceland,ISL,2009,0.07519165
Iceland,ISL,2010,0.07656533
Iceland,ISL,2011,0.07536778
Iceland,ISL,2012,0.07629524
Iceland,ISL,2013,0.078646675
Iceland,ISL,2014,0.079181686
Iceland,ISL,2015,0.07732106
Iceland,ISL,2016,0.07579023
Iceland,ISL,2017,0.07422312
Iceland,ISL,2018,0.073643394
Iceland,ISL,2019,0.07289058
Iceland,ISL,2020,0.07542427
Iceland,ISL,2021,0.075477876
Iceland,ISL,2022,0.07078485
Iceland,ISL,2023,0.07007529
India,IND,1950,0.44234043
India,IND,1951,0.43726072
India,IND,1952,0.4315881
India,IND,1953,0.42761034
India,IND,1954,0.41911036
India,IND,1955,0.41396058
India,IND,1956,0.40980738
India,IND,1957,0.40678486
India,IND,1958,0.4031365
India,IND,1959,0.39847827
India,IND,1960,0.3948452
India,IND,1961,0.39227194
India,IND,1962,0.38880962
India,IND,1963,0.38517523
India,IND,1964,0.38186598
India,IND,1965,0.39273733
India,IND,1966,0.38899797
India,IND,1967,0.38548672
India,IND,1968,0.3680685
India,IND,1969,0.36441004
India,IND,1970,0.36101717
India,IND,1971,0.35801792
India,IND,1972,0.35534665
India,IND,1973,0.35171238
India,IND,1974,0.3463546
India,IND,1975,0.34199128
India,IND,1976,0.33703312
India,IND,1977,0.33197615
India,IND,1978,0.32575792
India,IND,1979,0.31937957
India,IND,1980,0.31296507
India,IND,1981,0.30644476
India,IND,1982,0.30008098
India,IND,1983,0.29391587
India,IND,1984,0.28799933
India,IND,1985,0.2823898
India,IND,1986,0.27703324
India,IND,1987,0.27202833
India,IND,1988,0.26730782
India,IND,1989,0.26273277
India,IND,1990,0.25842205
India,IND,1991,0.25427258
India,IND,1992,0.25019354
India,IND,1993,0.24647015
India,IND,1994,0.24232632
India,IND,1995,0.23836616
India,IND,1996,0.23432538
India,IND,1997,0.23013054
India,IND,1998,0.2259096
India,IND,1999,0.22151425
India,IND,2000,0.21662253
India,IND,2001,0.21222137
India,IND,2002,0.20688315
India,IND,2003,0.20187269
India,IND,2004,0.19717781
India,IND,2005,0.19181842
India,IND,2006,0.18680146
India,IND,2007,0.18200792
India,IND,2008,0.17742282
India,IND,2009,0.17313656
India,IND,2010,0.16906886
India,IND,2011,0.165225
India,IND,2012,0.1615621
India,IND,2013,0.1581915
India,IND,2014,0.15467809
India,IND,2015,0.15142646
India,IND,2016,0.148233
India,IND,2017,0.1451993
India,IND,2018,0.14220186
India,IND,2019,0.1392951
India,IND,2020,0.13601631
India,IND,2021,0.13768137
India,IND,2022,0.1308302
India,IND,2023,0.12814611
Indonesia,IDN,1950,0.43186218
Indonesia,IDN,1951,0.42526618
Indonesia,IDN,1952,0.4170669
Indonesia,IDN,1953,0.40898928
Indonesia,IDN,1954,0.40101916
Indonesia,IDN,1955,0.3931956
Indonesia,IDN,1956,0.38519284
Indonesia,IDN,1957,0.37793028
Indonesia,IDN,1958,0.3704856
Indonesia,IDN,1959,0.3631831
Indonesia,IDN,1960,0.35612592
Indonesia,IDN,1961,0.34984246
Indonesia,IDN,1962,0.3428063
Indonesia,IDN,1963,0.33601615
Indonesia,IDN,1964,0.3281175
Indonesia,IDN,1965,0.36126468
Indonesia,IDN,1966,0.33112258
Indonesia,IDN,1967,0.30530137
Indonesia,IDN,1968,0.29839087
Indonesia,IDN,1969,0.29127777
Indonesia,IDN,1970,0.28390163
Indonesia,IDN,1971,0.277503
Indonesia,IDN,1972,0.27165183
Indonesia,IDN,1973,0.26596427
Indonesia,IDN,1974,0.26025364
Indonesia,IDN,1975,0.25469503
Indonesia,IDN,1976,0.24987166
Indonesia,IDN,1977,0.24438895
Indonesia,IDN,1978,0.23983544
Indonesia,IDN,1979,0.23522194
Indonesia,IDN,1980,0.23086888
Indonesia,IDN,1981,0.22732227
Indonesia,IDN,1982,0.22185963
Indonesia,IDN,1983,0.21611553
Indonesia,IDN,1984,0.21138524
Indonesia,IDN,1985,0.2069561
Indonesia,IDN,1986,0.20325768
Indonesia,IDN,1987,0.19949663
Indonesia,IDN,1988,0.19673172
Indonesia,IDN,1989,0.19179367
Indonesia,IDN,1990,0.18884312
Indonesia,IDN,1991,0.18500231
Indonesia,IDN,1992,0.18083477
Indonesia,IDN,1993,0.17467079
Indonesia,IDN,1994,0.1731934
Indonesia,IDN,1995,0.17135277
Indonesia,IDN,1996,0.16895342
Indonesia,IDN,1997,0.16608009
Indonesia,IDN,1998,0.16381966
Indonesia,IDN,1999,0.16283785
Indonesia,IDN,2000,0.16022679
Indonesia,IDN,2001,0.15773703
Indonesia,IDN,2002,0.1545539
Indonesia,IDN,2003,0.15304086
Indonesia,IDN,2004,0.17070217
Indonesia,IDN,2005,0.14953245
Indonesia,IDN,2006,0.1484635
Indonesia,IDN,2007,0.14618395
Indonesia,IDN,2008,0.14463808
Indonesia,IDN,2009,0.14353037
Indonesia,IDN,2010,0.14261918
Indonesia,IDN,2011,0.14040022
Indonesia,IDN,2012,0.13862209
Indonesia,IDN,2013,0.13692036
Indonesia,IDN,2014,0.13522625
Indonesia,IDN,2015,0.13368653
Indonesia,IDN,2016,0.13219453
Indonesia,IDN,2017,0.13066286
Indonesia,IDN,2018,0.12978919
Indonesia,IDN,2019,0.12792127
Indonesia,IDN,2020,0.12853996
Indonesia,IDN,2021,0.13030957
Indonesia,IDN,2022,0.12440627
Indonesia,IDN,2023,0.122946076
Iran,IRN,1950,0.47452772
Iran,IRN,1951,0.46928737
Iran,IRN,1952,0.46381965
Iran,IRN,1953,0.4595122
Iran,IRN,1954,0.45415705
Iran,IRN,1955,0.44731602
Iran,IRN,1956,0.44235116
Iran,IRN,1957,0.43892023
Iran,IRN,1958,0.4297268
Iran,IRN,1959,0.423462
Iran,IRN,1960,0.4174621
Iran,IRN,1961,0.41081572
Iran,IRN,1962,0.41094822
Iran,IRN,1963,0.39746764
Iran,IRN,1964,0.39047068
Iran,IRN,1965,0.38332844
Iran,IRN,1966,0.3755244
Iran,IRN,1967,0.36739662
Iran,IRN,1968,0.36473998
Iran,IRN,1969,0.34961364
Iran,IRN,1970,0.33996907
Iran,IRN,1971,0.32966426
Iran,IRN,1972,0.3220805
Iran,IRN,1973,0.30849802
Iran,IRN,1974,0.29765323
Iran,IRN,1975,0.28666002
Iran,IRN,1976,0.27556387
Iran,IRN,1977,0.26519278
Iran,IRN,1978,0.26864478
Iran,IRN,1979,0.24273543
Iran,IRN,1980,0.23266217
Iran,IRN,1981,0.22630581
Iran,IRN,1982,0.21493974
Iran,IRN,1983,0.20621233
Iran,IRN,1984,0.19692841
Iran,IRN,1985,0.18970801
Iran,IRN,1986,0.18322633
Iran,IRN,1987,0.17745325
Iran,IRN,1988,0.17159912
Iran,IRN,1989,0.16562222
Iran,IRN,1990,0.17920059
Iran,IRN,1991,0.15645765
Iran,IRN,1992,0.15261732
Iran,IRN,1993,0.14941207
Iran,IRN,1994,0.1458187
Iran,IRN,1995,0.14275867
Iran,IRN,1996,0.13978012
Iran,IRN,1997,0.13813359
Iran,IRN,1998,0.13405202
Iran,IRN,1999,0.13112177
Iran,IRN,2000,0.12821198
Iran,IRN,2001,0.12562789
Iran,IRN,2002,0.12279021
Iran,IRN,2003,0.13200043
Iran,IRN,2004,0.11758108
Iran,IRN,2005,0.11554159
Iran,IRN,2006,0.11303339
Iran,IRN,2007,0.110941306
Iran,IRN,2008,0.10901157
Iran,IRN,2009,0.1071591
Iran,IRN,2010,0.10542878
Iran,IRN,2011,0.10377373
Iran,IRN,2012,0.102296166
Iran,IRN,2013,0.10062019
Iran,IRN,2014,0.09906499
Iran,IRN,2015,0.097542435
Iran,IRN,2016,0.09603314
Iran,IRN,2017,0.094754435
Iran,IRN,2018,0.09320422
Iran,IRN,2019,0.09196736
Iran,IRN,2020,0.09269379
Iran,IRN,2021,0.10322312
Iran,IRN,2022,0.09107923
Iran,IRN,2023,0.08726657
Iraq,IRQ,1950,0.4562609
Iraq,IRQ,1951,0.43830246
Iraq,IRQ,1952,0.42074734
Iraq,IRQ,1953,0.40384582
Iraq,IRQ,1954,0.38743734
Iraq,IRQ,1955,0.37146753
Iraq,IRQ,1956,0.3566047
Iraq,IRQ,1957,0.34250024
Iraq,IRQ,1958,0.32903033
Iraq,IRQ,1959,0.31640464
Iraq,IRQ,1960,0.30350035
Iraq,IRQ,1961,0.29176438
Iraq,IRQ,1962,0.28017437
Iraq,IRQ,1963,0.2699449
Iraq,IRQ,1964,0.2621598
Iraq,IRQ,1965,0.2504532
Iraq,IRQ,1966,0.24164326
Iraq,IRQ,1967,0.23362091
Iraq,IRQ,1968,0.22809312
Iraq,IRQ,1969,0.22109494
Iraq,IRQ,1970,0.21516922
Iraq,IRQ,1971,0.20883553
Iraq,IRQ,1972,0.20416029
Iraq,IRQ,1973,0.19862881
Iraq,IRQ,1974,0.19682235
Iraq,IRQ,1975,0.19239298
Iraq,IRQ,1976,0.18493201
Iraq,IRQ,1977,0.18099439
Iraq,IRQ,1978,0.1774579
Iraq,IRQ,1979,0.1741679
Iraq,IRQ,1980,0.17462566
Iraq,IRQ,1981,0.1743745
Iraq,IRQ,1982,0.17179449
Iraq,IRQ,1983,0.16945061
Iraq,IRQ,1984,0.1674301
Iraq,IRQ,1985,0.16561571
Iraq,IRQ,1986,0.16397837
Iraq,IRQ,1987,0.16256958
Iraq,IRQ,1988,0.18498313
Iraq,IRQ,1989,0.20249596
Iraq,IRQ,1990,0.20119698
Iraq,IRQ,1991,0.1768737
Iraq,IRQ,1992,0.15467164
Iraq,IRQ,1993,0.15522324
Iraq,IRQ,1994,0.15766266
Iraq,IRQ,1995,0.16064692
Iraq,IRQ,1996,0.16285786
Iraq,IRQ,1997,0.1664424
Iraq,IRQ,1998,0.16644323
Iraq,IRQ,1999,0.1654064
Iraq,IRQ,2000,0.16259666
Iraq,IRQ,2001,0.15914237
Iraq,IRQ,2002,0.15593627
Iraq,IRQ,2003,0.15406702
Iraq,IRQ,2004,0.15187567
Iraq,IRQ,2005,0.14967668
Iraq,IRQ,2006,0.14869462
Iraq,IRQ,2007,0.14661518
Iraq,IRQ,2008,0.14329214
Iraq,IRQ,2009,0.14083865
Iraq,IRQ,2010,0.13915579
Iraq,IRQ,2011,0.13676025
Iraq,IRQ,2012,0.1341108
Iraq,IRQ,2013,0.13217263
Iraq,IRQ,2014,0.1282325
Iraq,IRQ,2015,0.12642643
Iraq,IRQ,2016,0.12584315
Iraq,IRQ,2017,0.123357214
Iraq,IRQ,2018,0.12097081
Iraq,IRQ,2019,0.11996213
Iraq,IRQ,2020,0.11800462
Iraq,IRQ,2021,0.118652195
Iraq,IRQ,2022,0.11531795
Iraq,IRQ,2023,0.11380201
Ireland,IRL,1950,0.16925776
Ireland,IRL,1951,0.16244067
Ireland,IRL,1952,0.15622172
Ireland,IRL,1953,0.15036851
Ireland,IRL,1954,0.14266084
Ireland,IRL,1955,0.13934506
Ireland,IRL,1956,0.13633236
Ireland,IRL,1957,0.135323
Ireland,IRL,1958,0.13155182
Ireland,IRL,1959,0.12991406
Ireland,IRL,1960,0.12711658
Ireland,IRL,1961,0.12701474
Ireland,IRL,1962,0.124687925
Ireland,IRL,1963,0.122240216
Ireland,IRL,1964,0.1241301
Ireland,IRL,1965,0.11892234
Ireland,IRL,1966,0.11878537
Ireland,IRL,1967,0.11798077
Ireland,IRL,1968,0.11618911
Ireland,IRL,1969,0.1171679
Ireland,IRL,1970,0.116167136
Ireland,IRL,1971,0.1121909
Ireland,IRL,1972,0.11303725
Ireland,IRL,1973,0.11125293
Ireland,IRL,1974,0.10926413
Ireland,IRL,1975,0.10908396
Ireland,IRL,1976,0.10647738
Ireland,IRL,1977,0.10733695
Ireland,IRL,1978,0.10677396
Ireland,IRL,1979,0.10343339
Ireland,IRL,1980,0.1021952
Ireland,IRL,1981,0.100356966
Ireland,IRL,1982,0.10090275
Ireland,IRL,1983,0.09892568
Ireland,IRL,1984,0.098512985
Ireland,IRL,1985,0.09616345
Ireland,IRL,1986,0.09533895
Ireland,IRL,1987,0.094138764
Ireland,IRL,1988,0.09531467
Ireland,IRL,1989,0.09354847
Ireland,IRL,1990,0.09451192
Ireland,IRL,1991,0.09251972
Ireland,IRL,1992,0.09149938
Ireland,IRL,1993,0.08968605
Ireland,IRL,1994,0.08902614
Ireland,IRL,1995,0.09091602
Ireland,IRL,1996,0.08860206
Ireland,IRL,1997,0.09072789
Ireland,IRL,1998,0.088034146
Ireland,IRL,1999,0.08805747
Ireland,IRL,2000,0.088462405
Ireland,IRL,2001,0.088413596
Ireland,IRL,2002,0.08535331
Ireland,IRL,2003,0.08471664
Ireland,IRL,2004,0.084531
Ireland,IRL,2005,0.0848828
Ireland,IRL,2006,0.08224902
Ireland,IRL,2007,0.08211235
Ireland,IRL,2008,0.08227278
Ireland,IRL,2009,0.082067564
Ireland,IRL,2010,0.08023314
Ireland,IRL,2011,0.08068461
Ireland,IRL,2012,0.08005801
Ireland,IRL,2013,0.07838894
Ireland,IRL,2014,0.07828993
Ireland,IRL,2015,0.07742638
Ireland,IRL,2016,0.07700482
Ireland,IRL,2017,0.076425396
Ireland,IRL,2018,0.07792588
Ireland,IRL,2019,0.077510506
Ireland,IRL,2020,0.07762911
Ireland,IRL,2021,0.07498788
Ireland,IRL,2022,0.07696478
Ireland,IRL,2023,0.07628396
Isle of Man,IMN,1950,0.17943388
Isle of Man,IMN,1951,0.17706501
Isle of Man,IMN,1952,0.17460093
Isle of Man,IMN,1953,0.17050666
Isle of Man,IMN,1954,0.16711858
Isle of Man,IMN,1955,0.16397151
Isle of Man,IMN,1956,0.1619491
Isle of Man,IMN,1957,0.1610116
Isle of Man,IMN,1958,0.16055952
Isle of Man,IMN,1959,0.16060515
Isle of Man,IMN,1960,0.16096397
Isle of Man,IMN,1961,0.16106428
Isle of Man,IMN,1962,0.16055302
Isle of Man,IMN,1963,0.15949373
Isle of Man,IMN,1964,0.1575245
Isle of Man,IMN,1965,0.15524907
Isle of Man,IMN,1966,0.1530745
Isle of Man,IMN,1967,0.15121521
Isle of Man,IMN,1968,0.15008453
Isle of Man,IMN,1969,0.14934395
Isle of Man,IMN,1970,0.14850414
Isle of Man,IMN,1971,0.1475627
Isle of Man,IMN,1972,0.14658627
Isle of Man,IMN,1973,0.14497729
Isle of Man,IMN,1974,0.14339364
Isle of Man,IMN,1975,0.14163427
Isle of Man,IMN,1976,0.13988492
Isle of Man,IMN,1977,0.13803507
Isle of Man,IMN,1978,0.13644454
Isle of Man,IMN,1979,0.13462296
Isle of Man,IMN,1980,0.13275293
Isle of Man,IMN,1981,0.13095643
Isle of Man,IMN,1982,0.12935829
Isle of Man,IMN,1983,0.12784123
Isle of Man,IMN,1984,0.12651336
Isle of Man,IMN,1985,0.12543738
Isle of Man,IMN,1986,0.12412903
Isle of Man,IMN,1987,0.12281739
Isle of Man,IMN,1988,0.12138626
Isle of Man,IMN,1989,0.12017489
Isle of Man,IMN,1990,0.11886624
Isle of Man,IMN,1991,0.11797861
Isle of Man,IMN,1992,0.117399916
Isle of Man,IMN,1993,0.11720821
Isle of Man,IMN,1994,0.116867684
Isle of Man,IMN,1995,0.11684378
Isle of Man,IMN,1996,0.11663032
Isle of Man,IMN,1997,0.11634451
Isle of Man,IMN,1998,0.11592125
Isle of Man,IMN,1999,0.11552449
Isle of Man,IMN,2000,0.11458542
Isle of Man,IMN,2001,0.11344883
Isle of Man,IMN,2002,0.11214782
Isle of Man,IMN,2003,0.11076362
Isle of Man,IMN,2004,0.10905952
Isle of Man,IMN,2005,0.1075389
Isle of Man,IMN,2006,0.10616415
Isle of Man,IMN,2007,0.10484611
Isle of Man,IMN,2008,0.103186786
Isle of Man,IMN,2009,0.10188708
Isle of Man,IMN,2010,0.1007564
Isle of Man,IMN,2011,0.09996344
Isle of Man,IMN,2012,0.099350646
Isle of Man,IMN,2013,0.09897602
Isle of Man,IMN,2014,0.098639525
Isle of Man,IMN,2015,0.09819428
Isle of Man,IMN,2016,0.09738204
Isle of Man,IMN,2017,0.09658447
Isle of Man,IMN,2018,0.095818974
Isle of Man,IMN,2019,0.09498464
Isle of Man,IMN,2020,0.09425671
Isle of Man,IMN,2021,0.09471578
Isle of Man,IMN,2022,0.09387481
Isle of Man,IMN,2023,0.09371703
Israel,ISR,1950,0.14571896
Israel,ISR,1951,0.15057416
Israel,ISR,1952,0.15217768
Israel,ISR,1953,0.15979671
Israel,ISR,1954,0.1617667
Israel,ISR,1955,0.15767987
Israel,ISR,1956,0.16061926
Israel,ISR,1957,0.16056725
Israel,ISR,1958,0.15196355
Israel,ISR,1959,0.14457263
Israel,ISR,1960,0.14656396
Israel,ISR,1961,0.13550077
Israel,ISR,1962,0.14010236
Israel,ISR,1963,0.13455139
Israel,ISR,1964,0.13696578
Israel,ISR,1965,0.13009842
Israel,ISR,1966,0.1275144
Israel,ISR,1967,0.12622744
Israel,ISR,1968,0.12368221
Israel,ISR,1969,0.122812726
Israel,ISR,1970,0.11990565
Israel,ISR,1971,0.11541758
Israel,ISR,1972,0.11770163
Israel,ISR,1973,0.11917506
Israel,ISR,1974,0.11798074
Israel,ISR,1975,0.1188667
Israel,ISR,1976,0.11504638
Israel,ISR,1977,0.11214746
Israel,ISR,1978,0.113285296
Israel,ISR,1979,0.109574124
Israel,ISR,1980,0.1042433
Israel,ISR,1981,0.10617966
Israel,ISR,1982,0.10162817
Israel,ISR,1983,0.103152305
Israel,ISR,1984,0.10260296
Israel,ISR,1985,0.09884412
Israel,ISR,1986,0.09821329
Israel,ISR,1987,0.09717679
Israel,ISR,1988,0.097151116
Israel,ISR,1989,0.096466444
Israel,ISR,1990,0.095979884
Israel,ISR,1991,0.09539249
Israel,ISR,1992,0.0953181
Israel,ISR,1993,0.093028896
Israel,ISR,1994,0.09245309
Israel,ISR,1995,0.08987749
Israel,ISR,1996,0.090258904
Israel,ISR,1997,0.09049065
Israel,ISR,1998,0.08703917
Israel,ISR,1999,0.087553896
Israel,ISR,2000,0.0867313
Israel,ISR,2001,0.087562844
Israel,ISR,2002,0.08630786
Israel,ISR,2003,0.08483692
Israel,ISR,2004,0.08330914
Israel,ISR,2005,0.08233699
Israel,ISR,2006,0.08152357
Israel,ISR,2007,0.08074506
Israel,ISR,2008,0.080188185
Israel,ISR,2009,0.080867164
Israel,ISR,2010,0.08033295
Israel,ISR,2011,0.07940862
Israel,ISR,2012,0.07800092
Israel,ISR,2013,0.077811934
Israel,ISR,2014,0.076967105
Israel,ISR,2015,0.07663441
Israel,ISR,2016,0.07604859
Israel,ISR,2017,0.076527596
Israel,ISR,2018,0.07546875
Israel,ISR,2019,0.074859224
Israel,ISR,2020,0.073437884
Israel,ISR,2021,0.07472896
Israel,ISR,2022,0.073016085
Israel,ISR,2023,0.0751761
Italy,ITA,1872,0.5599348
Italy,ITA,1873,0.5328232
Italy,ITA,1874,0.5289821
Italy,ITA,1875,0.5354674
Italy,ITA,1876,0.5147173
Italy,ITA,1877,0.49868584
Italy,ITA,1878,0.5029983
Italy,ITA,1879,0.50787234
Italy,ITA,1880,0.51618034
Italy,ITA,1881,0.5129667
Italy,ITA,1882,0.51422024
Italy,ITA,1883,0.5041879
Italy,ITA,1884,0.48659647
Italy,ITA,1885,0.4878327
Italy,ITA,1886,0.50215477
Italy,ITA,1887,0.49561936
Italy,ITA,1888,0.48202005
Italy,ITA,1889,0.46250808
Italy,ITA,1890,0.46333528
Italy,ITA,1891,0.4654418
Italy,ITA,1892,0.45531303
Italy,ITA,1893,0.44655508
Italy,ITA,1894,0.44691187
Italy,ITA,1895,0.45065317
Italy,ITA,1896,0.44047567
Italy,ITA,1897,0.4183634
Italy,ITA,1898,0.42315978
Italy,ITA,1899,0.40888804
Italy,ITA,1900,0.42430064
Italy,ITA,1901,0.4072305
Italy,ITA,1902,0.4198711
Italy,ITA,1903,0.41221595
Italy,ITA,1904,0.40443346
Italy,ITA,1905,0.4042822
Italy,ITA,1906,0.396509
Italy,ITA,1907,0.38819027
Italy,ITA,1908,0.41093177
Italy,ITA,1909,0.3909401
Italy,ITA,1910,0.3759484
Italy,ITA,1911,0.39240432
Italy,ITA,1912,0.35366598
Italy,ITA,1913,0.35834277
Italy,ITA,1914,0.34087592
Italy,ITA,1915,0.3739629
Italy,ITA,1916,0.38316324
Italy,ITA,1917,0.36917126
Italy,ITA,1918,0.54509395
Italy,ITA,1919,0.39788446
Italy,ITA,1920,0.38348198
Italy,ITA,1921,0.34775752
Italy,ITA,1922,0.33054224
Italy,ITA,1923,0.32643268
Italy,ITA,1924,0.32110736
Italy,ITA,1925,0.32224426
Italy,ITA,1926,0.32691035
Italy,ITA,1927,0.31229812
Italy,ITA,1928,0.30899724
Italy,ITA,1929,0.3067509
Italy,ITA,1930,0.28867033
Italy,ITA,1931,0.28564686
Italy,ITA,1932,0.28434777
Italy,ITA,1933,0.27164307
Italy,ITA,1934,0.26727477
Italy,ITA,1935,0.2688137
Italy,ITA,1936,0.2611657
Italy,ITA,1937,0.27745947
Italy,ITA,1938,0.26884735
Italy,ITA,1939,0.2520524
Italy,ITA,1940,0.24993317
Italy,ITA,1941,0.25894096
Italy,ITA,1942,0.26699755
Italy,ITA,1943,0.2803211
Italy,ITA,1944,0.26418275
Italy,ITA,1945,0.2591842
Italy,ITA,1946,0.24837139
Italy,ITA,1947,0.21965753
Italy,ITA,1948,0.19920906
Italy,ITA,1949,0.19160596
Italy,ITA,1950,0.17695737
Italy,ITA,1951,0.17494352
Italy,ITA,1952,0.16896884
Italy,ITA,1953,0.16083232
Italy,ITA,1954,0.15404743
Italy,ITA,1955,0.14937054
Italy,ITA,1956,0.14450607
Italy,ITA,1957,0.14870565
Italy,ITA,1958,0.14376114
Italy,ITA,1959,0.14210449
Italy,ITA,1960,0.13765669
Italy,ITA,1961,0.13426924
Italy,ITA,1962,0.13421492
Italy,ITA,1963,0.1328694
Italy,ITA,1964,0.12818445
Italy,ITA,1965,0.12462442
Italy,ITA,1966,0.1230221
Italy,ITA,1967,0.12124342
Italy,ITA,1968,0.11950173
Italy,ITA,1969,0.12061668
Italy,ITA,1970,0.116966575
Italy,ITA,1971,0.1152161
Italy,ITA,1972,0.11384315
Italy,ITA,1973,0.11111861
Italy,ITA,1974,0.107245
Italy,ITA,1975,0.10470364
Italy,ITA,1976,0.10312904
Italy,ITA,1977,0.10053454
Italy,ITA,1978,0.099590726
Italy,ITA,1979,0.09805752
Italy,ITA,1980,0.09766633
Italy,ITA,1981,0.09591164
Italy,ITA,1982,0.094865
Italy,ITA,1983,0.09321756
Italy,ITA,1984,0.09237
Italy,ITA,1985,0.091055445
Italy,ITA,1986,0.090502344
Italy,ITA,1987,0.090633094
Italy,ITA,1988,0.08954527
Italy,ITA,1989,0.08888164
Italy,ITA,1990,0.08773222
Italy,ITA,1991,0.088381395
Italy,ITA,1992,0.087953925
Italy,ITA,1993,0.087372564
Italy,ITA,1994,0.08627446
Italy,ITA,1995,0.08580965
Italy,ITA,1996,0.08625842
Italy,ITA,1997,0.08389243
Italy,ITA,1998,0.08309936
Italy,ITA,1999,0.081463866
Italy,ITA,2000,0.081126794
Italy,ITA,2001,0.08065566
Italy,ITA,2002,0.07979135
Italy,ITA,2003,0.07775919
Italy,ITA,2004,0.07794565
Italy,ITA,2005,0.076339655
Italy,ITA,2006,0.07594082
Italy,ITA,2007,0.07546654
Italy,ITA,2008,0.07456406
Italy,ITA,2009,0.07481375
Italy,ITA,2010,0.07365361
Italy,ITA,2011,0.07366487
Italy,ITA,2012,0.07301175
Italy,ITA,2013,0.07269173
Italy,ITA,2014,0.07247004
Italy,ITA,2015,0.07199961
Italy,ITA,2016,0.0722133
Italy,ITA,2017,0.07213816
Italy,ITA,2018,0.0716251
Italy,ITA,2019,0.07077698
Italy,ITA,2020,0.07090345
Italy,ITA,2021,0.07382799
Italy,ITA,2022,0.07541262
Italy,ITA,2023,0.06919922
Jamaica,JAM,1950,0.2617764
Jamaica,JAM,1951,0.2562636
Jamaica,JAM,1952,0.24607143
Jamaica,JAM,1953,0.23842376
Jamaica,JAM,1954,0.23085795
Jamaica,JAM,1955,0.2234926
Jamaica,JAM,1956,0.21638557
Jamaica,JAM,1957,0.20939815
Jamaica,JAM,1958,0.2026109
Jamaica,JAM,1959,0.19677176
Jamaica,JAM,1960,0.19158196
Jamaica,JAM,1961,0.1870408
Jamaica,JAM,1962,0.18318138
Jamaica,JAM,1963,0.17961255
Jamaica,JAM,1964,0.17614003
Jamaica,JAM,1965,0.17302811
Jamaica,JAM,1966,0.17019252
Jamaica,JAM,1967,0.16702117
Jamaica,JAM,1968,0.165432
Jamaica,JAM,1969,0.16362411
Jamaica,JAM,1970,0.16185321
Jamaica,JAM,1971,0.15985073
Jamaica,JAM,1972,0.15711181
Jamaica,JAM,1973,0.15382566
Jamaica,JAM,1974,0.15057704
Jamaica,JAM,1975,0.14772373
Jamaica,JAM,1976,0.1451157
Jamaica,JAM,1977,0.14307949
Jamaica,JAM,1978,0.14120723
Jamaica,JAM,1979,0.13992153
Jamaica,JAM,1980,0.13780467
Jamaica,JAM,1981,0.13615471
Jamaica,JAM,1982,0.13472481
Jamaica,JAM,1983,0.13357559
Jamaica,JAM,1984,0.13252887
Jamaica,JAM,1985,0.13111848
Jamaica,JAM,1986,0.13015923
Jamaica,JAM,1987,0.1280061
Jamaica,JAM,1988,0.12686802
Jamaica,JAM,1989,0.12481866
Jamaica,JAM,1990,0.123442
Jamaica,JAM,1991,0.122639716
Jamaica,JAM,1992,0.12173951
Jamaica,JAM,1993,0.121347316
Jamaica,JAM,1994,0.12068495
Jamaica,JAM,1995,0.12007731
Jamaica,JAM,1996,0.11977858
Jamaica,JAM,1997,0.119261354
Jamaica,JAM,1998,0.11861456
Jamaica,JAM,1999,0.1178456
Jamaica,JAM,2000,0.1169448
Jamaica,JAM,2001,0.11669527
Jamaica,JAM,2002,0.11554252
Jamaica,JAM,2003,0.11429332
Jamaica,JAM,2004,0.113990635
Jamaica,JAM,2005,0.11374028
Jamaica,JAM,2006,0.11361261
Jamaica,JAM,2007,0.11305378
Jamaica,JAM,2008,0.11287136
Jamaica,JAM,2009,0.11220393
Jamaica,JAM,2010,0.11204424
Jamaica,JAM,2011,0.11159068
Jamaica,JAM,2012,0.1114995
Jamaica,JAM,2013,0.111636795
Jamaica,JAM,2014,0.11186804
Jamaica,JAM,2015,0.11211891
Jamaica,JAM,2016,0.11239085
Jamaica,JAM,2017,0.11275592
Jamaica,JAM,2018,0.113560036
Jamaica,JAM,2019,0.1141057
Jamaica,JAM,2020,0.11383996
Jamaica,JAM,2021,0.117063634
Jamaica,JAM,2022,0.114066415
Jamaica,JAM,2023,0.11407182
Japan,JPN,1947,0.29623038
Japan,JPN,1948,0.25040764
Japan,JPN,1949,0.24432915
Japan,JPN,1950,0.22599635
Japan,JPN,1951,0.2115178
Japan,JPN,1952,0.19244625
Japan,JPN,1953,0.18392785
Japan,JPN,1954,0.17727388
Japan,JPN,1955,0.16587864
Japan,JPN,1956,0.16177833
Japan,JPN,1957,0.15873842
Japan,JPN,1958,0.1513532
Japan,JPN,1959,0.14643459
Japan,JPN,1960,0.13944581
Japan,JPN,1961,0.13364668
Japan,JPN,1962,0.12871449
Japan,JPN,1963,0.123479284
Japan,JPN,1964,0.11938827
Japan,JPN,1965,0.11547978
Japan,JPN,1966,0.11315429
Japan,JPN,1967,0.111345105
Japan,JPN,1968,0.1088559
Japan,JPN,1969,0.10771446
Japan,JPN,1970,0.10599361
Japan,JPN,1971,0.10417565
Japan,JPN,1972,0.10248922
Japan,JPN,1973,0.10024958
Japan,JPN,1974,0.098034576
Japan,JPN,1975,0.09615958
Japan,JPN,1976,0.09399785
Japan,JPN,1977,0.09298127
Japan,JPN,1978,0.091645315
Japan,JPN,1979,0.09060795
Japan,JPN,1980,0.0889591
Japan,JPN,1981,0.08814027
Japan,JPN,1982,0.087615415
Japan,JPN,1983,0.086627305
Japan,JPN,1984,0.08586322
Japan,JPN,1985,0.0849872
Japan,JPN,1986,0.084113464
Japan,JPN,1987,0.083343275
Japan,JPN,1988,0.082499206
Japan,JPN,1989,0.08238014
Japan,JPN,1990,0.081510924
Japan,JPN,1991,0.08162343
Japan,JPN,1992,0.08166895
Japan,JPN,1993,0.08147547
Japan,JPN,1994,0.08072777
Japan,JPN,1995,0.08173043
Japan,JPN,1996,0.08085799
Japan,JPN,1997,0.08052331
Japan,JPN,1998,0.081089854
Japan,JPN,1999,0.08011217
Japan,JPN,2000,0.07992815
Japan,JPN,2001,0.07930694
Japan,JPN,2002,0.079079084
Japan,JPN,2003,0.07862216
Japan,JPN,2004,0.07834442
Japan,JPN,2005,0.077906184
Japan,JPN,2006,0.07743854
Japan,JPN,2007,0.07680022
Japan,JPN,2008,0.07646915
Japan,JPN,2009,0.07556549
Japan,JPN,2010,0.07512207
Japan,JPN,2011,0.07764783
Japan,JPN,2012,0.07385009
Japan,JPN,2013,0.073234424
Japan,JPN,2014,0.07320428
Japan,JPN,2015,0.07225533
Japan,JPN,2016,0.07203399
Japan,JPN,2017,0.071122035
Japan,JPN,2018,0.07133951
Japan,JPN,2019,0.07109312
Japan,JPN,2020,0.07130515
Japan,JPN,2021,0.07106414
Japan,JPN,2022,0.071181744
Japan,JPN,2023,0.07027005
Jersey,JEY,1950,0.12619165
Jersey,JEY,1951,0.12512386
Jersey,JEY,1952,0.12410708
Jersey,JEY,1953,0.12307889
Jersey,JEY,1954,0.12207106
Jersey,JEY,1955,0.12089292
Jersey,JEY,1956,0.11943659
Jersey,JEY,1957,0.11841637
Jersey,JEY,1958,0.1171434
Jersey,JEY,1959,0.11604967
Jersey,JEY,1960,0.115533866
Jersey,JEY,1961,0.11499255
Jersey,JEY,1962,0.113677025
Jersey,JEY,1963,0.11301194
Jersey,JEY,1964,0.11253883
Jersey,JEY,1965,0.11220815
Jersey,JEY,1966,0.112419605
Jersey,JEY,1967,0.113199234
Jersey,JEY,1968,0.11372567
Jersey,JEY,1969,0.11365024
Jersey,JEY,1970,0.11316463
Jersey,JEY,1971,0.11191964
Jersey,JEY,1972,0.11057941
Jersey,JEY,1973,0.10925812
Jersey,JEY,1974,0.10871119
Jersey,JEY,1975,0.10859808
Jersey,JEY,1976,0.10869738
Jersey,JEY,1977,0.10878725
Jersey,JEY,1978,0.108274706
Jersey,JEY,1979,0.10708696
Jersey,JEY,1980,0.10504605
Jersey,JEY,1981,0.10312422
Jersey,JEY,1982,0.10134454
Jersey,JEY,1983,0.100265734
Jersey,JEY,1984,0.099189624
Jersey,JEY,1985,0.09869084
Jersey,JEY,1986,0.09809215
Jersey,JEY,1987,0.0974247
Jersey,JEY,1988,0.096537754
Jersey,JEY,1989,0.09617912
Jersey,JEY,1990,0.09568711
Jersey,JEY,1991,0.09526471
Jersey,JEY,1992,0.09475477
Jersey,JEY,1993,0.09430604
Jersey,JEY,1994,0.09349305
Jersey,JEY,1995,0.0927478
Jersey,JEY,1996,0.091963656
Jersey,JEY,1997,0.0911861
Jersey,JEY,1998,0.09052328
Jersey,JEY,1999,0.0899993
Jersey,JEY,2000,0.08941318
Jersey,JEY,2001,0.08884913
Jersey,JEY,2002,0.08830516
Jersey,JEY,2003,0.08747414
Jersey,JEY,2004,0.08664034
Jersey,JEY,2005,0.085901484
Jersey,JEY,2006,0.08525902
Jersey,JEY,2007,0.08462386
Jersey,JEY,2008,0.0842532
Jersey,JEY,2009,0.0839016
Jersey,JEY,2010,0.08351097
Jersey,JEY,2011,0.08311908
Jersey,JEY,2012,0.08294765
Jersey,JEY,2013,0.082799315
Jersey,JEY,2014,0.08282691
Jersey,JEY,2015,0.08312996
Jersey,JEY,2016,0.08361177
Jersey,JEY,2017,0.08410023
Jersey,JEY,2018,0.084668614
Jersey,JEY,2019,0.08523047
Jersey,JEY,2020,0.08561372
Jersey,JEY,2021,0.08688107
Jersey,JEY,2022,0.086379655
Jersey,JEY,2023,0.08659752
Jordan,JOR,1950,0.42604497
Jordan,JOR,1951,0.41340882
Jordan,JOR,1952,0.40093246
Jordan,JOR,1953,0.3879706
Jordan,JOR,1954,0.37587264
Jordan,JOR,1955,0.3650007
Jordan,JOR,1956,0.35283056
Jordan,JOR,1957,0.34065306
Jordan,JOR,1958,0.32851472
Jordan,JOR,1959,0.31649598
Jordan,JOR,1960,0.30495343
Jordan,JOR,1961,0.2942069
Jordan,JOR,1962,0.28405818
Jordan,JOR,1963,0.27492002
Jordan,JOR,1964,0.2652977
Jordan,JOR,1965,0.25661504
Jordan,JOR,1966,0.25167447
Jordan,JOR,1967,0.2398722
Jordan,JOR,1968,0.2320092
Jordan,JOR,1969,0.22455977
Jordan,JOR,1970,0.22436464
Jordan,JOR,1971,0.21098965
Jordan,JOR,1972,0.20452204
Jordan,JOR,1973,0.19867907
Jordan,JOR,1974,0.19306089
Jordan,JOR,1975,0.18780352
Jordan,JOR,1976,0.18304262
Jordan,JOR,1977,0.17874824
Jordan,JOR,1978,0.17449537
Jordan,JOR,1979,0.1706104
Jordan,JOR,1980,0.16681442
Jordan,JOR,1981,0.16307954
Jordan,JOR,1982,0.15906607
Jordan,JOR,1983,0.15500379
Jordan,JOR,1984,0.15102237
Jordan,JOR,1985,0.14727655
Jordan,JOR,1986,0.14360216
Jordan,JOR,1987,0.1403801
Jordan,JOR,1988,0.13717018
Jordan,JOR,1989,0.1344443
Jordan,JOR,1990,0.13209449
Jordan,JOR,1991,0.13003063
Jordan,JOR,1992,0.12809454
Jordan,JOR,1993,0.12636591
Jordan,JOR,1994,0.12472281
Jordan,JOR,1995,0.12317626
Jordan,JOR,1996,0.1216801
Jordan,JOR,1997,0.120155886
Jordan,JOR,1998,0.1188142
Jordan,JOR,1999,0.11740067
Jordan,JOR,2000,0.11603428
Jordan,JOR,2001,0.11472533
Jordan,JOR,2002,0.11348228
Jordan,JOR,2003,0.112160474
Jordan,JOR,2004,0.111037984
Jordan,JOR,2005,0.11004932
Jordan,JOR,2006,0.10879196
Jordan,JOR,2007,0.10784987
Jordan,JOR,2008,0.10703
Jordan,JOR,2009,0.10617476
Jordan,JOR,2010,0.10554965
Jordan,JOR,2011,0.10475518
Jordan,JOR,2012,0.10392001
Jordan,JOR,2013,0.102963604
Jordan,JOR,2014,0.10178443
Jordan,JOR,2015,0.10032202
Jordan,JOR,2016,0.09878614
Jordan,JOR,2017,0.09725504
Jordan,JOR,2018,0.095938765
Jordan,JOR,2019,0.0947
Jordan,JOR,2020,0.094743595
Jordan,JOR,2021,0.097683616
Jordan,JOR,2022,0.09285984
Jordan,JOR,2023,0.09160288
Kazakhstan,KAZ,1950,0.23565008
Kazakhstan,KAZ,1951,0.23299888
Kazakhstan,KAZ,1952,0.23038705
Kazakhstan,KAZ,1953,0.22779858
Kazakhstan,KAZ,1954,0.22522573
Kazakhstan,KAZ,1955,0.22266379
Kazakhstan,KAZ,1956,0.22011065
Kazakhstan,KAZ,1957,0.21756509
Kazakhstan,KAZ,1958,0.21502611
Kazakhstan,KAZ,1959,0.21249273
Kazakhstan,KAZ,1960,0.20996375
Kazakhstan,KAZ,1961,0.20744167
Kazakhstan,KAZ,1962,0.20493919
Kazakhstan,KAZ,1963,0.20246977
Kazakhstan,KAZ,1964,0.20004696
Kazakhstan,KAZ,1965,0.19768348
Kazakhstan,KAZ,1966,0.19538747
Kazakhstan,KAZ,1967,0.193296
Kazakhstan,KAZ,1968,0.19119726
Kazakhstan,KAZ,1969,0.18909843
Kazakhstan,KAZ,1970,0.1869757
Kazakhstan,KAZ,1971,0.18490012
Kazakhstan,KAZ,1972,0.18286927
Kazakhstan,KAZ,1973,0.18088911
Kazakhstan,KAZ,1974,0.17894192
Kazakhstan,KAZ,1975,0.17705284
Kazakhstan,KAZ,1976,0.17513824
Kazakhstan,KAZ,1977,0.17293963
Kazakhstan,KAZ,1978,0.1706329
Kazakhstan,KAZ,1979,0.16813661
Kazakhstan,KAZ,1980,0.16542368
Kazakhstan,KAZ,1981,0.1624679
Kazakhstan,KAZ,1982,0.1593232
Kazakhstan,KAZ,1983,0.15616071
Kazakhstan,KAZ,1984,0.15314244
Kazakhstan,KAZ,1985,0.1503658
Kazakhstan,KAZ,1986,0.14795367
Kazakhstan,KAZ,1987,0.14609669
Kazakhstan,KAZ,1988,0.14487915
Kazakhstan,KAZ,1989,0.14428495
Kazakhstan,KAZ,1990,0.14431903
Kazakhstan,KAZ,1991,0.14493756
Kazakhstan,KAZ,1992,0.14600344
Kazakhstan,KAZ,1993,0.14731945
Kazakhstan,KAZ,1994,0.14857683
Kazakhstan,KAZ,1995,0.14977291
Kazakhstan,KAZ,1996,0.15007216
Kazakhstan,KAZ,1997,0.14995158
Kazakhstan,KAZ,1998,0.14919393
Kazakhstan,KAZ,1999,0.14787807
Kazakhstan,KAZ,2000,0.1461807
Kazakhstan,KAZ,2001,0.14423497
Kazakhstan,KAZ,2002,0.14217469
Kazakhstan,KAZ,2003,0.1400817
Kazakhstan,KAZ,2004,0.13801834
Kazakhstan,KAZ,2005,0.13569693
Kazakhstan,KAZ,2006,0.1332799
Kazakhstan,KAZ,2007,0.13064887
Kazakhstan,KAZ,2008,0.12776566
Kazakhstan,KAZ,2009,0.12463049
Kazakhstan,KAZ,2010,0.12141383
Kazakhstan,KAZ,2011,0.11802569
Kazakhstan,KAZ,2012,0.11478762
Kazakhstan,KAZ,2013,0.11174579
Kazakhstan,KAZ,2014,0.108986124
Kazakhstan,KAZ,2015,0.10653144
Kazakhstan,KAZ,2016,0.104405105
Kazakhstan,KAZ,2017,0.10258794
Kazakhstan,KAZ,2018,0.10104424
Kazakhstan,KAZ,2019,0.09972757
Kazakhstan,KAZ,2020,0.104611136
Kazakhstan,KAZ,2021,0.1027124
Kazakhstan,KAZ,2022,0.1036709
Kazakhstan,KAZ,2023,0.09576968
Kenya,KEN,1950,0.46960044
Kenya,KEN,1951,0.45705467
Kenya,KEN,1952,0.44485554
Kenya,KEN,1953,0.43153256
Kenya,KEN,1954,0.41821042
Kenya,KEN,1955,0.40449414
Kenya,KEN,1956,0.3910371
Kenya,KEN,1957,0.3782471
Kenya,KEN,1958,0.36636394
Kenya,KEN,1959,0.35509852
Kenya,KEN,1960,0.34480646
Kenya,KEN,1961,0.3357703
Kenya,KEN,1962,0.32773727
Kenya,KEN,1963,0.32088122
Kenya,KEN,1964,0.31496668
Kenya,KEN,1965,0.30966178
Kenya,KEN,1966,0.305215
Kenya,KEN,1967,0.3016799
Kenya,KEN,1968,0.2966152
Kenya,KEN,1969,0.29260805
Kenya,KEN,1970,0.28853643
Kenya,KEN,1971,0.28389642
Kenya,KEN,1972,0.27893966
Kenya,KEN,1973,0.27377903
Kenya,KEN,1974,0.2682982
Kenya,KEN,1975,0.26288947
Kenya,KEN,1976,0.25734985
Kenya,KEN,1977,0.25185814
Kenya,KEN,1978,0.24625833
Kenya,KEN,1979,0.24158917
Kenya,KEN,1980,0.23684993
Kenya,KEN,1981,0.23291548
Kenya,KEN,1982,0.2293849
Kenya,KEN,1983,0.22595768
Kenya,KEN,1984,0.2232433
Kenya,KEN,1985,0.22165273
Kenya,KEN,1986,0.22127081
Kenya,KEN,1987,0.22164308
Kenya,KEN,1988,0.22408485
Kenya,KEN,1989,0.2271967
Kenya,KEN,1990,0.24017815
Kenya,KEN,1991,0.24442141
Kenya,KEN,1992,0.24951644
Kenya,KEN,1993,0.25357363
Kenya,KEN,1994,0.25870952
Kenya,KEN,1995,0.261485
Kenya,KEN,1996,0.26419693
Kenya,KEN,1997,0.26383197
Kenya,KEN,1998,0.2618656
Kenya,KEN,1999,0.2582784
Kenya,KEN,2000,0.25487265
Kenya,KEN,2001,0.2503319
Kenya,KEN,2002,0.24666302
Kenya,KEN,2003,0.24113543
Kenya,KEN,2004,0.23508623
Kenya,KEN,2005,0.22920172
Kenya,KEN,2006,0.22334503
Kenya,KEN,2007,0.21819764
Kenya,KEN,2008,0.21304041
Kenya,KEN,2009,0.20816651
Kenya,KEN,2010,0.20414415
Kenya,KEN,2011,0.20031936
Kenya,KEN,2012,0.19728
Kenya,KEN,2013,0.19580777
Kenya,KEN,2014,0.19415797
Kenya,KEN,2015,0.19190958
Kenya,KEN,2016,0.1899309
Kenya,KEN,2017,0.18833598
Kenya,KEN,2018,0.18793541
Kenya,KEN,2019,0.18739183
Kenya,KEN,2020,0.19128004
Kenya,KEN,2021,0.1884167
Kenya,KEN,2022,0.18285063
Kenya,KEN,2023,0.18265896
Kiribati,KIR,1950,0.36533058
Kiribati,KIR,1951,0.36442217
Kiribati,KIR,1952,0.36351836
Kiribati,KIR,1953,0.36246696
Kiribati,KIR,1954,0.36116537
Kiribati,KIR,1955,0.35949755
Kiribati,KIR,1956,0.35723203
Kiribati,KIR,1957,0.3544017
Kiribati,KIR,1958,0.35097286
Kiribati,KIR,1959,0.34692666
Kiribati,KIR,1960,0.34229264
Kiribati,KIR,1961,0.3371114
Kiribati,KIR,1962,0.33113766
Kiribati,KIR,1963,0.32471347
Kiribati,KIR,1964,0.31813294
Kiribati,KIR,1965,0.31155843
Kiribati,KIR,1966,0.3042721
Kiribati,KIR,1967,0.29704058
Kiribati,KIR,1968,0.29029292
Kiribati,KIR,1969,0.28390402
Kiribati,KIR,1970,0.27758506
Kiribati,KIR,1971,0.2720929
Kiribati,KIR,1972,0.26848766
Kiribati,KIR,1973,0.2636436
Kiribati,KIR,1974,0.2605159
Kiribati,KIR,1975,0.2577263
Kiribati,KIR,1976,0.25549018
Kiribati,KIR,1977,0.26000616
Kiribati,KIR,1978,0.2518614
Kiribati,KIR,1979,0.25008407
Kiribati,KIR,1980,0.24817276
Kiribati,KIR,1981,0.24605392
Kiribati,KIR,1982,0.24367681
Kiribati,KIR,1983,0.24103323
Kiribati,KIR,1984,0.23812182
Kiribati,KIR,1985,0.23444664
Kiribati,KIR,1986,0.23035678
Kiribati,KIR,1987,0.22604233
Kiribati,KIR,1988,0.22157043
Kiribati,KIR,1989,0.21707378
Kiribati,KIR,1990,0.21254115
Kiribati,KIR,1991,0.2075791
Kiribati,KIR,1992,0.20305337
Kiribati,KIR,1993,0.19901322
Kiribati,KIR,1994,0.19543369
Kiribati,KIR,1995,0.19224669
Kiribati,KIR,1996,0.1891974
Kiribati,KIR,1997,0.18586753
Kiribati,KIR,1998,0.18280332
Kiribati,KIR,1999,0.17999463
Kiribati,KIR,2000,0.17748058
Kiribati,KIR,2001,0.17530712
Kiribati,KIR,2002,0.17349432
Kiribati,KIR,2003,0.1720412
Kiribati,KIR,2004,0.1709106
Kiribati,KIR,2005,0.17002234
Kiribati,KIR,2006,0.16929477
Kiribati,KIR,2007,0.16865632
Kiribati,KIR,2008,0.16807178
Kiribati,KIR,2009,0.16753979
Kiribati,KIR,2010,0.16710849
Kiribati,KIR,2011,0.16682585
Kiribati,KIR,2012,0.16672587
Kiribati,KIR,2013,0.16679943
Kiribati,KIR,2014,0.16700803
Kiribati,KIR,2015,0.16726245
Kiribati,KIR,2016,0.16743882
Kiribati,KIR,2017,0.16743046
Kiribati,KIR,2018,0.16717231
Kiribati,KIR,2019,0.16659908
Kiribati,KIR,2020,0.16588466
Kiribati,KIR,2021,0.16874498
Kiribati,KIR,2022,0.16295758
Kiribati,KIR,2023,0.16046989
Kosovo,OWID_KOS,1950,0.41540277
Kosovo,OWID_KOS,1951,0.42234296
Kosovo,OWID_KOS,1952,0.41470116
Kosovo,OWID_KOS,1953,0.41491163
Kosovo,OWID_KOS,1954,0.3856152
Kosovo,OWID_KOS,1955,0.392314
Kosovo,OWID_KOS,1956,0.38555545
Kosovo,OWID_KOS,1957,0.38434306
Kosovo,OWID_KOS,1958,0.3651095
Kosovo,OWID_KOS,1959,0.3693776
Kosovo,OWID_KOS,1960,0.3589876
Kosovo,OWID_KOS,1961,0.35005614
Kosovo,OWID_KOS,1962,0.3605836
Kosovo,OWID_KOS,1963,0.34770507
Kosovo,OWID_KOS,1964,0.3356114
Kosovo,OWID_KOS,1965,0.32629874
Kosovo,OWID_KOS,1966,0.3168772
Kosovo,OWID_KOS,1967,0.3126066
Kosovo,OWID_KOS,1968,0.3053166
Kosovo,OWID_KOS,1969,0.30070925
Kosovo,OWID_KOS,1970,0.29719758
Kosovo,OWID_KOS,1971,0.2853639
Kosovo,OWID_KOS,1972,0.28580928
Kosovo,OWID_KOS,1973,0.27815354
Kosovo,OWID_KOS,1974,0.26958877
Kosovo,OWID_KOS,1975,0.26405883
Kosovo,OWID_KOS,1976,0.2602595
Kosovo,OWID_KOS,1977,0.25158444
Kosovo,OWID_KOS,1978,0.24817687
Kosovo,OWID_KOS,1979,0.24241087
Kosovo,OWID_KOS,1980,0.23486887
Kosovo,OWID_KOS,1981,0.23191397
Kosovo,OWID_KOS,1982,0.23267674
Kosovo,OWID_KOS,1983,0.22270964
Kosovo,OWID_KOS,1984,0.21801312
Kosovo,OWID_KOS,1985,0.21695118
Kosovo,OWID_KOS,1986,0.20446381
Kosovo,OWID_KOS,1987,0.1946706
Kosovo,OWID_KOS,1988,0.1868419
Kosovo,OWID_KOS,1989,0.17910041
Kosovo,OWID_KOS,1990,0.16836503
Kosovo,OWID_KOS,1991,0.16203451
Kosovo,OWID_KOS,1992,0.15580894
Kosovo,OWID_KOS,1993,0.14989246
Kosovo,OWID_KOS,1994,0.14360839
Kosovo,OWID_KOS,1995,0.14210375
Kosovo,OWID_KOS,1996,0.1375056
Kosovo,OWID_KOS,1997,0.13296776
Kosovo,OWID_KOS,1998,0.13219355
Kosovo,OWID_KOS,1999,0.17974609
Kosovo,OWID_KOS,2000,0.12017571
Kosovo,OWID_KOS,2001,0.1166745
Kosovo,OWID_KOS,2002,0.11348074
Kosovo,OWID_KOS,2003,0.11027392
Kosovo,OWID_KOS,2004,0.10752534
Kosovo,OWID_KOS,2005,0.105897754
Kosovo,OWID_KOS,2006,0.10406119
Kosovo,OWID_KOS,2007,0.09746412
Kosovo,OWID_KOS,2008,0.096671164
Kosovo,OWID_KOS,2009,0.096270815
Kosovo,OWID_KOS,2010,0.09668433
Kosovo,OWID_KOS,2011,0.09313723
Kosovo,OWID_KOS,2012,0.090960465
Kosovo,OWID_KOS,2013,0.088907845
Kosovo,OWID_KOS,2014,0.08912484
Kosovo,OWID_KOS,2015,0.090562224
Kosovo,OWID_KOS,2016,0.0874296
Kosovo,OWID_KOS,2017,0.08634982
Kosovo,OWID_KOS,2018,0.0862262
Kosovo,OWID_KOS,2019,0.08564888
Kosovo,OWID_KOS,2020,0.08091145
Kosovo,OWID_KOS,2021,0.09407503
Kosovo,OWID_KOS,2022,0.080178715
Kosovo,OWID_KOS,2023,0.082979016
Kuwait,KWT,1950,0.328766
Kuwait,KWT,1951,0.31954837
Kuwait,KWT,1952,0.3104762
Kuwait,KWT,1953,0.30140567
Kuwait,KWT,1954,0.29223835
Kuwait,KWT,1955,0.28289065
Kuwait,KWT,1956,0.27331185
Kuwait,KWT,1957,0.26350638
Kuwait,KWT,1958,0.2535046
Kuwait,KWT,1959,0.24336049
Kuwait,KWT,1960,0.23315415
Kuwait,KWT,1961,0.22300018
Kuwait,KWT,1962,0.21301384
Kuwait,KWT,1963,0.20331189
Kuwait,KWT,1964,0.19399154
Kuwait,KWT,1965,0.18512146
Kuwait,KWT,1966,0.17674243
Kuwait,KWT,1967,0.16895473
Kuwait,KWT,1968,0.16181858
Kuwait,KWT,1969,0.1553786
Kuwait,KWT,1970,0.14966168
Kuwait,KWT,1971,0.1446847
Kuwait,KWT,1972,0.14037664
Kuwait,KWT,1973,0.1366075
Kuwait,KWT,1974,0.13325427
Kuwait,KWT,1975,0.13023092
Kuwait,KWT,1976,0.12736061
Kuwait,KWT,1977,0.12463049
Kuwait,KWT,1978,0.12194705
Kuwait,KWT,1979,0.11925859
Kuwait,KWT,1980,0.11652673
Kuwait,KWT,1981,0.11372968
Kuwait,KWT,1982,0.11086565
Kuwait,KWT,1983,0.10801412
Kuwait,KWT,1984,0.10527831
Kuwait,KWT,1985,0.10274165
Kuwait,KWT,1986,0.10046573
Kuwait,KWT,1987,0.09849577
Kuwait,KWT,1988,0.09685003
Kuwait,KWT,1989,0.09552572
Kuwait,KWT,1990,0.101022385
Kuwait,KWT,1991,0.095740885
Kuwait,KWT,1992,0.09352052
Kuwait,KWT,1993,0.093515374
Kuwait,KWT,1994,0.09372023
Kuwait,KWT,1995,0.09400642
Kuwait,KWT,1996,0.094248734
Kuwait,KWT,1997,0.09432257
Kuwait,KWT,1998,0.0940287
Kuwait,KWT,1999,0.09350517
Kuwait,KWT,2000,0.09280068
Kuwait,KWT,2001,0.09200636
Kuwait,KWT,2002,0.09120968
Kuwait,KWT,2003,0.090490684
Kuwait,KWT,2004,0.08985932
Kuwait,KWT,2005,0.08926416
Kuwait,KWT,2006,0.08865442
Kuwait,KWT,2007,0.08798548
Kuwait,KWT,2008,0.08721423
Kuwait,KWT,2009,0.086319014
Kuwait,KWT,2010,0.085307896
Kuwait,KWT,2011,0.084191404
Kuwait,KWT,2012,0.0829691
Kuwait,KWT,2013,0.081645355
Kuwait,KWT,2014,0.080237664
Kuwait,KWT,2015,0.07891869
Kuwait,KWT,2016,0.07747644
Kuwait,KWT,2017,0.07628808
Kuwait,KWT,2018,0.07531932
Kuwait,KWT,2019,0.07458888
Kuwait,KWT,2020,0.075750545
Kuwait,KWT,2021,0.08637745
Kuwait,KWT,2022,0.07708878
Kuwait,KWT,2023,0.073640205
Kyrgyzstan,KGZ,1950,0.27837336
Kyrgyzstan,KGZ,1951,0.27543586
Kyrgyzstan,KGZ,1952,0.2725705
Kyrgyzstan,KGZ,1953,0.26975903
Kyrgyzstan,KGZ,1954,0.26688522
Kyrgyzstan,KGZ,1955,0.26399478
Kyrgyzstan,KGZ,1956,0.2610638
Kyrgyzstan,KGZ,1957,0.25821152
Kyrgyzstan,KGZ,1958,0.25531542
Kyrgyzstan,KGZ,1959,0.25241822
Kyrgyzstan,KGZ,1960,0.24947694
Kyrgyzstan,KGZ,1961,0.24653794
Kyrgyzstan,KGZ,1962,0.24361253
Kyrgyzstan,KGZ,1963,0.24077058
Kyrgyzstan,KGZ,1964,0.23797308
Kyrgyzstan,KGZ,1965,0.23512322
Kyrgyzstan,KGZ,1966,0.2322473
Kyrgyzstan,KGZ,1967,0.22931218
Kyrgyzstan,KGZ,1968,0.22657767
Kyrgyzstan,KGZ,1969,0.22377872
Kyrgyzstan,KGZ,1970,0.22119136
Kyrgyzstan,KGZ,1971,0.21870461
Kyrgyzstan,KGZ,1972,0.21606769
Kyrgyzstan,KGZ,1973,0.21326672
Kyrgyzstan,KGZ,1974,0.21030223
Kyrgyzstan,KGZ,1975,0.20771092
Kyrgyzstan,KGZ,1976,0.20505586
Kyrgyzstan,KGZ,1977,0.2022865
Kyrgyzstan,KGZ,1978,0.19911474
Kyrgyzstan,KGZ,1979,0.19547324
Kyrgyzstan,KGZ,1980,0.19147393
Kyrgyzstan,KGZ,1981,0.18756555
Kyrgyzstan,KGZ,1982,0.1840825
Kyrgyzstan,KGZ,1983,0.18160594
Kyrgyzstan,KGZ,1984,0.17824219
Kyrgyzstan,KGZ,1985,0.17378953
Kyrgyzstan,KGZ,1986,0.16933095
Kyrgyzstan,KGZ,1987,0.16649947
Kyrgyzstan,KGZ,1988,0.16420259
Kyrgyzstan,KGZ,1989,0.16248553
Kyrgyzstan,KGZ,1990,0.16251743
Kyrgyzstan,KGZ,1991,0.1614352
Kyrgyzstan,KGZ,1992,0.16157076
Kyrgyzstan,KGZ,1993,0.16120078
Kyrgyzstan,KGZ,1994,0.16364515
Kyrgyzstan,KGZ,1995,0.16231637
Kyrgyzstan,KGZ,1996,0.15976666
Kyrgyzstan,KGZ,1997,0.15530485
Kyrgyzstan,KGZ,1998,0.15123126
Kyrgyzstan,KGZ,1999,0.14798595
Kyrgyzstan,KGZ,2000,0.14550394
Kyrgyzstan,KGZ,2001,0.1425467
Kyrgyzstan,KGZ,2002,0.14063497
Kyrgyzstan,KGZ,2003,0.13888298
Kyrgyzstan,KGZ,2004,0.13710761
Kyrgyzstan,KGZ,2005,0.13527228
Kyrgyzstan,KGZ,2006,0.1331809
Kyrgyzstan,KGZ,2007,0.1306359
Kyrgyzstan,KGZ,2008,0.12795769
Kyrgyzstan,KGZ,2009,0.12535985
Kyrgyzstan,KGZ,2010,0.12387193
Kyrgyzstan,KGZ,2011,0.12157612
Kyrgyzstan,KGZ,2012,0.11962693
Kyrgyzstan,KGZ,2013,0.11705173
Kyrgyzstan,KGZ,2014,0.114999406
Kyrgyzstan,KGZ,2015,0.11207377
Kyrgyzstan,KGZ,2016,0.109777376
Kyrgyzstan,KGZ,2017,0.10778314
Kyrgyzstan,KGZ,2018,0.10636258
Kyrgyzstan,KGZ,2019,0.10414234
Kyrgyzstan,KGZ,2020,0.104799196
Kyrgyzstan,KGZ,2021,0.10612704
Kyrgyzstan,KGZ,2022,0.1016113
Kyrgyzstan,KGZ,2023,0.10053168
Land-locked Developing Countries (LLDC),,1950,0.43862325
Land-locked Developing Countries (LLDC),,1951,0.433816
Land-locked Developing Countries (LLDC),,1952,0.42894894
Land-locked Developing Countries (LLDC),,1953,0.42475998
Land-locked Developing Countries (LLDC),,1954,0.42056358
Land-locked Developing Countries (LLDC),,1955,0.4161311
Land-locked Developing Countries (LLDC),,1956,0.4117148
Land-locked Developing Countries (LLDC),,1957,0.42094696
Land-locked Developing Countries (LLDC),,1958,0.4168702
Land-locked Developing Countries (LLDC),,1959,0.39965537
Land-locked Developing Countries (LLDC),,1960,0.39527717
Land-locked Developing Countries (LLDC),,1961,0.39102098
Land-locked Developing Countries (LLDC),,1962,0.3875168
Land-locked Developing Countries (LLDC),,1963,0.38412973
Land-locked Developing Countries (LLDC),,1964,0.37929142
Land-locked Developing Countries (LLDC),,1965,0.37730145
Land-locked Developing Countries (LLDC),,1966,0.37997448
Land-locked Developing Countries (LLDC),,1967,0.37226352
Land-locked Developing Countries (LLDC),,1968,0.36976
Land-locked Developing Countries (LLDC),,1969,0.3678341
Land-locked Developing Countries (LLDC),,1970,0.365351
Land-locked Developing Countries (LLDC),,1971,0.36298072
Land-locked Developing Countries (LLDC),,1972,0.3673444
Land-locked Developing Countries (LLDC),,1973,0.36051625
Land-locked Developing Countries (LLDC),,1974,0.36120388
Land-locked Developing Countries (LLDC),,1975,0.3589757
Land-locked Developing Countries (LLDC),,1976,0.35032234
Land-locked Developing Countries (LLDC),,1977,0.34697855
Land-locked Developing Countries (LLDC),,1978,0.3438519
Land-locked Developing Countries (LLDC),,1979,0.33987036
Land-locked Developing Countries (LLDC),,1980,0.33614185
Land-locked Developing Countries (LLDC),,1981,0.33195972
Land-locked Developing Countries (LLDC),,1982,0.3285891
Land-locked Developing Countries (LLDC),,1983,0.34470433
Land-locked Developing Countries (LLDC),,1984,0.3446598
Land-locked Developing Countries (LLDC),,1985,0.33925363
Land-locked Developing Countries (LLDC),,1986,0.3328756
Land-locked Developing Countries (LLDC),,1987,0.31916627
Land-locked Developing Countries (LLDC),,1988,0.32765478
Land-locked Developing Countries (LLDC),,1989,0.31062505
Land-locked Developing Countries (LLDC),,1990,0.31045294
Land-locked Developing Countries (LLDC),,1991,0.30772695
Land-locked Developing Countries (LLDC),,1992,0.30946568
Land-locked Developing Countries (LLDC),,1993,0.30884734
Land-locked Developing Countries (LLDC),,1994,0.33292854
Land-locked Developing Countries (LLDC),,1995,0.30033714
Land-locked Developing Countries (LLDC),,1996,0.29828367
Land-locked Developing Countries (LLDC),,1997,0.2961075
Land-locked Developing Countries (LLDC),,1998,0.3003269
Land-locked Developing Countries (LLDC),,1999,0.28779903
Land-locked Developing Countries (LLDC),,2000,0.28258762
Land-locked Developing Countries (LLDC),,2001,0.27824485
Land-locked Developing Countries (LLDC),,2002,0.2718925
Land-locked Developing Countries (LLDC),,2003,0.2652203
Land-locked Developing Countries (LLDC),,2004,0.2581868
Land-locked Developing Countries (LLDC),,2005,0.2517929
Land-locked Developing Countries (LLDC),,2006,0.24494004
Land-locked Developing Countries (LLDC),,2007,0.23763233
Land-locked Developing Countries (LLDC),,2008,0.23036803
Land-locked Developing Countries (LLDC),,2009,0.23205721
Land-locked Developing Countries (LLDC),,2010,0.21814626
Land-locked Developing Countries (LLDC),,2011,0.21194068
Land-locked Developing Countries (LLDC),,2012,0.2064735
Land-locked Developing Countries (LLDC),,2013,0.2014966
Land-locked Developing Countries (LLDC),,2014,0.20119888
Land-locked Developing Countries (LLDC),,2015,0.19826034
Land-locked Developing Countries (LLDC),,2016,0.19502847
Land-locked Developing Countries (LLDC),,2017,0.1914701
Land-locked Developing Countries (LLDC),,2018,0.18199834
Land-locked Developing Countries (LLDC),,2019,0.18030061
Land-locked Developing Countries (LLDC),,2020,0.17413333
Land-locked Developing Countries (LLDC),,2021,0.17525837
Land-locked Developing Countries (LLDC),,2022,0.1760284
Land-locked Developing Countries (LLDC),,2023,0.16506517
Laos,LAO,1950,0.44265562
Laos,LAO,1951,0.4400622
Laos,LAO,1952,0.43721306
Laos,LAO,1953,0.43380448
Laos,LAO,1954,0.4310495
Laos,LAO,1955,0.427946
Laos,LAO,1956,0.42524064
Laos,LAO,1957,0.42211166
Laos,LAO,1958,0.418737
Laos,LAO,1959,0.4163252
Laos,LAO,1960,0.41315642
Laos,LAO,1961,0.41047892
Laos,LAO,1962,0.40674022
Laos,LAO,1963,0.4040446
Laos,LAO,1964,0.4010828
Laos,LAO,1965,0.3968073
Laos,LAO,1966,0.39558083
Laos,LAO,1967,0.39076847
Laos,LAO,1968,0.38755727
Laos,LAO,1969,0.3847536
Laos,LAO,1970,0.3816394
Laos,LAO,1971,0.37830198
Laos,LAO,1972,0.37541983
Laos,LAO,1973,0.37262323
Laos,LAO,1974,0.3701363
Laos,LAO,1975,0.36765882
Laos,LAO,1976,0.3668944
Laos,LAO,1977,0.36299005
Laos,LAO,1978,0.35893545
Laos,LAO,1979,0.35307792
Laos,LAO,1980,0.34530303
Laos,LAO,1981,0.33891723
Laos,LAO,1982,0.33250725
Laos,LAO,1983,0.32700476
Laos,LAO,1984,0.321557
Laos,LAO,1985,0.31546205
Laos,LAO,1986,0.30951655
Laos,LAO,1987,0.30386525
Laos,LAO,1988,0.29773468
Laos,LAO,1989,0.29123813
Laos,LAO,1990,0.28600758
Laos,LAO,1991,0.27948776
Laos,LAO,1992,0.27489367
Laos,LAO,1993,0.26946637
Laos,LAO,1994,0.26604965
Laos,LAO,1995,0.25977832
Laos,LAO,1996,0.25463587
Laos,LAO,1997,0.2493209
Laos,LAO,1998,0.24548854
Laos,LAO,1999,0.24182576
Laos,LAO,2000,0.2364707
Laos,LAO,2001,0.23008034
Laos,LAO,2002,0.22482146
Laos,LAO,2003,0.21929729
Laos,LAO,2004,0.21324949
Laos,LAO,2005,0.20722099
Laos,LAO,2006,0.20227285
Laos,LAO,2007,0.19643009
Laos,LAO,2008,0.19142112
Laos,LAO,2009,0.18487042
Laos,LAO,2010,0.17906843
Laos,LAO,2011,0.17261052
Laos,LAO,2012,0.16733722
Laos,LAO,2013,0.16260937
Laos,LAO,2014,0.15778908
Laos,LAO,2015,0.15458526
Laos,LAO,2016,0.1513147
Laos,LAO,2017,0.14851637
Laos,LAO,2018,0.1463672
Laos,LAO,2019,0.14339292
Laos,LAO,2020,0.13776663
Laos,LAO,2021,0.14033161
Laos,LAO,2022,0.13654651
Laos,LAO,2023,0.13447645
Latin America and the Caribbean (UN),UN_LAC,1950,0.3345909
Latin America and the Caribbean (UN),UN_LAC,1951,0.328735
Latin America and the Caribbean (UN),UN_LAC,1952,0.32237288
Latin America and the Caribbean (UN),UN_LAC,1953,0.31637248
Latin America and the Caribbean (UN),UN_LAC,1954,0.3102786
Latin America and the Caribbean (UN),UN_LAC,1955,0.30423313
Latin America and the Caribbean (UN),UN_LAC,1956,0.29888144
Latin America and the Caribbean (UN),UN_LAC,1957,0.2930314
Latin America and the Caribbean (UN),UN_LAC,1958,0.2878999
Latin America and the Caribbean (UN),UN_LAC,1959,0.2820639
Latin America and the Caribbean (UN),UN_LAC,1960,0.2765404
Latin America and the Caribbean (UN),UN_LAC,1961,0.27161402
Latin America and the Caribbean (UN),UN_LAC,1962,0.26678765
Latin America and the Caribbean (UN),UN_LAC,1963,0.26238057
Latin America and the Caribbean (UN),UN_LAC,1964,0.25703132
Latin America and the Caribbean (UN),UN_LAC,1965,0.25226596
Latin America and the Caribbean (UN),UN_LAC,1966,0.24773537
Latin America and the Caribbean (UN),UN_LAC,1967,0.24322341
Latin America and the Caribbean (UN),UN_LAC,1968,0.23954433
Latin America and the Caribbean (UN),UN_LAC,1969,0.23622653
Latin America and the Caribbean (UN),UN_LAC,1970,0.2373403
Latin America and the Caribbean (UN),UN_LAC,1971,0.22846286
Latin America and the Caribbean (UN),UN_LAC,1972,0.225059
Latin America and the Caribbean (UN),UN_LAC,1973,0.22022915
Latin America and the Caribbean (UN),UN_LAC,1974,0.2166448
Latin America and the Caribbean (UN),UN_LAC,1975,0.21180335
Latin America and the Caribbean (UN),UN_LAC,1976,0.20967388
Latin America and the Caribbean (UN),UN_LAC,1977,0.20382221
Latin America and the Caribbean (UN),UN_LAC,1978,0.19982313
Latin America and the Caribbean (UN),UN_LAC,1979,0.19573519
Latin America and the Caribbean (UN),UN_LAC,1980,0.19177063
Latin America and the Caribbean (UN),UN_LAC,1981,0.18810728
Latin America and the Caribbean (UN),UN_LAC,1982,0.18480289
Latin America and the Caribbean (UN),UN_LAC,1983,0.17992347
Latin America and the Caribbean (UN),UN_LAC,1984,0.17607594
Latin America and the Caribbean (UN),UN_LAC,1985,0.17445676
Latin America and the Caribbean (UN),UN_LAC,1986,0.16952175
Latin America and the Caribbean (UN),UN_LAC,1987,0.16644296
Latin America and the Caribbean (UN),UN_LAC,1988,0.1632784
Latin America and the Caribbean (UN),UN_LAC,1989,0.16007565
Latin America and the Caribbean (UN),UN_LAC,1990,0.15682937
Latin America and the Caribbean (UN),UN_LAC,1991,0.15396675
Latin America and the Caribbean (UN),UN_LAC,1992,0.15068841
Latin America and the Caribbean (UN),UN_LAC,1993,0.1478024
Latin America and the Caribbean (UN),UN_LAC,1994,0.14526506
Latin America and the Caribbean (UN),UN_LAC,1995,0.14263299
Latin America and the Caribbean (UN),UN_LAC,1996,0.14020118
Latin America and the Caribbean (UN),UN_LAC,1997,0.13796966
Latin America and the Caribbean (UN),UN_LAC,1998,0.13686045
Latin America and the Caribbean (UN),UN_LAC,1999,0.13328668
Latin America and the Caribbean (UN),UN_LAC,2000,0.13091384
Latin America and the Caribbean (UN),UN_LAC,2001,0.12916951
Latin America and the Caribbean (UN),UN_LAC,2002,0.12694463
Latin America and the Caribbean (UN),UN_LAC,2003,0.12511054
Latin America and the Caribbean (UN),UN_LAC,2004,0.12375457
Latin America and the Caribbean (UN),UN_LAC,2005,0.12194872
Latin America and the Caribbean (UN),UN_LAC,2006,0.120468296
Latin America and the Caribbean (UN),UN_LAC,2007,0.118967965
Latin America and the Caribbean (UN),UN_LAC,2008,0.11827361
Latin America and the Caribbean (UN),UN_LAC,2009,0.11760813
Latin America and the Caribbean (UN),UN_LAC,2010,0.12165282
Latin America and the Caribbean (UN),UN_LAC,2011,0.11525977
Latin America and the Caribbean (UN),UN_LAC,2012,0.11402651
Latin America and the Caribbean (UN),UN_LAC,2013,0.11321728
Latin America and the Caribbean (UN),UN_LAC,2014,0.11259657
Latin America and the Caribbean (UN),UN_LAC,2015,0.11189812
Latin America and the Caribbean (UN),UN_LAC,2016,0.111900866
Latin America and the Caribbean (UN),UN_LAC,2017,0.11117665
Latin America and the Caribbean (UN),UN_LAC,2018,0.11063051
Latin America and the Caribbean (UN),UN_LAC,2019,0.10982796
Latin America and the Caribbean (UN),UN_LAC,2020,0.11271983
Latin America and the Caribbean (UN),UN_LAC,2021,0.11942768
Latin America and the Caribbean (UN),UN_LAC,2022,0.10942893
Latin America and the Caribbean (UN),UN_LAC,2023,0.107588395
Latvia,LVA,1950,0.16474305
Latvia,LVA,1951,0.15981601
Latvia,LVA,1952,0.15539385
Latvia,LVA,1953,0.15105268
Latvia,LVA,1954,0.14706132
Latvia,LVA,1955,0.14327517
Latvia,LVA,1956,0.13964503
Latvia,LVA,1957,0.1367942
Latvia,LVA,1958,0.1327522
Latvia,LVA,1959,0.13076493
Latvia,LVA,1960,0.12766571
Latvia,LVA,1961,0.121415526
Latvia,LVA,1962,0.12168234
Latvia,LVA,1963,0.12264939
Latvia,LVA,1964,0.119977444
Latvia,LVA,1965,0.11388106
Latvia,LVA,1966,0.116362505
Latvia,LVA,1967,0.118128665
Latvia,LVA,1968,0.115504466
Latvia,LVA,1969,0.113332696
Latvia,LVA,1970,0.115807235
Latvia,LVA,1971,0.113800906
Latvia,LVA,1972,0.11246546
Latvia,LVA,1973,0.11382979
Latvia,LVA,1974,0.11476053
Latvia,LVA,1975,0.11689288
Latvia,LVA,1976,0.114947364
Latvia,LVA,1977,0.115512736
Latvia,LVA,1978,0.11717629
Latvia,LVA,1979,0.120652325
Latvia,LVA,1980,0.1165863
Latvia,LVA,1981,0.11554974
Latvia,LVA,1982,0.11559257
Latvia,LVA,1983,0.11400174
Latvia,LVA,1984,0.11208326
Latvia,LVA,1985,0.111842595
Latvia,LVA,1986,0.1084928
Latvia,LVA,1987,0.10620499
Latvia,LVA,1988,0.10729753
Latvia,LVA,1989,0.11067123
Latvia,LVA,1990,0.11149368
Latvia,LVA,1991,0.1138845
Latvia,LVA,1992,0.11783287
Latvia,LVA,1993,0.12248227
Latvia,LVA,1994,0.12725519
Latvia,LVA,1995,0.12797073
Latvia,LVA,1996,0.11795403
Latvia,LVA,1997,0.115073405
Latvia,LVA,1998,0.11573709
Latvia,LVA,1999,0.11520116
Latvia,LVA,2000,0.109089814
Latvia,LVA,2001,0.11037746
Latvia,LVA,2002,0.10852384
Latvia,LVA,2003,0.107935995
Latvia,LVA,2004,0.10773454
Latvia,LVA,2005,0.10541991
Latvia,LVA,2006,0.10708817
Latvia,LVA,2007,0.10621295
Latvia,LVA,2008,0.100345016
Latvia,LVA,2009,0.10179431
Latvia,LVA,2010,0.09915121
Latvia,LVA,2011,0.098434076
Latvia,LVA,2012,0.09527931
Latvia,LVA,2013,0.09615477
Latvia,LVA,2014,0.09501124
Latvia,LVA,2015,0.09314917
Latvia,LVA,2016,0.09417497
Latvia,LVA,2017,0.093473
Latvia,LVA,2018,0.09307176
Latvia,LVA,2019,0.09280129
Latvia,LVA,2020,0.09111533
Latvia,LVA,2021,0.09474077
Latvia,LVA,2022,0.09326042
Latvia,LVA,2023,0.09036801
Least developed countries,,1950,0.4700073
Least developed countries,,1951,0.4649899
Least developed countries,,1952,0.45984888
Least developed countries,,1953,0.45518234
Least developed countries,,1954,0.45010445
Least developed countries,,1955,0.44517645
Least developed countries,,1956,0.44085625
Least developed countries,,1957,0.44231284
Least developed countries,,1958,0.43845424
Least developed countries,,1959,0.42754945
Least developed countries,,1960,0.42399895
Least developed countries,,1961,0.41951615
Least developed countries,,1962,0.41483623
Least developed countries,,1963,0.4125266
Least developed countries,,1964,0.40650025
Least developed countries,,1965,0.40560293
Least developed countries,,1966,0.4017631
Least developed countries,,1967,0.39551795
Least developed countries,,1968,0.39221632
Least developed countries,,1969,0.38920733
Least developed countries,,1970,0.40085116
Least developed countries,,1971,0.41600418
Least developed countries,,1972,0.3840306
Least developed countries,,1973,0.37931892
Least developed countries,,1974,0.37956148
Least developed countries,,1975,0.3890466
Least developed countries,,1976,0.3848206
Least developed countries,,1977,0.38060138
Least developed countries,,1978,0.37555403
Least developed countries,,1979,0.35801637
Least developed countries,,1980,0.35345685
Least developed countries,,1981,0.34985963
Least developed countries,,1982,0.34601218
Least developed countries,,1983,0.3537192
Least developed countries,,1984,0.35159123
Least developed countries,,1985,0.3476616
Least developed countries,,1986,0.33950257
Least developed countries,,1987,0.33065045
Least developed countries,,1988,0.33204052
Least developed countries,,1989,0.3218013
Least developed countries,,1990,0.31916592
Least developed countries,,1991,0.32507977
Least developed countries,,1992,0.3183063
Least developed countries,,1993,0.31013194
Least developed countries,,1994,0.32026973
Least developed countries,,1995,0.2995511
Least developed countries,,1996,0.29599014
Least developed countries,,1997,0.29150864
Least developed countries,,1998,0.29081833
Least developed countries,,1999,0.28121448
Least developed countries,,2000,0.27525067
Least developed countries,,2001,0.2693324
Least developed countries,,2002,0.26372054
Least developed countries,,2003,0.25725475
Least developed countries,,2004,0.25152466
Least developed countries,,2005,0.24549112
Least developed countries,,2006,0.23886418
Least developed countries,,2007,0.23289278
Least developed countries,,2008,0.23080201
Least developed countries,,2009,0.22599818
Least developed countries,,2010,0.22033651
Least developed countries,,2011,0.21838757
Least developed countries,,2012,0.20937058
Least developed countries,,2013,0.20444335
Least developed countries,,2014,0.20272632
Least developed countries,,2015,0.19969329
Least developed countries,,2016,0.19618969
Least developed countries,,2017,0.19347562
Least developed countries,,2018,0.18680276
Least developed countries,,2019,0.18411075
Least developed countries,,2020,0.17844738
Least developed countries,,2021,0.18011683
Least developed countries,,2022,0.179031
Least developed countries,,2023,0.17151159
Lebanon,LBN,1950,0.22171529
Lebanon,LBN,1951,0.21762712
Lebanon,LBN,1952,0.21348129
Lebanon,LBN,1953,0.20947108
Lebanon,LBN,1954,0.2054699
Lebanon,LBN,1955,0.20694022
Lebanon,LBN,1956,0.19970967
Lebanon,LBN,1957,0.19423258
Lebanon,LBN,1958,0.19236577
Lebanon,LBN,1959,0.18729584
Lebanon,LBN,1960,0.18406445
Lebanon,LBN,1961,0.1810307
Lebanon,LBN,1962,0.17821322
Lebanon,LBN,1963,0.17567956
Lebanon,LBN,1964,0.17366533
Lebanon,LBN,1965,0.17176646
Lebanon,LBN,1966,0.1701232
Lebanon,LBN,1967,0.16870049
Lebanon,LBN,1968,0.16755038
Lebanon,LBN,1969,0.1665678
Lebanon,LBN,1970,0.16573294
Lebanon,LBN,1971,0.16495894
Lebanon,LBN,1972,0.16420633
Lebanon,LBN,1973,0.16338868
Lebanon,LBN,1974,0.16245227
Lebanon,LBN,1975,0.17142148
Lebanon,LBN,1976,0.35430855
Lebanon,LBN,1977,0.19463855
Lebanon,LBN,1978,0.19605061
Lebanon,LBN,1979,0.19796827
Lebanon,LBN,1980,0.19532228
Lebanon,LBN,1981,0.19255698
Lebanon,LBN,1982,0.2727752
Lebanon,LBN,1983,0.16786191
Lebanon,LBN,1984,0.16499361
Lebanon,LBN,1985,0.16233322
Lebanon,LBN,1986,0.15952767
Lebanon,LBN,1987,0.17553274
Lebanon,LBN,1988,0.17267735
Lebanon,LBN,1989,0.13698123
Lebanon,LBN,1990,0.13446851
Lebanon,LBN,1991,0.12727246
Lebanon,LBN,1992,0.12492832
Lebanon,LBN,1993,0.12198776
Lebanon,LBN,1994,0.119057655
Lebanon,LBN,1995,0.116796724
Lebanon,LBN,1996,0.115105174
Lebanon,LBN,1997,0.112753175
Lebanon,LBN,1998,0.11112999
Lebanon,LBN,1999,0.10930295
Lebanon,LBN,2000,0.107338324
Lebanon,LBN,2001,0.104994
Lebanon,LBN,2002,0.10285375
Lebanon,LBN,2003,0.10096582
Lebanon,LBN,2004,0.09926301
Lebanon,LBN,2005,0.09777673
Lebanon,LBN,2006,0.09713526
Lebanon,LBN,2007,0.0953617
Lebanon,LBN,2008,0.094584174
Lebanon,LBN,2009,0.09362643
Lebanon,LBN,2010,0.09291336
Lebanon,LBN,2011,0.09232626
Lebanon,LBN,2012,0.092014074
Lebanon,LBN,2013,0.09202839
Lebanon,LBN,2014,0.09191348
Lebanon,LBN,2015,0.091776446
Lebanon,LBN,2016,0.091523886
Lebanon,LBN,2017,0.091963254
Lebanon,LBN,2018,0.092399985
Lebanon,LBN,2019,0.09291182
Lebanon,LBN,2020,0.101754405
Lebanon,LBN,2021,0.10389062
Lebanon,LBN,2022,0.09500603
Lebanon,LBN,2023,0.09626492
Lesotho,LSO,1950,0.37631586
Lesotho,LSO,1951,0.37028864
Lesotho,LSO,1952,0.36303294
Lesotho,LSO,1953,0.35581282
Lesotho,LSO,1954,0.34822485
Lesotho,LSO,1955,0.34128198
Lesotho,LSO,1956,0.33439088
Lesotho,LSO,1957,0.32855085
Lesotho,LSO,1958,0.32390222
Lesotho,LSO,1959,0.32042274
Lesotho,LSO,1960,0.31762502
Lesotho,LSO,1961,0.31637222
Lesotho,LSO,1962,0.3158909
Lesotho,LSO,1963,0.31631798
Lesotho,LSO,1964,0.31566557
Lesotho,LSO,1965,0.31540626
Lesotho,LSO,1966,0.31371006
Lesotho,LSO,1967,0.31199634
Lesotho,LSO,1968,0.30898952
Lesotho,LSO,1969,0.30564657
Lesotho,LSO,1970,0.30165136
Lesotho,LSO,1971,0.2972714
Lesotho,LSO,1972,0.29266965
Lesotho,LSO,1973,0.28751385
Lesotho,LSO,1974,0.28291127
Lesotho,LSO,1975,0.27659675
Lesotho,LSO,1976,0.26971176
Lesotho,LSO,1977,0.2624294
Lesotho,LSO,1978,0.25486284
Lesotho,LSO,1979,0.24721631
Lesotho,LSO,1980,0.23970726
Lesotho,LSO,1981,0.23254247
Lesotho,LSO,1982,0.22592306
Lesotho,LSO,1983,0.21978994
Lesotho,LSO,1984,0.21447207
Lesotho,LSO,1985,0.2103471
Lesotho,LSO,1986,0.20691165
Lesotho,LSO,1987,0.20486948
Lesotho,LSO,1988,0.20354316
Lesotho,LSO,1989,0.20366113
Lesotho,LSO,1990,0.20490263
Lesotho,LSO,1991,0.20664392
Lesotho,LSO,1992,0.20996298
Lesotho,LSO,1993,0.21472827
Lesotho,LSO,1994,0.2212403
Lesotho,LSO,1995,0.22996122
Lesotho,LSO,1996,0.23949318
Lesotho,LSO,1997,0.2509096
Lesotho,LSO,1998,0.26201618
Lesotho,LSO,1999,0.27276
Lesotho,LSO,2000,0.28122282
Lesotho,LSO,2001,0.2876073
Lesotho,LSO,2002,0.29225427
Lesotho,LSO,2003,0.29517248
Lesotho,LSO,2004,0.29658026
Lesotho,LSO,2005,0.29655287
Lesotho,LSO,2006,0.29748514
Lesotho,LSO,2007,0.29228526
Lesotho,LSO,2008,0.2884193
Lesotho,LSO,2009,0.28404793
Lesotho,LSO,2010,0.27947548
Lesotho,LSO,2011,0.27484825
Lesotho,LSO,2012,0.26947522
Lesotho,LSO,2013,0.26413316
Lesotho,LSO,2014,0.25870404
Lesotho,LSO,2015,0.25374013
Lesotho,LSO,2016,0.24912703
Lesotho,LSO,2017,0.24468677
Lesotho,LSO,2018,0.24085137
Lesotho,LSO,2019,0.2377041
Lesotho,LSO,2020,0.2393752
Lesotho,LSO,2021,0.23183441
Lesotho,LSO,2022,0.22821419
Lesotho,LSO,2023,0.2249593
Less developed regions,,1950,0.40897447
Less developed regions,,1951,0.40118855
Less developed regions,,1952,0.3918656
Less developed regions,,1953,0.38641757
Less developed regions,,1954,0.3779859
Less developed regions,,1955,0.37143722
Less developed regions,,1956,0.36605275
Less developed regions,,1957,0.36146915
Less developed regions,,1958,0.3565862
Less developed regions,,1959,0.38032183
Less developed regions,,1960,0.4011055
Less developed regions,,1961,0.37296927
Less developed regions,,1962,0.3382842
Less developed regions,,1963,0.33157685
Less developed regions,,1964,0.32532248
Less developed regions,,1965,0.32589832
Less developed regions,,1966,0.32033694
Less developed regions,,1967,0.31490335
Less developed regions,,1968,0.30720726
Less developed regions,,1969,0.30243564
Less developed regions,,1970,0.30058864
Less developed regions,,1971,0.29958808
Less developed regions,,1972,0.2905424
Less developed regions,,1973,0.2858164
Less developed regions,,1974,0.28244492
Less developed regions,,1975,0.28040212
Less developed regions,,1976,0.27798176
Less developed regions,,1977,0.27220947
Less developed regions,,1978,0.26782215
Less developed regions,,1979,0.26058143
Less developed regions,,1980,0.25590518
Less developed regions,,1981,0.2512289
Less developed regions,,1982,0.2465041
Less developed regions,,1983,0.24469215
Less developed regions,,1984,0.24104671
Less developed regions,,1985,0.23741685
Less developed regions,,1986,0.2327668
Less developed regions,,1987,0.22820652
Less developed regions,,1988,0.2265553
Less developed regions,,1989,0.22226109
Less developed regions,,1990,0.22003329
Less developed regions,,1991,0.21990608
Less developed regions,,1992,0.2172672
Less developed regions,,1993,0.2144177
Less developed regions,,1994,0.21541771
Less developed regions,,1995,0.21054691
Less developed regions,,1996,0.20872895
Less developed regions,,1997,0.20654647
Less developed regions,,1998,0.20511144
Less developed regions,,1999,0.2014815
Less developed regions,,2000,0.19815399
Less developed regions,,2001,0.19544625
Less developed regions,,2002,0.19220719
Less developed regions,,2003,0.18878138
Less developed regions,,2004,0.18640964
Less developed regions,,2005,0.18217148
Less developed regions,,2006,0.17823607
Less developed regions,,2007,0.17461926
Less developed regions,,2008,0.17240554
Less developed regions,,2009,0.1692106
Less developed regions,,2010,0.166082
Less developed regions,,2011,0.16386907
Less developed regions,,2012,0.16002664
Less developed regions,,2013,0.15759
Less developed regions,,2014,0.1557343
Less developed regions,,2015,0.15408549
Less developed regions,,2016,0.15205565
Less developed regions,,2017,0.15026233
Less developed regions,,2018,0.1481632
Less developed regions,,2019,0.14667997
Less developed regions,,2020,0.14547364
Less developed regions,,2021,0.14856526
Less developed regions,,2022,0.14367929
Less developed regions,,2023,0.1408639
"Less developed regions, excluding China",,1950,0.43024153
"Less developed regions, excluding China",,1951,0.4225193
"Less developed regions, excluding China",,1952,0.41348553
"Less developed regions, excluding China",,1953,0.40731794
"Less developed regions, excluding China",,1954,0.39918754
"Less developed regions, excluding China",,1955,0.3926084
"Less developed regions, excluding China",,1956,0.3868562
"Less developed regions, excluding China",,1957,0.38276207
"Less developed regions, excluding China",,1958,0.37742457
"Less developed regions, excluding China",,1959,0.37035134
"Less developed regions, excluding China",,1960,0.36555976
"Less developed regions, excluding China",,1961,0.36100033
"Less developed regions, excluding China",,1962,0.3564041
"Less developed regions, excluding China",,1963,0.35205024
"Less developed regions, excluding China",,1964,0.34706572
"Less developed regions, excluding China",,1965,0.35053787
"Less developed regions, excluding China",,1966,0.3446337
"Less developed regions, excluding China",,1967,0.33873156
"Less developed regions, excluding China",,1968,0.33060417
"Less developed regions, excluding China",,1969,0.3264524
"Less developed regions, excluding China",,1970,0.32635075
"Less developed regions, excluding China",,1971,0.32693818
"Less developed regions, excluding China",,1972,0.31635523
"Less developed regions, excluding China",,1973,0.3116457
"Less developed regions, excluding China",,1974,0.30815843
"Less developed regions, excluding China",,1975,0.3060909
"Less developed regions, excluding China",,1976,0.30190098
"Less developed regions, excluding China",,1977,0.29657984
"Less developed regions, excluding China",,1978,0.29147553
"Less developed regions, excluding China",,1979,0.28300214
"Less developed regions, excluding China",,1980,0.2779589
"Less developed regions, excluding China",,1981,0.2731042
"Less developed regions, excluding China",,1982,0.26838198
"Less developed regions, excluding China",,1983,0.2662065
"Less developed regions, excluding China",,1984,0.26225415
"Less developed regions, excluding China",,1985,0.25843245
"Less developed regions, excluding China",,1986,0.2535835
"Less developed regions, excluding China",,1987,0.24885409
"Less developed regions, excluding China",,1988,0.24709101
"Less developed regions, excluding China",,1989,0.2421738
"Less developed regions, excluding China",,1990,0.23987687
"Less developed regions, excluding China",,1991,0.2391099
"Less developed regions, excluding China",,1992,0.23552147
"Less developed regions, excluding China",,1993,0.23187196
"Less developed regions, excluding China",,1994,0.23329248
"Less developed regions, excluding China",,1995,0.22722751
"Less developed regions, excluding China",,1996,0.22517374
"Less developed regions, excluding China",,1997,0.22270635
"Less developed regions, excluding China",,1998,0.22116448
"Less developed regions, excluding China",,1999,0.21705608
"Less developed regions, excluding China",,2000,0.2135595
"Less developed regions, excluding China",,2001,0.21058357
"Less developed regions, excluding China",,2002,0.20705418
"Less developed regions, excluding China",,2003,0.20332699
"Less developed regions, excluding China",,2004,0.20091413
"Less developed regions, excluding China",,2005,0.1962414
"Less developed regions, excluding China",,2006,0.1919473
"Less developed regions, excluding China",,2007,0.1880343
"Less developed regions, excluding China",,2008,0.18544689
"Less developed regions, excluding China",,2009,0.18237573
"Less developed regions, excluding China",,2010,0.1789415
"Less developed regions, excluding China",,2011,0.17656878
"Less developed regions, excluding China",,2012,0.17255157
"Less developed regions, excluding China",,2013,0.16981621
"Less developed regions, excluding China",,2014,0.16792442
"Less developed regions, excluding China",,2015,0.16598453
"Less developed regions, excluding China",,2016,0.16385438
"Less developed regions, excluding China",,2017,0.16192278
"Less developed regions, excluding China",,2018,0.15915711
"Less developed regions, excluding China",,2019,0.15731916
"Less developed regions, excluding China",,2020,0.1549033
"Less developed regions, excluding China",,2021,0.1574935
"Less developed regions, excluding China",,2022,0.15275608
"Less developed regions, excluding China",,2023,0.14971882
"Less developed regions, excluding least developed countries",,1950,0.39912096
"Less developed regions, excluding least developed countries",,1951,0.39104572
"Less developed regions, excluding least developed countries",,1952,0.3812416
"Less developed regions, excluding least developed countries",,1953,0.3757968
"Less developed regions, excluding least developed countries",,1954,0.36691073
"Less developed regions, excluding least developed countries",,1955,0.36016956
"Less developed regions, excluding least developed countries",,1956,0.3546016
"Less developed regions, excluding least developed countries",,1957,0.3490564
"Less developed regions, excluding least developed countries",,1958,0.34394377
"Less developed regions, excluding least developed countries",,1959,0.37324598
"Less developed regions, excluding least developed countries",,1960,0.39772066
"Less developed regions, excluding least developed countries",,1961,0.3655591
"Less developed regions, excluding least developed countries",,1962,0.32571128
"Less developed regions, excluding least developed countries",,1963,0.31856945
"Less developed regions, excluding least developed countries",,1964,0.31246665
"Less developed regions, excluding least developed countries",,1965,0.31333852
"Less developed regions, excluding least developed countries",,1966,0.30741283
"Less developed regions, excluding least developed countries",,1967,0.30196998
"Less developed regions, excluding least developed countries",,1968,0.2934601
"Less developed regions, excluding least developed countries",,1969,0.2882954
"Less developed regions, excluding least developed countries",,1970,0.2838261
"Less developed regions, excluding least developed countries",,1971,0.27930126
"Less developed regions, excluding least developed countries",,1972,0.2747707
"Less developed regions, excluding least developed countries",,1973,0.26979205
"Less developed regions, excluding least developed countries",,1974,0.26536566
"Less developed regions, excluding least developed countries",,1975,0.26057476
"Less developed regions, excluding least developed countries",,1976,0.25818744
"Less developed regions, excluding least developed countries",,1977,0.25172976
"Less developed regions, excluding least developed countries",,1978,0.24718323
"Less developed regions, excluding least developed countries",,1979,0.24179845
"Less developed regions, excluding least developed countries",,1980,0.23691648
"Less developed regions, excluding least developed countries",,1981,0.23196894
"Less developed regions, excluding least developed countries",,1982,0.22708267
"Less developed regions, excluding least developed countries",,1983,0.22285768
"Less developed regions, excluding least developed countries",,1984,0.21873154
"Less developed regions, excluding least developed countries",,1985,0.21503468
"Less developed regions, excluding least developed countries",,1986,0.21118133
"Less developed regions, excluding least developed countries",,1987,0.2076287
"Less developed regions, excluding least developed countries",,1988,0.2050266
"Less developed regions, excluding least developed countries",,1989,0.20202689
"Less developed regions, excluding least developed countries",,1990,0.19970383
"Less developed regions, excluding least developed countries",,1991,0.19766445
"Less developed regions, excluding least developed countries",,1992,0.1955953
"Less developed regions, excluding least developed countries",,1993,0.19355771
"Less developed regions, excluding least developed countries",,1994,0.19177626
"Less developed regions, excluding least developed countries",,1995,0.19034757
"Less developed regions, excluding least developed countries",,1996,0.18850622
"Less developed regions, excluding least developed countries",,1997,0.18651359
"Less developed regions, excluding least developed countries",,1998,0.18452024
"Less developed regions, excluding least developed countries",,1999,0.18215124
"Less developed regions, excluding least developed countries",,2000,0.17929451
"Less developed regions, excluding least developed countries",,2001,0.17721273
"Less developed regions, excluding least developed countries",,2002,0.17439063
"Less developed regions, excluding least developed countries",,2003,0.17152373
"Less developed regions, excluding least developed countries",,2004,0.16984639
"Less developed regions, excluding least developed countries",,2005,0.16594146
"Less developed regions, excluding least developed countries",,2006,0.16258654
"Less developed regions, excluding least developed countries",,2007,0.1594959
"Less developed regions, excluding least developed countries",,2008,0.1571596
"Less developed regions, excluding least developed countries",,2009,0.15425062
"Less developed regions, excluding least developed countries",,2010,0.15176873
"Less developed regions, excluding least developed countries",,2011,0.14924742
"Less developed regions, excluding least developed countries",,2012,0.1468878
"Less developed regions, excluding least developed countries",,2013,0.14499336
"Less developed regions, excluding least developed countries",,2014,0.14285307
"Less developed regions, excluding least developed countries",,2015,0.1413412
"Less developed regions, excluding least developed countries",,2016,0.13951053
"Less developed regions, excluding least developed countries",,2017,0.13771
"Less developed regions, excluding least developed countries",,2018,0.13670774
"Less developed regions, excluding least developed countries",,2019,0.13531095
"Less developed regions, excluding least developed countries",,2020,0.13499762
"Less developed regions, excluding least developed countries",,2021,0.13832359
"Less developed regions, excluding least developed countries",,2022,0.13215052
"Less developed regions, excluding least developed countries",,2023,0.13081221
Liberia,LBR,1950,0.44716358
Liberia,LBR,1951,0.44701302
Liberia,LBR,1952,0.44685462
Liberia,LBR,1953,0.44673222
Liberia,LBR,1954,0.44668388
Liberia,LBR,1955,0.44674024
Liberia,LBR,1956,0.44690678
Liberia,LBR,1957,0.44739577
Liberia,LBR,1958,0.44754028
Liberia,LBR,1959,0.44786048
Liberia,LBR,1960,0.4478225
Liberia,LBR,1961,0.44764656
Liberia,LBR,1962,0.4470449
Liberia,LBR,1963,0.4458574
Liberia,LBR,1964,0.44426206
Liberia,LBR,1965,0.44199187
Liberia,LBR,1966,0.4392174
Liberia,LBR,1967,0.43601787
Liberia,LBR,1968,0.4321514
Liberia,LBR,1969,0.4280868
Liberia,LBR,1970,0.42417374
Liberia,LBR,1971,0.42050728
Liberia,LBR,1972,0.4155082
Liberia,LBR,1973,0.41114196
Liberia,LBR,1974,0.4068131
Liberia,LBR,1975,0.40254125
Liberia,LBR,1976,0.3984851
Liberia,LBR,1977,0.394624
Liberia,LBR,1978,0.39108703
Liberia,LBR,1979,0.38780794
Liberia,LBR,1980,0.3855711
Liberia,LBR,1981,0.38349164
Liberia,LBR,1982,0.38262737
Liberia,LBR,1983,0.38192797
Liberia,LBR,1984,0.38201845
Liberia,LBR,1985,0.38631034
Liberia,LBR,1986,0.38483444
Liberia,LBR,1987,0.38691178
Liberia,LBR,1988,0.38896286
Liberia,LBR,1989,0.39057198
Liberia,LBR,1990,0.39525548
Liberia,LBR,1991,0.39256534
Liberia,LBR,1992,0.38809314
Liberia,LBR,1993,0.39271444
Liberia,LBR,1994,0.39209077
Liberia,LBR,1995,0.3778484
Liberia,LBR,1996,0.37142
Liberia,LBR,1997,0.34715334
Liberia,LBR,1998,0.33531272
Liberia,LBR,1999,0.32244113
Liberia,LBR,2000,0.30986044
Liberia,LBR,2001,0.29672053
Liberia,LBR,2002,0.28500745
Liberia,LBR,2003,0.28346834
Liberia,LBR,2004,0.263055
Liberia,LBR,2005,0.25305662
Liberia,LBR,2006,0.24450052
Liberia,LBR,2007,0.23674309
Liberia,LBR,2008,0.23048171
Liberia,LBR,2009,0.22544573
Liberia,LBR,2010,0.22228368
Liberia,LBR,2011,0.2198648
Liberia,LBR,2012,0.21712874
Liberia,LBR,2013,0.21463506
Liberia,LBR,2014,0.22144042
Liberia,LBR,2015,0.22075397
Liberia,LBR,2016,0.20877704
Liberia,LBR,2017,0.20562471
Liberia,LBR,2018,0.20312618
Liberia,LBR,2019,0.20044535
Liberia,LBR,2020,0.19686079
Liberia,LBR,2021,0.19613275
Liberia,LBR,2022,0.19225779
Liberia,LBR,2023,0.19028431
Libya,LBY,1950,0.50621676
Libya,LBY,1951,0.50247204
Libya,LBY,1952,0.4988741
Libya,LBY,1953,0.494635
Libya,LBY,1954,0.4892945
Libya,LBY,1955,0.48246956
Libya,LBY,1956,0.47380397
Libya,LBY,1957,0.46415433
Libya,LBY,1958,0.45199513
Libya,LBY,1959,0.4382517
Libya,LBY,1960,0.4232381
Libya,LBY,1961,0.40710464
Libya,LBY,1962,0.39010406
Libya,LBY,1963,0.3751679
Libya,LBY,1964,0.3546986
Libya,LBY,1965,0.3372387
Libya,LBY,1966,0.31986699
Libya,LBY,1967,0.30365282
Libya,LBY,1968,0.2884705
Libya,LBY,1969,0.27356637
Libya,LBY,1970,0.25973782
Libya,LBY,1971,0.24580705
Libya,LBY,1972,0.23325334
Libya,LBY,1973,0.22184272
Libya,LBY,1974,0.21111357
Libya,LBY,1975,0.20148169
Libya,LBY,1976,0.19283777
Libya,LBY,1977,0.18542434
Libya,LBY,1978,0.17866331
Libya,LBY,1979,0.172793
Libya,LBY,1980,0.16778798
Libya,LBY,1981,0.16307914
Libya,LBY,1982,0.15881886
Libya,LBY,1983,0.15482488
Libya,LBY,1984,0.15106188
Libya,LBY,1985,0.14748956
Libya,LBY,1986,0.14408892
Libya,LBY,1987,0.1407734
Libya,LBY,1988,0.13787465
Libya,LBY,1989,0.1350221
Libya,LBY,1990,0.13245307
Libya,LBY,1991,0.13013478
Libya,LBY,1992,0.12810801
Libya,LBY,1993,0.12649895
Libya,LBY,1994,0.12523383
Libya,LBY,1995,0.12455669
Libya,LBY,1996,0.12447771
Libya,LBY,1997,0.12481523
Libya,LBY,1998,0.12528318
Libya,LBY,1999,0.12554601
Libya,LBY,2000,0.12562366
Libya,LBY,2001,0.12464604
Libya,LBY,2002,0.12342718
Libya,LBY,2003,0.122112356
Libya,LBY,2004,0.12079588
Libya,LBY,2005,0.11956519
Libya,LBY,2006,0.11869549
Libya,LBY,2007,0.11783741
Libya,LBY,2008,0.11698237
Libya,LBY,2009,0.116243556
Libya,LBY,2010,0.11542385
Libya,LBY,2011,0.12303146
Libya,LBY,2012,0.11387061
Libya,LBY,2013,0.11324549
Libya,LBY,2014,0.11442537
Libya,LBY,2015,0.11327553
Libya,LBY,2016,0.11219217
Libya,LBY,2017,0.10972329
Libya,LBY,2018,0.10802052
Libya,LBY,2019,0.10845305
Libya,LBY,2020,0.10729629
Libya,LBY,2021,0.10803767
Libya,LBY,2022,0.1029681
Libya,LBY,2023,0.16374096
Liechtenstein,LIE,1950,0.16148363
Liechtenstein,LIE,1951,0.15519561
Liechtenstein,LIE,1952,0.1505901
Liechtenstein,LIE,1953,0.14370896
Liechtenstein,LIE,1954,0.13711601
Liechtenstein,LIE,1955,0.12957983
Liechtenstein,LIE,1956,0.1250627
Liechtenstein,LIE,1957,0.12085746
Liechtenstein,LIE,1958,0.1175004
Liechtenstein,LIE,1959,0.114421375
Liechtenstein,LIE,1960,0.11332512
Liechtenstein,LIE,1961,0.11370599
Liechtenstein,LIE,1962,0.11493288
Liechtenstein,LIE,1963,0.11482558
Liechtenstein,LIE,1964,0.11389599
Liechtenstein,LIE,1965,0.11207087
Liechtenstein,LIE,1966,0.108651705
Liechtenstein,LIE,1967,0.10549655
Liechtenstein,LIE,1968,0.102963336
Liechtenstein,LIE,1969,0.10160547
Liechtenstein,LIE,1970,0.10036294
Liechtenstein,LIE,1971,0.099858016
Liechtenstein,LIE,1972,0.09923926
Liechtenstein,LIE,1973,0.099138215
Liechtenstein,LIE,1974,0.09885416
Liechtenstein,LIE,1975,0.09874046
Liechtenstein,LIE,1976,0.09911362
Liechtenstein,LIE,1977,0.09932112
Liechtenstein,LIE,1978,0.10005965
Liechtenstein,LIE,1979,0.09996736
Liechtenstein,LIE,1980,0.099635035
Liechtenstein,LIE,1981,0.09806668
Liechtenstein,LIE,1982,0.0968566
Liechtenstein,LIE,1983,0.09406217
Liechtenstein,LIE,1984,0.092107095
Liechtenstein,LIE,1985,0.08998065
Liechtenstein,LIE,1986,0.08870119
Liechtenstein,LIE,1987,0.087425485
Liechtenstein,LIE,1988,0.08700573
Liechtenstein,LIE,1989,0.086532705
Liechtenstein,LIE,1990,0.08637473
Liechtenstein,LIE,1991,0.0864242
Liechtenstein,LIE,1992,0.086608246
Liechtenstein,LIE,1993,0.087104596
Liechtenstein,LIE,1994,0.087554485
Liechtenstein,LIE,1995,0.087865666
Liechtenstein,LIE,1996,0.087935574
Liechtenstein,LIE,1997,0.08785552
Liechtenstein,LIE,1998,0.08735299
Liechtenstein,LIE,1999,0.08696686
Liechtenstein,LIE,2000,0.08647246
Liechtenstein,LIE,2001,0.0855232
Liechtenstein,LIE,2002,0.084606685
Liechtenstein,LIE,2003,0.08369554
Liechtenstein,LIE,2004,0.082295865
Liechtenstein,LIE,2005,0.081348255
Liechtenstein,LIE,2006,0.080851495
Liechtenstein,LIE,2007,0.08031942
Liechtenstein,LIE,2008,0.07976406
Liechtenstein,LIE,2009,0.079784855
Liechtenstein,LIE,2010,0.07969138
Liechtenstein,LIE,2011,0.079598136
Liechtenstein,LIE,2012,0.079639554
Liechtenstein,LIE,2013,0.07976406
Liechtenstein,LIE,2014,0.079556786
Liechtenstein,LIE,2015,0.07904397
Liechtenstein,LIE,2016,0.078669384
Liechtenstein,LIE,2017,0.07804092
Liechtenstein,LIE,2018,0.07753383
Liechtenstein,LIE,2019,0.077226855
Liechtenstein,LIE,2020,0.07537436
Liechtenstein,LIE,2021,0.07702287
Liechtenstein,LIE,2022,0.077001676
Liechtenstein,LIE,2023,0.076970376
Lithuania,LTU,1950,0.15600638
Lithuania,LTU,1951,0.15517956
Lithuania,LTU,1952,0.15439555
Lithuania,LTU,1953,0.15335874
Lithuania,LTU,1954,0.15219872
Lithuania,LTU,1955,0.15081573
Lithuania,LTU,1956,0.14895864
Lithuania,LTU,1957,0.1462289
Lithuania,LTU,1958,0.14280894
Lithuania,LTU,1959,0.1397899
Lithuania,LTU,1960,0.14542
Lithuania,LTU,1961,0.13386817
Lithuania,LTU,1962,0.13496077
Lithuania,LTU,1963,0.1342667
Lithuania,LTU,1964,0.12996666
Lithuania,LTU,1965,0.12427895
Lithuania,LTU,1966,0.12215812
Lithuania,LTU,1967,0.119022876
Lithuania,LTU,1968,0.11992439
Lithuania,LTU,1969,0.11889622
Lithuania,LTU,1970,0.118017316
Lithuania,LTU,1971,0.114152804
Lithuania,LTU,1972,0.11585375
Lithuania,LTU,1973,0.11685942
Lithuania,LTU,1974,0.11858712
Lithuania,LTU,1975,0.11701891
Lithuania,LTU,1976,0.114379026
Lithuania,LTU,1977,0.1166565
Lithuania,LTU,1978,0.11808461
Lithuania,LTU,1979,0.116183735
Lithuania,LTU,1980,0.11374825
Lithuania,LTU,1981,0.11819397
Lithuania,LTU,1982,0.1181544
Lithuania,LTU,1983,0.11454332
Lithuania,LTU,1984,0.11280077
Lithuania,LTU,1985,0.11209885
Lithuania,LTU,1986,0.107817754
Lithuania,LTU,1987,0.10708891
Lithuania,LTU,1988,0.107880995
Lithuania,LTU,1989,0.11022457
Lithuania,LTU,1990,0.10811968
Lithuania,LTU,1991,0.113553025
Lithuania,LTU,1992,0.1137014
Lithuania,LTU,1993,0.114390515
Lithuania,LTU,1994,0.117366314
Lithuania,LTU,1995,0.11577825
Lithuania,LTU,1996,0.111340724
Lithuania,LTU,1997,0.105241425
Lithuania,LTU,1998,0.10578591
Lithuania,LTU,1999,0.10506526
Lithuania,LTU,2000,0.103966005
Lithuania,LTU,2001,0.10217043
Lithuania,LTU,2002,0.10229056
Lithuania,LTU,2003,0.10231832
Lithuania,LTU,2004,0.102230534
Lithuania,LTU,2005,0.10247893
Lithuania,LTU,2006,0.106433
Lithuania,LTU,2007,0.10733094
Lithuania,LTU,2008,0.10497216
Lithuania,LTU,2009,0.09868454
Lithuania,LTU,2010,0.09657062
Lithuania,LTU,2011,0.097046025
Lithuania,LTU,2012,0.0943018
Lithuania,LTU,2013,0.094866425
Lithuania,LTU,2014,0.09342211
Lithuania,LTU,2015,0.09332567
Lithuania,LTU,2016,0.09229096
Lithuania,LTU,2017,0.08924479
Lithuania,LTU,2018,0.0889938
Lithuania,LTU,2019,0.088783585
Lithuania,LTU,2020,0.09008018
Lithuania,LTU,2021,0.09253915
Lithuania,LTU,2022,0.09231052
Lithuania,LTU,2023,0.088439964
Low-and-Lower-middle-income countries,,1950,0.44767886
Low-and-Lower-middle-income countries,,1951,0.4403642
Low-and-Lower-middle-income countries,,1952,0.43171972
Low-and-Lower-middle-income countries,,1953,0.42590132
Low-and-Lower-middle-income countries,,1954,0.4181791
Low-and-Lower-middle-income countries,,1955,0.41211313
Low-and-Lower-middle-income countries,,1956,0.406992
Low-and-Lower-middle-income countries,,1957,0.4039682
Low-and-Lower-middle-income countries,,1958,0.399108
Low-and-Lower-middle-income countries,,1959,0.39209968
Low-and-Lower-middle-income countries,,1960,0.38799977
Low-and-Lower-middle-income countries,,1961,0.38412344
Low-and-Lower-middle-income countries,,1962,0.38013196
Low-and-Lower-middle-income countries,,1963,0.376427
Low-and-Lower-middle-income countries,,1964,0.37195933
Low-and-Lower-middle-income countries,,1965,0.37524894
Low-and-Lower-middle-income countries,,1966,0.37127864
Low-and-Lower-middle-income countries,,1967,0.3671079
Low-and-Lower-middle-income countries,,1968,0.35794252
Low-and-Lower-middle-income countries,,1969,0.3540059
Low-and-Lower-middle-income countries,,1970,0.3547455
Low-and-Lower-middle-income countries,,1971,0.35772818
Low-and-Lower-middle-income countries,,1972,0.3452533
Low-and-Lower-middle-income countries,,1973,0.34046844
Low-and-Lower-middle-income countries,,1974,0.33720815
Low-and-Lower-middle-income countries,,1975,0.33577988
Low-and-Lower-middle-income countries,,1976,0.33117908
Low-and-Lower-middle-income countries,,1977,0.3259159
Low-and-Lower-middle-income countries,,1978,0.3205057
Low-and-Lower-middle-income countries,,1979,0.31073368
Low-and-Lower-middle-income countries,,1980,0.30523315
Low-and-Lower-middle-income countries,,1981,0.2999901
Low-and-Lower-middle-income countries,,1982,0.29492694
Low-and-Lower-middle-income countries,,1983,0.29330075
Low-and-Lower-middle-income countries,,1984,0.28918865
Low-and-Lower-middle-income countries,,1985,0.2849048
Low-and-Lower-middle-income countries,,1986,0.27960786
Low-and-Lower-middle-income countries,,1987,0.27428257
Low-and-Lower-middle-income countries,,1988,0.2722776
Low-and-Lower-middle-income countries,,1989,0.2668444
Low-and-Lower-middle-income countries,,1990,0.26451772
Low-and-Lower-middle-income countries,,1991,0.26424548
Low-and-Lower-middle-income countries,,1992,0.26041606
Low-and-Lower-middle-income countries,,1993,0.25642535
Low-and-Lower-middle-income countries,,1994,0.2586254
Low-and-Lower-middle-income countries,,1995,0.25110704
Low-and-Lower-middle-income countries,,1996,0.24863678
Low-and-Lower-middle-income countries,,1997,0.24564333
Low-and-Lower-middle-income countries,,1998,0.243841
Low-and-Lower-middle-income countries,,1999,0.23844576
Low-and-Lower-middle-income countries,,2000,0.23409443
Low-and-Lower-middle-income countries,,2001,0.2301871
Low-and-Lower-middle-income countries,,2002,0.2256526
Low-and-Lower-middle-income countries,,2003,0.22087595
Low-and-Lower-middle-income countries,,2004,0.21653661
Low-and-Lower-middle-income countries,,2005,0.21213016
Low-and-Lower-middle-income countries,,2006,0.20697594
Low-and-Lower-middle-income countries,,2007,0.20248206
Low-and-Lower-middle-income countries,,2008,0.19945224
Low-and-Lower-middle-income countries,,2009,0.19584465
Low-and-Lower-middle-income countries,,2010,0.19191703
Low-and-Lower-middle-income countries,,2011,0.18958612
Low-and-Lower-middle-income countries,,2012,0.18501832
Low-and-Lower-middle-income countries,,2013,0.18196444
Low-and-Lower-middle-income countries,,2014,0.1799637
Low-and-Lower-middle-income countries,,2015,0.1778103
Low-and-Lower-middle-income countries,,2016,0.17529458
Low-and-Lower-middle-income countries,,2017,0.17313041
Low-and-Lower-middle-income countries,,2018,0.16960628
Low-and-Lower-middle-income countries,,2019,0.16742876
Low-and-Lower-middle-income countries,,2020,0.1639272
Low-and-Lower-middle-income countries,,2021,0.1653168
Low-and-Lower-middle-income countries,,2022,0.16207053
Low-and-Lower-middle-income countries,,2023,0.15800387
Low-and-middle-income countries,,1950,0.4012855
Low-and-middle-income countries,,1951,0.39450264
Low-and-middle-income countries,,1952,0.38498482
Low-and-middle-income countries,,1953,0.3794086
Low-and-middle-income countries,,1954,0.3713605
Low-and-middle-income countries,,1955,0.36475328
Low-and-middle-income countries,,1956,0.3586009
Low-and-middle-income countries,,1957,0.35442004
Low-and-middle-income countries,,1958,0.34951985
Low-and-middle-income countries,,1959,0.37326503
Low-and-middle-income countries,,1960,0.39416197
Low-and-middle-income countries,,1961,0.36622068
Low-and-middle-income countries,,1962,0.3321622
Low-and-middle-income countries,,1963,0.3260811
Low-and-middle-income countries,,1964,0.32030293
Low-and-middle-income countries,,1965,0.32137734
Low-and-middle-income countries,,1966,0.3162111
Low-and-middle-income countries,,1967,0.3112939
Low-and-middle-income countries,,1968,0.30387148
Low-and-middle-income countries,,1969,0.2992889
Low-and-middle-income countries,,1970,0.29764104
Low-and-middle-income countries,,1971,0.29670244
Low-and-middle-income countries,,1972,0.28773585
Low-and-middle-income countries,,1973,0.28316307
Low-and-middle-income countries,,1974,0.2798481
Low-and-middle-income countries,,1975,0.2778739
Low-and-middle-income countries,,1976,0.2756091
Low-and-middle-income countries,,1977,0.26993966
Low-and-middle-income countries,,1978,0.26569518
Low-and-middle-income countries,,1979,0.25869885
Low-and-middle-income countries,,1980,0.25416544
Low-and-middle-income countries,,1981,0.24964716
Low-and-middle-income countries,,1982,0.24501018
Low-and-middle-income countries,,1983,0.24316047
Low-and-middle-income countries,,1984,0.23960035
Low-and-middle-income countries,,1985,0.23594844
Low-and-middle-income countries,,1986,0.23137929
Low-and-middle-income countries,,1987,0.22682962
Low-and-middle-income countries,,1988,0.22528014
Low-and-middle-income countries,,1989,0.22125693
Low-and-middle-income countries,,1990,0.2191687
Low-and-middle-income countries,,1991,0.21922755
Low-and-middle-income countries,,1992,0.21695143
Low-and-middle-income countries,,1993,0.21435174
Low-and-middle-income countries,,1994,0.21545076
Low-and-middle-income countries,,1995,0.21067618
Low-and-middle-income countries,,1996,0.20878859
Low-and-middle-income countries,,1997,0.20654537
Low-and-middle-income countries,,1998,0.20512342
Low-and-middle-income countries,,1999,0.20162444
Low-and-middle-income countries,,2000,0.19836466
Low-and-middle-income countries,,2001,0.19571444
Low-and-middle-income countries,,2002,0.19251484
Low-and-middle-income countries,,2003,0.18911463
Low-and-middle-income countries,,2004,0.18680516
Low-and-middle-income countries,,2005,0.18260564
Low-and-middle-income countries,,2006,0.17857456
Low-and-middle-income countries,,2007,0.17493935
Low-and-middle-income countries,,2008,0.17264383
Low-and-middle-income countries,,2009,0.1693851
Low-and-middle-income countries,,2010,0.1662944
Low-and-middle-income countries,,2011,0.1640908
Low-and-middle-income countries,,2012,0.16022137
Low-and-middle-income countries,,2013,0.15775974
Low-and-middle-income countries,,2014,0.15592138
Low-and-middle-income countries,,2015,0.15430474
Low-and-middle-income countries,,2016,0.15227681
Low-and-middle-income countries,,2017,0.1504691
Low-and-middle-income countries,,2018,0.14835067
Low-and-middle-income countries,,2019,0.14698635
Low-and-middle-income countries,,2020,0.14567822
Low-and-middle-income countries,,2021,0.1486395
Low-and-middle-income countries,,2022,0.14412208
Low-and-middle-income countries,,2023,0.14133504
Low-income countries,OWID_LIC,1950,0.491808
Low-income countries,OWID_LIC,1951,0.48039597
Low-income countries,OWID_LIC,1952,0.46365213
Low-income countries,OWID_LIC,1953,0.45683777
Low-income countries,OWID_LIC,1954,0.44987252
Low-income countries,OWID_LIC,1955,0.4448648
Low-income countries,OWID_LIC,1956,0.4402366
Low-income countries,OWID_LIC,1957,0.44693026
Low-income countries,OWID_LIC,1958,0.44273677
Low-income countries,OWID_LIC,1959,0.42698923
Low-income countries,OWID_LIC,1960,0.42291096
Low-income countries,OWID_LIC,1961,0.41961426
Low-income countries,OWID_LIC,1962,0.41622445
Low-income countries,OWID_LIC,1963,0.41274175
Low-income countries,OWID_LIC,1964,0.40806517
Low-income countries,OWID_LIC,1965,0.405148
Low-income countries,OWID_LIC,1966,0.40580454
Low-income countries,OWID_LIC,1967,0.39750943
Low-income countries,OWID_LIC,1968,0.39399114
Low-income countries,OWID_LIC,1969,0.3909148
Low-income countries,OWID_LIC,1970,0.38755107
Low-income countries,OWID_LIC,1971,0.38469154
Low-income countries,OWID_LIC,1972,0.38760284
Low-income countries,OWID_LIC,1973,0.3815541
Low-income countries,OWID_LIC,1974,0.3822655
Low-income countries,OWID_LIC,1975,0.3802323
Low-income countries,OWID_LIC,1976,0.37270844
Low-income countries,OWID_LIC,1977,0.36963
Low-income countries,OWID_LIC,1978,0.36729288
Low-income countries,OWID_LIC,1979,0.36349732
Low-income countries,OWID_LIC,1980,0.35988066
Low-income countries,OWID_LIC,1981,0.35769182
Low-income countries,OWID_LIC,1982,0.3553633
Low-income countries,OWID_LIC,1983,0.37098214
Low-income countries,OWID_LIC,1984,0.37064272
Low-income countries,OWID_LIC,1985,0.36610502
Low-income countries,OWID_LIC,1986,0.3563054
Low-income countries,OWID_LIC,1987,0.34365675
Low-income countries,OWID_LIC,1988,0.3485918
Low-income countries,OWID_LIC,1989,0.33433455
Low-income countries,OWID_LIC,1990,0.3324498
Low-income countries,OWID_LIC,1991,0.337009
Low-income countries,OWID_LIC,1992,0.3363044
Low-income countries,OWID_LIC,1993,0.32626718
Low-income countries,OWID_LIC,1994,0.34550318
Low-income countries,OWID_LIC,1995,0.31756583
Low-income countries,OWID_LIC,1996,0.31465003
Low-income countries,OWID_LIC,1997,0.3103995
Low-income countries,OWID_LIC,1998,0.3118969
Low-income countries,OWID_LIC,1999,0.29972574
Low-income countries,OWID_LIC,2000,0.2938176
Low-income countries,OWID_LIC,2001,0.28822237
Low-income countries,OWID_LIC,2002,0.28269827
Low-income countries,OWID_LIC,2003,0.2744603
Low-income countries,OWID_LIC,2004,0.2684969
Low-income countries,OWID_LIC,2005,0.26249695
Low-income countries,OWID_LIC,2006,0.2551122
Low-income countries,OWID_LIC,2007,0.24822675
Low-income countries,OWID_LIC,2008,0.24175812
Low-income countries,OWID_LIC,2009,0.24191336
Low-income countries,OWID_LIC,2010,0.23168078
Low-income countries,OWID_LIC,2011,0.23365127
Low-income countries,OWID_LIC,2012,0.22265969
Low-income countries,OWID_LIC,2013,0.2171005
Low-income countries,OWID_LIC,2014,0.21639918
Low-income countries,OWID_LIC,2015,0.21341126
Low-income countries,OWID_LIC,2016,0.20986564
Low-income countries,OWID_LIC,2017,0.20735423
Low-income countries,OWID_LIC,2018,0.19872871
Low-income countries,OWID_LIC,2019,0.19558783
Low-income countries,OWID_LIC,2020,0.18948898
Low-income countries,OWID_LIC,2021,0.19031425
Low-income countries,OWID_LIC,2022,0.19003738
Low-income countries,OWID_LIC,2023,0.18011242
Lower-middle-income countries,OWID_LMC,1950,0.43896022
Lower-middle-income countries,OWID_LMC,1951,0.43268707
Lower-middle-income countries,OWID_LMC,1952,0.42587784
Lower-middle-income countries,OWID_LMC,1953,0.42037213
Lower-middle-income countries,OWID_LMC,1954,0.4126121
Lower-middle-income countries,OWID_LMC,1955,0.40641713
Lower-middle-income countries,OWID_LMC,1956,0.4012545
Lower-middle-income countries,OWID_LMC,1957,0.39647
Lower-middle-income countries,OWID_LMC,1958,0.39150873
Lower-middle-income countries,OWID_LMC,1959,0.3861425
Lower-middle-income countries,OWID_LMC,1960,0.3820421
Lower-middle-income countries,OWID_LMC,1961,0.37805662
Lower-middle-income countries,OWID_LMC,1962,0.37394655
Lower-middle-income countries,OWID_LMC,1963,0.3701857
Lower-middle-income countries,OWID_LMC,1964,0.36573407
Lower-middle-income countries,OWID_LMC,1965,0.37012
Lower-middle-income countries,OWID_LMC,1966,0.3652579
Lower-middle-income countries,OWID_LMC,1967,0.36181504
Lower-middle-income countries,OWID_LMC,1968,0.35154137
Lower-middle-income countries,OWID_LMC,1969,0.34738442
Lower-middle-income countries,OWID_LMC,1970,0.34884676
Lower-middle-income countries,OWID_LMC,1971,0.3529143
Lower-middle-income countries,OWID_LMC,1972,0.3374169
Lower-middle-income countries,OWID_LMC,1973,0.3328589
Lower-middle-income countries,OWID_LMC,1974,0.32876137
Lower-middle-income countries,OWID_LMC,1975,0.32741696
Lower-middle-income countries,OWID_LMC,1976,0.3233876
Lower-middle-income countries,OWID_LMC,1977,0.31766438
Lower-middle-income countries,OWID_LMC,1978,0.3116185
Lower-middle-income countries,OWID_LMC,1979,0.30058664
Lower-middle-income countries,OWID_LMC,1980,0.29468983
Lower-middle-income countries,OWID_LMC,1981,0.2888835
Lower-middle-income countries,OWID_LMC,1982,0.283312
Lower-middle-income countries,OWID_LMC,1983,0.27793288
Lower-middle-income countries,OWID_LMC,1984,0.2729606
Lower-middle-income countries,OWID_LMC,1985,0.26867393
Lower-middle-income countries,OWID_LMC,1986,0.26434088
Lower-middle-income countries,OWID_LMC,1987,0.26057565
Lower-middle-income countries,OWID_LMC,1988,0.2568748
Lower-middle-income countries,OWID_LMC,1989,0.25334418
Lower-middle-income countries,OWID_LMC,1990,0.250762
Lower-middle-income countries,OWID_LMC,1991,0.24924506
Lower-middle-income countries,OWID_LMC,1992,0.24456972
Lower-middle-income countries,OWID_LMC,1993,0.24180545
Lower-middle-income countries,OWID_LMC,1994,0.23928253
Lower-middle-income countries,OWID_LMC,1995,0.23672451
Lower-middle-income countries,OWID_LMC,1996,0.23409835
Lower-middle-income countries,OWID_LMC,1997,0.23118123
Lower-middle-income countries,OWID_LMC,1998,0.22835746
Lower-middle-income countries,OWID_LMC,1999,0.22447492
Lower-middle-income countries,OWID_LMC,2000,0.2203704
Lower-middle-income countries,OWID_LMC,2001,0.21678376
Lower-middle-income countries,OWID_LMC,2002,0.21236095
Lower-middle-income countries,OWID_LMC,2003,0.20836468
Lower-middle-income countries,OWID_LMC,2004,0.20432205
Lower-middle-income countries,OWID_LMC,2005,0.20020805
Lower-middle-income countries,OWID_LMC,2006,0.19551276
Lower-middle-income countries,OWID_LMC,2007,0.19150837
Lower-middle-income countries,OWID_LMC,2008,0.18923719
Lower-middle-income countries,OWID_LMC,2009,0.18445891
Lower-middle-income countries,OWID_LMC,2010,0.18209136
Lower-middle-income countries,OWID_LMC,2011,0.17831379
Lower-middle-income countries,OWID_LMC,2012,0.17547582
Lower-middle-income countries,OWID_LMC,2013,0.17296772
Lower-middle-income countries,OWID_LMC,2014,0.17040601
Lower-middle-income countries,OWID_LMC,2015,0.16829938
Lower-middle-income countries,OWID_LMC,2016,0.16588551
Lower-middle-income countries,OWID_LMC,2017,0.16358319
Lower-middle-income countries,OWID_LMC,2018,0.16140671
Lower-middle-income countries,OWID_LMC,2019,0.15929373
Lower-middle-income countries,OWID_LMC,2020,0.15644072
Lower-middle-income countries,OWID_LMC,2021,0.1579415
Lower-middle-income countries,OWID_LMC,2022,0.15329948
Lower-middle-income countries,OWID_LMC,2023,0.15095834
Luxembourg,LUX,1950,0.1570666
Luxembourg,LUX,1951,0.15455242
Luxembourg,LUX,1952,0.15174428
Luxembourg,LUX,1953,0.14809005
Luxembourg,LUX,1954,0.1487125
Luxembourg,LUX,1955,0.14027804
Luxembourg,LUX,1956,0.14214961
Luxembourg,LUX,1957,0.14191453
Luxembourg,LUX,1958,0.13535175
Luxembourg,LUX,1959,0.13620012
Luxembourg,LUX,1960,0.124012016
Luxembourg,LUX,1961,0.13028912
Luxembourg,LUX,1962,0.12637646
Luxembourg,LUX,1963,0.12624776
Luxembourg,LUX,1964,0.12518284
Luxembourg,LUX,1965,0.11838662
Luxembourg,LUX,1966,0.13102035
Luxembourg,LUX,1967,0.1203784
Luxembourg,LUX,1968,0.11505855
Luxembourg,LUX,1969,0.11445689
Luxembourg,LUX,1970,0.129313
Luxembourg,LUX,1971,0.1203542
Luxembourg,LUX,1972,0.11682581
Luxembourg,LUX,1973,0.11270271
Luxembourg,LUX,1974,0.110425346
Luxembourg,LUX,1975,0.10981542
Luxembourg,LUX,1976,0.111663654
Luxembourg,LUX,1977,0.10721019
Luxembourg,LUX,1978,0.11047664
Luxembourg,LUX,1979,0.10612263
Luxembourg,LUX,1980,0.11109413
Luxembourg,LUX,1981,0.109149225
Luxembourg,LUX,1982,0.11059966
Luxembourg,LUX,1983,0.103298664
Luxembourg,LUX,1984,0.11118498
Luxembourg,LUX,1985,0.108650535
Luxembourg,LUX,1986,0.098071344
Luxembourg,LUX,1987,0.10113577
Luxembourg,LUX,1988,0.105765805
Luxembourg,LUX,1989,0.10262792
Luxembourg,LUX,1990,0.10607311
Luxembourg,LUX,1991,0.10575184
Luxembourg,LUX,1992,0.10424866
Luxembourg,LUX,1993,0.09667855
Luxembourg,LUX,1994,0.09969995
Luxembourg,LUX,1995,0.10357622
Luxembourg,LUX,1996,0.0986044
Luxembourg,LUX,1997,0.09976358
Luxembourg,LUX,1998,0.09610682
Luxembourg,LUX,1999,0.09763447
Luxembourg,LUX,2000,0.09683098
Luxembourg,LUX,2001,0.09717014
Luxembourg,LUX,2002,0.095104575
Luxembourg,LUX,2003,0.0952677
Luxembourg,LUX,2004,0.09347994
Luxembourg,LUX,2005,0.094366446
Luxembourg,LUX,2006,0.09224524
Luxembourg,LUX,2007,0.08811806
Luxembourg,LUX,2008,0.08820571
Luxembourg,LUX,2009,0.09521156
Luxembourg,LUX,2010,0.09060027
Luxembourg,LUX,2011,0.090667345
Luxembourg,LUX,2012,0.09038494
Luxembourg,LUX,2013,0.09147687
Luxembourg,LUX,2014,0.08842464
Luxembourg,LUX,2015,0.087503314
Luxembourg,LUX,2016,0.08685848
Luxembourg,LUX,2017,0.090349145
Luxembourg,LUX,2018,0.086788334
Luxembourg,LUX,2019,0.089738265
Luxembourg,LUX,2020,0.0879716
Luxembourg,LUX,2021,0.0885059
Luxembourg,LUX,2022,0.084593564
Luxembourg,LUX,2023,0.08636565
Macao,MAC,1950,0.22866964
Macao,MAC,1951,0.22382528
Macao,MAC,1952,0.2190394
Macao,MAC,1953,0.2147648
Macao,MAC,1954,0.20965928
Macao,MAC,1955,0.2046492
Macao,MAC,1956,0.1999849
Macao,MAC,1957,0.19282974
Macao,MAC,1958,0.18817136
Macao,MAC,1959,0.18351233
Macao,MAC,1960,0.17929398
Macao,MAC,1961,0.17482078
Macao,MAC,1962,0.16991422
Macao,MAC,1963,0.1658644
Macao,MAC,1964,0.16215132
Macao,MAC,1965,0.15801911
Macao,MAC,1966,0.15436184
Macao,MAC,1967,0.15048851
Macao,MAC,1968,0.14661346
Macao,MAC,1969,0.14307225
Macao,MAC,1970,0.1399529
Macao,MAC,1971,0.13617647
Macao,MAC,1972,0.13262542
Macao,MAC,1973,0.12934725
Macao,MAC,1974,0.12644951
Macao,MAC,1975,0.12343767
Macao,MAC,1976,0.1204351
Macao,MAC,1977,0.11791933
Macao,MAC,1978,0.11542699
Macao,MAC,1979,0.11285189
Macao,MAC,1980,0.11046998
Macao,MAC,1981,0.108046554
Macao,MAC,1982,0.10597559
Macao,MAC,1983,0.10395108
Macao,MAC,1984,0.10190723
Macao,MAC,1985,0.09981323
Macao,MAC,1986,0.0980397
Macao,MAC,1987,0.09612381
Macao,MAC,1988,0.09438886
Macao,MAC,1989,0.09256228
Macao,MAC,1990,0.091007024
Macao,MAC,1991,0.08941168
Macao,MAC,1992,0.08782039
Macao,MAC,1993,0.08628447
Macao,MAC,1994,0.084754504
Macao,MAC,1995,0.08328959
Macao,MAC,1996,0.08228314
Macao,MAC,1997,0.08037176
Macao,MAC,1998,0.07916083
Macao,MAC,1999,0.07793878
Macao,MAC,2000,0.076779775
Macao,MAC,2001,0.07570462
Macao,MAC,2002,0.074706785
Macao,MAC,2003,0.07392765
Macao,MAC,2004,0.07299432
Macao,MAC,2005,0.07239301
Macao,MAC,2006,0.071545355
Macao,MAC,2007,0.07063639
Macao,MAC,2008,0.06986124
Macao,MAC,2009,0.06889212
Macao,MAC,2010,0.06813335
Macao,MAC,2011,0.06754011
Macao,MAC,2012,0.06683434
Macao,MAC,2013,0.06619986
Macao,MAC,2014,0.06566468
Macao,MAC,2015,0.06505721
Macao,MAC,2016,0.06457191
Macao,MAC,2017,0.06510893
Macao,MAC,2018,0.063953154
Macao,MAC,2019,0.06392508
Macao,MAC,2020,0.06648793
Macao,MAC,2021,0.06404543
Macao,MAC,2022,0.0576193
Macao,MAC,2023,0.06349253
Madagascar,MDG,1950,0.41520172
Madagascar,MDG,1951,0.41343915
Madagascar,MDG,1952,0.40950385
Madagascar,MDG,1953,0.4065294
Madagascar,MDG,1954,0.40289074
Madagascar,MDG,1955,0.39993358
Madagascar,MDG,1956,0.39599425
Madagascar,MDG,1957,0.3920545
Madagascar,MDG,1958,0.3886154
Madagascar,MDG,1959,0.38456988
Madagascar,MDG,1960,0.38104236
Madagascar,MDG,1961,0.37732923
Madagascar,MDG,1962,0.37394297
Madagascar,MDG,1963,0.36998132
Madagascar,MDG,1964,0.3664414
Madagascar,MDG,1965,0.3628266
Madagascar,MDG,1966,0.3576716
Madagascar,MDG,1967,0.3538012
Madagascar,MDG,1968,0.34912202
Madagascar,MDG,1969,0.3460851
Madagascar,MDG,1970,0.34143278
Madagascar,MDG,1971,0.33848524
Madagascar,MDG,1972,0.33672324
Madagascar,MDG,1973,0.3332986
Madagascar,MDG,1974,0.32997307
Madagascar,MDG,1975,0.32786384
Madagascar,MDG,1976,0.32648566
Madagascar,MDG,1977,0.3256654
Madagascar,MDG,1978,0.325664
Madagascar,MDG,1979,0.32548642
Madagascar,MDG,1980,0.32682267
Madagascar,MDG,1981,0.32787108
Madagascar,MDG,1982,0.32644197
Madagascar,MDG,1983,0.32742697
Madagascar,MDG,1984,0.3269384
Madagascar,MDG,1985,0.32496756
Madagascar,MDG,1986,0.32206056
Madagascar,MDG,1987,0.3167657
Madagascar,MDG,1988,0.3122056
Madagascar,MDG,1989,0.30830497
Madagascar,MDG,1990,0.3047054
Madagascar,MDG,1991,0.30039272
Madagascar,MDG,1992,0.29613283
Madagascar,MDG,1993,0.28914854
Madagascar,MDG,1994,0.28404328
Madagascar,MDG,1995,0.27797142
Madagascar,MDG,1996,0.27215955
Madagascar,MDG,1997,0.26673993
Madagascar,MDG,1998,0.26078957
Madagascar,MDG,1999,0.255475
Madagascar,MDG,2000,0.2514084
Madagascar,MDG,2001,0.2446296
Madagascar,MDG,2002,0.23977898
Madagascar,MDG,2003,0.23412088
Madagascar,MDG,2004,0.22940932
Madagascar,MDG,2005,0.22439641
Madagascar,MDG,2006,0.21970148
Madagascar,MDG,2007,0.21575606
Madagascar,MDG,2008,0.21125506
Madagascar,MDG,2009,0.2080971
Madagascar,MDG,2010,0.20515269
Madagascar,MDG,2011,0.20252468
Madagascar,MDG,2012,0.20081426
Madagascar,MDG,2013,0.19936405
Madagascar,MDG,2014,0.19828537
Madagascar,MDG,2015,0.19766526
Madagascar,MDG,2016,0.19712092
Madagascar,MDG,2017,0.1971334
Madagascar,MDG,2018,0.19674286
Madagascar,MDG,2019,0.19646205
Madagascar,MDG,2020,0.1958709
Madagascar,MDG,2021,0.19756421
Madagascar,MDG,2022,0.19633593
Madagascar,MDG,2023,0.19481876
Malawi,MWI,1950,0.51744485
Malawi,MWI,1951,0.5157895
Malawi,MWI,1952,0.51407063
Malawi,MWI,1953,0.51231486
Malawi,MWI,1954,0.51028717
Malawi,MWI,1955,0.50832534
Malawi,MWI,1956,0.50610054
Malawi,MWI,1957,0.50372344
Malawi,MWI,1958,0.5011105
Malawi,MWI,1959,0.49880818
Malawi,MWI,1960,0.49660313
Malawi,MWI,1961,0.49487218
Malawi,MWI,1962,0.49328202
Malawi,MWI,1963,0.49180186
Malawi,MWI,1964,0.490646
Malawi,MWI,1965,0.4893952
Malawi,MWI,1966,0.48765394
Malawi,MWI,1967,0.4856629
Malawi,MWI,1968,0.483788
Malawi,MWI,1969,0.48095834
Malawi,MWI,1970,0.47716227
Malawi,MWI,1971,0.47242212
Malawi,MWI,1972,0.46657595
Malawi,MWI,1973,0.4595579
Malawi,MWI,1974,0.45144403
Malawi,MWI,1975,0.44219768
Malawi,MWI,1976,0.4322229
Malawi,MWI,1977,0.4220283
Malawi,MWI,1978,0.4105021
Malawi,MWI,1979,0.40314224
Malawi,MWI,1980,0.39496052
Malawi,MWI,1981,0.39012057
Malawi,MWI,1982,0.38895965
Malawi,MWI,1983,0.38790497
Malawi,MWI,1984,0.38866207
Malawi,MWI,1985,0.39058214
Malawi,MWI,1986,0.3926791
Malawi,MWI,1987,0.39501336
Malawi,MWI,1988,0.39628866
Malawi,MWI,1989,0.39495233
Malawi,MWI,1990,0.39261547
Malawi,MWI,1991,0.38963965
Malawi,MWI,1992,0.38517052
Malawi,MWI,1993,0.3815623
Malawi,MWI,1994,0.37673044
Malawi,MWI,1995,0.37264913
Malawi,MWI,1996,0.3674305
Malawi,MWI,1997,0.3616364
Malawi,MWI,1998,0.35571435
Malawi,MWI,1999,0.34702367
Malawi,MWI,2000,0.33580628
Malawi,MWI,2001,0.32412285
Malawi,MWI,2002,0.31371936
Malawi,MWI,2003,0.2993747
Malawi,MWI,2004,0.28667307
Malawi,MWI,2005,0.27455917
Malawi,MWI,2006,0.26459375
Malawi,MWI,2007,0.2566789
Malawi,MWI,2008,0.24694541
Malawi,MWI,2009,0.2387548
Malawi,MWI,2010,0.22853956
Malawi,MWI,2011,0.21852401
Malawi,MWI,2012,0.20900168
Malawi,MWI,2013,0.19950768
Malawi,MWI,2014,0.19178304
Malawi,MWI,2015,0.18530162
Malawi,MWI,2016,0.17842868
Malawi,MWI,2017,0.17278147
Malawi,MWI,2018,0.16703264
Malawi,MWI,2019,0.16357347
Malawi,MWI,2020,0.15824486
Malawi,MWI,2021,0.15668184
Malawi,MWI,2022,0.15254377
Malawi,MWI,2023,0.14769576
Malaysia,MYS,1950,0.30981675
Malaysia,MYS,1951,0.29957768
Malaysia,MYS,1952,0.29038143
Malaysia,MYS,1953,0.28163075
Malaysia,MYS,1954,0.27335304
Malaysia,MYS,1955,0.26542783
Malaysia,MYS,1956,0.25696793
Malaysia,MYS,1957,0.24828516
Malaysia,MYS,1958,0.239137
Malaysia,MYS,1959,0.23072499
Malaysia,MYS,1960,0.22254312
Malaysia,MYS,1961,0.21468422
Malaysia,MYS,1962,0.20718679
Malaysia,MYS,1963,0.20012668
Malaysia,MYS,1964,0.19387226
Malaysia,MYS,1965,0.18789226
Malaysia,MYS,1966,0.18330783
Malaysia,MYS,1967,0.17905991
Malaysia,MYS,1968,0.17507443
Malaysia,MYS,1969,0.17109513
Malaysia,MYS,1970,0.16799335
Malaysia,MYS,1971,0.16437101
Malaysia,MYS,1972,0.16090569
Malaysia,MYS,1973,0.15741299
Malaysia,MYS,1974,0.15394427
Malaysia,MYS,1975,0.15052615
Malaysia,MYS,1976,0.14603776
Malaysia,MYS,1977,0.14183624
Malaysia,MYS,1978,0.13802588
Malaysia,MYS,1979,0.13554305
Malaysia,MYS,1980,0.13366178
Malaysia,MYS,1981,0.13182765
Malaysia,MYS,1982,0.12992775
Malaysia,MYS,1983,0.12760092
Malaysia,MYS,1984,0.12499629
Malaysia,MYS,1985,0.12249462
Malaysia,MYS,1986,0.12030793
Malaysia,MYS,1987,0.11863932
Malaysia,MYS,1988,0.117321156
Malaysia,MYS,1989,0.115943104
Malaysia,MYS,1990,0.11460142
Malaysia,MYS,1991,0.113536656
Malaysia,MYS,1992,0.11222627
Malaysia,MYS,1993,0.11102789
Malaysia,MYS,1994,0.10890537
Malaysia,MYS,1995,0.107791804
Malaysia,MYS,1996,0.10745488
Malaysia,MYS,1997,0.10661553
Malaysia,MYS,1998,0.105926715
Malaysia,MYS,1999,0.1050111
Malaysia,MYS,2000,0.10396302
Malaysia,MYS,2001,0.10311671
Malaysia,MYS,2002,0.102664
Malaysia,MYS,2003,0.10236375
Malaysia,MYS,2004,0.102455564
Malaysia,MYS,2005,0.10245724
Malaysia,MYS,2006,0.10301862
Malaysia,MYS,2007,0.10387727
Malaysia,MYS,2008,0.10366498
Malaysia,MYS,2009,0.10321313
Malaysia,MYS,2010,0.10257861
Malaysia,MYS,2011,0.102450185
Malaysia,MYS,2012,0.10210564
Malaysia,MYS,2013,0.10146912
Malaysia,MYS,2014,0.10093507
Malaysia,MYS,2015,0.10064829
Malaysia,MYS,2016,0.100616015
Malaysia,MYS,2017,0.10073015
Malaysia,MYS,2018,0.100791425
Malaysia,MYS,2019,0.10085332
Malaysia,MYS,2020,0.10066445
Malaysia,MYS,2021,0.1015949
Malaysia,MYS,2022,0.100900635
Malaysia,MYS,2023,0.10105432
Maldives,MDV,1950,0.48858058
Maldives,MDV,1951,0.48372614
Maldives,MDV,1952,0.48423055
Maldives,MDV,1953,0.48447958
Maldives,MDV,1954,0.48408616
Maldives,MDV,1955,0.48303038
Maldives,MDV,1956,0.48116922
Maldives,MDV,1957,0.4786833
Maldives,MDV,1958,0.47555006
Maldives,MDV,1959,0.47183573
Maldives,MDV,1960,0.46750614
Maldives,MDV,1961,0.462669
Maldives,MDV,1962,0.45740998
Maldives,MDV,1963,0.451545
Maldives,MDV,1964,0.44512707
Maldives,MDV,1965,0.43835416
Maldives,MDV,1966,0.43114597
Maldives,MDV,1967,0.42341375
Maldives,MDV,1968,0.41505694
Maldives,MDV,1969,0.4060517
Maldives,MDV,1970,0.39632028
Maldives,MDV,1971,0.3859568
Maldives,MDV,1972,0.37466437
Maldives,MDV,1973,0.36272117
Maldives,MDV,1974,0.35027432
Maldives,MDV,1975,0.3376955
Maldives,MDV,1976,0.32521218
Maldives,MDV,1977,0.31318438
Maldives,MDV,1978,0.3236302
Maldives,MDV,1979,0.2909996
Maldives,MDV,1980,0.28078315
Maldives,MDV,1981,0.27096304
Maldives,MDV,1982,0.26147205
Maldives,MDV,1983,0.252195
Maldives,MDV,1984,0.24324575
Maldives,MDV,1985,0.23463051
Maldives,MDV,1986,0.22642611
Maldives,MDV,1987,0.21846974
Maldives,MDV,1988,0.21068582
Maldives,MDV,1989,0.20319597
Maldives,MDV,1990,0.19588311
Maldives,MDV,1991,0.18858445
Maldives,MDV,1992,0.1812607
Maldives,MDV,1993,0.17400002
Maldives,MDV,1994,0.16667451
Maldives,MDV,1995,0.15956968
Maldives,MDV,1996,0.15264548
Maldives,MDV,1997,0.14620005
Maldives,MDV,1998,0.13997848
Maldives,MDV,1999,0.13298774
Maldives,MDV,2000,0.12698644
Maldives,MDV,2001,0.12058261
Maldives,MDV,2002,0.115933955
Maldives,MDV,2003,0.10997339
Maldives,MDV,2004,0.116891384
Maldives,MDV,2005,0.10080303
Maldives,MDV,2006,0.09782757
Maldives,MDV,2007,0.09525057
Maldives,MDV,2008,0.09396837
Maldives,MDV,2009,0.092495166
Maldives,MDV,2010,0.09065476
Maldives,MDV,2011,0.088918
Maldives,MDV,2012,0.086976886
Maldives,MDV,2013,0.08506792
Maldives,MDV,2014,0.08378882
Maldives,MDV,2015,0.082270585
Maldives,MDV,2016,0.08144139
Maldives,MDV,2017,0.079849765
Maldives,MDV,2018,0.078403465
Maldives,MDV,2019,0.077608794
Maldives,MDV,2020,0.07423759
Maldives,MDV,2021,0.077741005
Maldives,MDV,2022,0.073279284
Maldives,MDV,2023,0.072173774
Mali,MLI,1950,0.56044084
Mali,MLI,1951,0.55788684
Mali,MLI,1952,0.5547088
Mali,MLI,1953,0.55250025
Mali,MLI,1954,0.55075556
Mali,MLI,1955,0.5484828
Mali,MLI,1956,0.54667526
Mali,MLI,1957,0.54403603
Mali,MLI,1958,0.54240185
Mali,MLI,1959,0.5410926
Mali,MLI,1960,0.5392953
Mali,MLI,1961,0.53750646
Mali,MLI,1962,0.53479666
Mali,MLI,1963,0.5326564
Mali,MLI,1964,0.5304341
Mali,MLI,1965,0.52681226
Mali,MLI,1966,0.5237838
Mali,MLI,1967,0.5193848
Mali,MLI,1968,0.51474166
Mali,MLI,1969,0.5107964
Mali,MLI,1970,0.50500166
Mali,MLI,1971,0.50036806
Mali,MLI,1972,0.49271265
Mali,MLI,1973,0.4860268
Mali,MLI,1974,0.47914383
Mali,MLI,1975,0.47251344
Mali,MLI,1976,0.46588737
Mali,MLI,1977,0.45854986
Mali,MLI,1978,0.45114312
Mali,MLI,1979,0.443427
Mali,MLI,1980,0.43527502
Mali,MLI,1981,0.42746976
Mali,MLI,1982,0.41908324
Mali,MLI,1983,0.4090903
Mali,MLI,1984,0.4018234
Mali,MLI,1985,0.3955131
Mali,MLI,1986,0.3886238
Mali,MLI,1987,0.38220096
Mali,MLI,1988,0.37748387
Mali,MLI,1989,0.37324733
Mali,MLI,1990,0.37038052
Mali,MLI,1991,0.3667253
Mali,MLI,1992,0.36244163
Mali,MLI,1993,0.35877472
Mali,MLI,1994,0.3537524
Mali,MLI,1995,0.34932694
Mali,MLI,1996,0.3463334
Mali,MLI,1997,0.340072
Mali,MLI,1998,0.33430845
Mali,MLI,1999,0.32921132
Mali,MLI,2000,0.32579
Mali,MLI,2001,0.3183498
Mali,MLI,2002,0.31084946
Mali,MLI,2003,0.3038638
Mali,MLI,2004,0.2968571
Mali,MLI,2005,0.29085308
Mali,MLI,2006,0.2852465
Mali,MLI,2007,0.28012288
Mali,MLI,2008,0.27505752
Mali,MLI,2009,0.2707586
Mali,MLI,2010,0.2662377
Mali,MLI,2011,0.26195213
Mali,MLI,2012,0.25770846
Mali,MLI,2013,0.25348368
Mali,MLI,2014,0.24948701
Mali,MLI,2015,0.24555904
Mali,MLI,2016,0.24168295
Mali,MLI,2017,0.23799366
Mali,MLI,2018,0.23423398
Mali,MLI,2019,0.23056193
Mali,MLI,2020,0.22676846
Mali,MLI,2021,0.22492479
Mali,MLI,2022,0.21992262
Mali,MLI,2023,0.21622035
Malta,MLT,1950,0.17280342
Malta,MLT,1951,0.16866936
Malta,MLT,1952,0.16978097
Malta,MLT,1953,0.16402541
Malta,MLT,1954,0.15949722
Malta,MLT,1955,0.14436479
Malta,MLT,1956,0.1395734
Malta,MLT,1957,0.13084057
Malta,MLT,1958,0.1257361
Malta,MLT,1959,0.12204263
Malta,MLT,1960,0.12242645
Malta,MLT,1961,0.1199496
Malta,MLT,1962,0.119896986
Malta,MLT,1963,0.11937818
Malta,MLT,1964,0.11800213
Malta,MLT,1965,0.11533655
Malta,MLT,1966,0.11465684
Malta,MLT,1967,0.111362085
Malta,MLT,1968,0.10910153
Malta,MLT,1969,0.10769516
Malta,MLT,1970,0.106652506
Malta,MLT,1971,0.10520028
Malta,MLT,1972,0.10483333
Malta,MLT,1973,0.10426893
Malta,MLT,1974,0.101152785
Malta,MLT,1975,0.09801922
Malta,MLT,1976,0.09719023
Malta,MLT,1977,0.095084496
Malta,MLT,1978,0.09390668
Malta,MLT,1979,0.09361227
Malta,MLT,1980,0.09475524
Malta,MLT,1981,0.09395306
Malta,MLT,1982,0.09395118
Malta,MLT,1983,0.09234552
Malta,MLT,1984,0.0917724
Malta,MLT,1985,0.0891956
Malta,MLT,1986,0.088400066
Malta,MLT,1987,0.08695727
Malta,MLT,1988,0.08651036
Malta,MLT,1989,0.0860439
Malta,MLT,1990,0.08689279
Malta,MLT,1991,0.0859095
Malta,MLT,1992,0.0853239
Malta,MLT,1993,0.084151864
Malta,MLT,1994,0.085324496
Malta,MLT,1995,0.08428661
Malta,MLT,1996,0.09163439
Malta,MLT,1997,0.08780968
Malta,MLT,1998,0.08526631
Malta,MLT,1999,0.08793023
Malta,MLT,2000,0.085308425
Malta,MLT,2001,0.08185169
Malta,MLT,2002,0.083075084
Malta,MLT,2003,0.0837543
Malta,MLT,2004,0.08344268
Malta,MLT,2005,0.084364176
Malta,MLT,2006,0.0823496
Malta,MLT,2007,0.08795441
Malta,MLT,2008,0.08459642
Malta,MLT,2009,0.08478065
Malta,MLT,2010,0.08379676
Malta,MLT,2011,0.08656328
Malta,MLT,2012,0.085298404
Malta,MLT,2013,0.08128804
Malta,MLT,2014,0.084113374
Malta,MLT,2015,0.0845432
Malta,MLT,2016,0.087026976
Malta,MLT,2017,0.0870928
Malta,MLT,2018,0.08606907
Malta,MLT,2019,0.08836513
Malta,MLT,2020,0.08108139
Malta,MLT,2021,0.08411148
Malta,MLT,2022,0.08795809
Malta,MLT,2023,0.086714946
Marshall Islands,MHL,1950,0.26528245
Marshall Islands,MHL,1951,0.2648175
Marshall Islands,MHL,1952,0.2643402
Marshall Islands,MHL,1953,0.26377222
Marshall Islands,MHL,1954,0.26307806
Marshall Islands,MHL,1955,0.26215902
Marshall Islands,MHL,1956,0.2607687
Marshall Islands,MHL,1957,0.25892714
Marshall Islands,MHL,1958,0.25639772
Marshall Islands,MHL,1959,0.25318405
Marshall Islands,MHL,1960,0.24931437
Marshall Islands,MHL,1961,0.24458393
Marshall Islands,MHL,1962,0.23964448
Marshall Islands,MHL,1963,0.23447745
Marshall Islands,MHL,1964,0.22919759
Marshall Islands,MHL,1965,0.22418459
Marshall Islands,MHL,1966,0.21911311
Marshall Islands,MHL,1967,0.21430878
Marshall Islands,MHL,1968,0.2095982
Marshall Islands,MHL,1969,0.20544885
Marshall Islands,MHL,1970,0.20169353
Marshall Islands,MHL,1971,0.19834247
Marshall Islands,MHL,1972,0.19564165
Marshall Islands,MHL,1973,0.19308683
Marshall Islands,MHL,1974,0.19115254
Marshall Islands,MHL,1975,0.18977754
Marshall Islands,MHL,1976,0.18850361
Marshall Islands,MHL,1977,0.1871761
Marshall Islands,MHL,1978,0.18593408
Marshall Islands,MHL,1979,0.18454847
Marshall Islands,MHL,1980,0.18304117
Marshall Islands,MHL,1981,0.18145615
Marshall Islands,MHL,1982,0.17987289
Marshall Islands,MHL,1983,0.17834911
Marshall Islands,MHL,1984,0.17712937
Marshall Islands,MHL,1985,0.17631856
Marshall Islands,MHL,1986,0.17598891
Marshall Islands,MHL,1987,0.17619854
Marshall Islands,MHL,1988,0.17690873
Marshall Islands,MHL,1989,0.17783535
Marshall Islands,MHL,1990,0.17878482
Marshall Islands,MHL,1991,0.17952703
Marshall Islands,MHL,1992,0.17990783
Marshall Islands,MHL,1993,0.17966229
Marshall Islands,MHL,1994,0.17902477
Marshall Islands,MHL,1995,0.17790106
Marshall Islands,MHL,1996,0.17617038
Marshall Islands,MHL,1997,0.17413963
Marshall Islands,MHL,1998,0.17211725
Marshall Islands,MHL,1999,0.17026798
Marshall Islands,MHL,2000,0.1715049
Marshall Islands,MHL,2001,0.16816911
Marshall Islands,MHL,2002,0.16786718
Marshall Islands,MHL,2003,0.16783468
Marshall Islands,MHL,2004,0.16795266
Marshall Islands,MHL,2005,0.16813533
Marshall Islands,MHL,2006,0.16823682
Marshall Islands,MHL,2007,0.16825922
Marshall Islands,MHL,2008,0.16790019
Marshall Islands,MHL,2009,0.16729042
Marshall Islands,MHL,2010,0.16645929
Marshall Islands,MHL,2011,0.16534582
Marshall Islands,MHL,2012,0.16422926
Marshall Islands,MHL,2013,0.16302145
Marshall Islands,MHL,2014,0.16181155
Marshall Islands,MHL,2015,0.16032748
Marshall Islands,MHL,2016,0.15886542
Marshall Islands,MHL,2017,0.15736079
Marshall Islands,MHL,2018,0.15582725
Marshall Islands,MHL,2019,0.15427862
Marshall Islands,MHL,2020,0.15361337
Marshall Islands,MHL,2021,0.15418455
Marshall Islands,MHL,2022,0.14973445
Marshall Islands,MHL,2023,0.14828005
Martinique,MTQ,1950,0.23572998
Martinique,MTQ,1951,0.23445354
Martinique,MTQ,1952,0.23040946
Martinique,MTQ,1953,0.2207868
Martinique,MTQ,1954,0.21511896
Martinique,MTQ,1955,0.212537
Martinique,MTQ,1956,0.20556062
Martinique,MTQ,1957,0.20143534
Martinique,MTQ,1958,0.1993168
Martinique,MTQ,1959,0.19413553
Martinique,MTQ,1960,0.19104403
Martinique,MTQ,1961,0.18596253
Martinique,MTQ,1962,0.18429254
Martinique,MTQ,1963,0.18070295
Martinique,MTQ,1964,0.17668775
Martinique,MTQ,1965,0.17134973
Martinique,MTQ,1966,0.16846913
Martinique,MTQ,1967,0.16507944
Martinique,MTQ,1968,0.16026036
Martinique,MTQ,1969,0.15734664
Martinique,MTQ,1970,0.158005
Martinique,MTQ,1971,0.14822535
Martinique,MTQ,1972,0.14466037
Martinique,MTQ,1973,0.14113937
Martinique,MTQ,1974,0.13765252
Martinique,MTQ,1975,0.13413624
Martinique,MTQ,1976,0.13086157
Martinique,MTQ,1977,0.12775445
Martinique,MTQ,1978,0.12462383
Martinique,MTQ,1979,0.12169589
Martinique,MTQ,1980,0.11899872
Martinique,MTQ,1981,0.11631245
Martinique,MTQ,1982,0.11376854
Martinique,MTQ,1983,0.11132979
Martinique,MTQ,1984,0.109097965
Martinique,MTQ,1985,0.10712296
Martinique,MTQ,1986,0.105264954
Martinique,MTQ,1987,0.10350388
Martinique,MTQ,1988,0.10182368
Martinique,MTQ,1989,0.100022845
Martinique,MTQ,1990,0.099489085
Martinique,MTQ,1991,0.0968544
Martinique,MTQ,1992,0.0956935
Martinique,MTQ,1993,0.09478338
Martinique,MTQ,1994,0.09359218
Martinique,MTQ,1995,0.092619374
Martinique,MTQ,1996,0.09164288
Martinique,MTQ,1997,0.09079194
Martinique,MTQ,1998,0.08997872
Martinique,MTQ,1999,0.08920224
Martinique,MTQ,2000,0.088306524
Martinique,MTQ,2001,0.08819411
Martinique,MTQ,2002,0.08741116
Martinique,MTQ,2003,0.08641442
Martinique,MTQ,2004,0.08611395
Martinique,MTQ,2005,0.085795574
Martinique,MTQ,2006,0.085346915
Martinique,MTQ,2007,0.08607189
Martinique,MTQ,2008,0.08511783
Martinique,MTQ,2009,0.08404202
Martinique,MTQ,2010,0.08502166
Martinique,MTQ,2011,0.08386798
Martinique,MTQ,2012,0.08335376
Martinique,MTQ,2013,0.08308123
Martinique,MTQ,2014,0.083108656
Martinique,MTQ,2015,0.08274705
Martinique,MTQ,2016,0.0823682
Martinique,MTQ,2017,0.08221888
Martinique,MTQ,2018,0.08205074
Martinique,MTQ,2019,0.081846155
Martinique,MTQ,2020,0.08983175
Martinique,MTQ,2021,0.093197934
Martinique,MTQ,2022,0.08946756
Martinique,MTQ,2023,0.08164238
Mauritania,MRT,1950,0.455975
Mauritania,MRT,1951,0.45096448
Mauritania,MRT,1952,0.44597402
Mauritania,MRT,1953,0.44130692
Mauritania,MRT,1954,0.43584302
Mauritania,MRT,1955,0.4303932
Mauritania,MRT,1956,0.42475772
Mauritania,MRT,1957,0.4181062
Mauritania,MRT,1958,0.41246048
Mauritania,MRT,1959,0.40606356
Mauritania,MRT,1960,0.3982622
Mauritania,MRT,1961,0.3903608
Mauritania,MRT,1962,0.3824418
Mauritania,MRT,1963,0.37381986
Mauritania,MRT,1964,0.36509258
Mauritania,MRT,1965,0.35648778
Mauritania,MRT,1966,0.34800103
Mauritania,MRT,1967,0.3396824
Mauritania,MRT,1968,0.33159113
Mauritania,MRT,1969,0.32523042
Mauritania,MRT,1970,0.32073864
Mauritania,MRT,1971,0.31848958
Mauritania,MRT,1972,0.31576023
Mauritania,MRT,1973,0.31409836
Mauritania,MRT,1974,0.31120127
Mauritania,MRT,1975,0.30826086
Mauritania,MRT,1976,0.30546457
Mauritania,MRT,1977,0.30234712
Mauritania,MRT,1978,0.29866385
Mauritania,MRT,1979,0.29390118
Mauritania,MRT,1980,0.2892826
Mauritania,MRT,1981,0.28410894
Mauritania,MRT,1982,0.2783812
Mauritania,MRT,1983,0.27353927
Mauritania,MRT,1984,0.26747906
Mauritania,MRT,1985,0.261375
Mauritania,MRT,1986,0.25632745
Mauritania,MRT,1987,0.25010055
Mauritania,MRT,1988,0.2450506
Mauritania,MRT,1989,0.24245153
Mauritania,MRT,1990,0.23921965
Mauritania,MRT,1991,0.23732099
Mauritania,MRT,1992,0.23485285
Mauritania,MRT,1993,0.23347282
Mauritania,MRT,1994,0.23244974
Mauritania,MRT,1995,0.23130284
Mauritania,MRT,1996,0.23050681
Mauritania,MRT,1997,0.2250924
Mauritania,MRT,1998,0.219363
Mauritania,MRT,1999,0.21442823
Mauritania,MRT,2000,0.20868407
Mauritania,MRT,2001,0.20231791
Mauritania,MRT,2002,0.19620179
Mauritania,MRT,2003,0.19018179
Mauritania,MRT,2004,0.18482974
Mauritania,MRT,2005,0.17909697
Mauritania,MRT,2006,0.17365347
Mauritania,MRT,2007,0.1696275
Mauritania,MRT,2008,0.16612814
Mauritania,MRT,2009,0.16344891
Mauritania,MRT,2010,0.1619054
Mauritania,MRT,2011,0.16068298
Mauritania,MRT,2012,0.16021992
Mauritania,MRT,2013,0.15929537
Mauritania,MRT,2014,0.15733296
Mauritania,MRT,2015,0.15545931
Mauritania,MRT,2016,0.15368667
Mauritania,MRT,2017,0.1522005
Mauritania,MRT,2018,0.14985313
Mauritania,MRT,2019,0.14795512
Mauritania,MRT,2020,0.14640155
Mauritania,MRT,2021,0.14675967
Mauritania,MRT,2022,0.14235055
Mauritania,MRT,2023,0.14069298
Mauritius,MUS,1950,0.27686808
Mauritius,MUS,1951,0.27073893
Mauritius,MUS,1952,0.27629977
Mauritius,MUS,1953,0.28672698
Mauritius,MUS,1954,0.28041056
Mauritius,MUS,1955,0.26242667
Mauritius,MUS,1956,0.24588333
Mauritius,MUS,1957,0.24218708
Mauritius,MUS,1958,0.23883432
Mauritius,MUS,1959,0.23197763
Mauritius,MUS,1960,0.22527201
Mauritius,MUS,1961,0.21572982
Mauritius,MUS,1962,0.2084204
Mauritius,MUS,1963,0.20328562
Mauritius,MUS,1964,0.20345369
Mauritius,MUS,1965,0.20307751
Mauritius,MUS,1966,0.20480521
Mauritius,MUS,1967,0.20944639
Mauritius,MUS,1968,0.20722462
Mauritius,MUS,1969,0.20008191
Mauritius,MUS,1970,0.18705167
Mauritius,MUS,1971,0.184078
Mauritius,MUS,1972,0.18528195
Mauritius,MUS,1973,0.18386003
Mauritius,MUS,1974,0.17370138
Mauritius,MUS,1975,0.1638606
Mauritius,MUS,1976,0.16015737
Mauritius,MUS,1977,0.15345116
Mauritius,MUS,1978,0.14965583
Mauritius,MUS,1979,0.14470999
Mauritius,MUS,1980,0.14428158
Mauritius,MUS,1981,0.14062946
Mauritius,MUS,1982,0.13533284
Mauritius,MUS,1983,0.12982473
Mauritius,MUS,1984,0.12748373
Mauritius,MUS,1985,0.12701678
Mauritius,MUS,1986,0.12715627
Mauritius,MUS,1987,0.12643391
Mauritius,MUS,1988,0.1241334
Mauritius,MUS,1989,0.12216792
Mauritius,MUS,1990,0.11971635
Mauritius,MUS,1991,0.11928375
Mauritius,MUS,1992,0.11924925
Mauritius,MUS,1993,0.11866195
Mauritius,MUS,1994,0.11784704
Mauritius,MUS,1995,0.11594625
Mauritius,MUS,1996,0.1154301
Mauritius,MUS,1997,0.11359913
Mauritius,MUS,1998,0.113665044
Mauritius,MUS,1999,0.11332175
Mauritius,MUS,2000,0.11356006
Mauritius,MUS,2001,0.11234969
Mauritius,MUS,2002,0.11250841
Mauritius,MUS,2003,0.11173172
Mauritius,MUS,2004,0.1106232
Mauritius,MUS,2005,0.10938266
Mauritius,MUS,2006,0.109401554
Mauritius,MUS,2007,0.1083364
Mauritius,MUS,2008,0.10801046
Mauritius,MUS,2009,0.10755222
Mauritius,MUS,2010,0.10968773
Mauritius,MUS,2011,0.10994207
Mauritius,MUS,2012,0.10875792
Mauritius,MUS,2013,0.109396644
Mauritius,MUS,2014,0.11007937
Mauritius,MUS,2015,0.1108112
Mauritius,MUS,2016,0.10994535
Mauritius,MUS,2017,0.10936623
Mauritius,MUS,2018,0.11066345
Mauritius,MUS,2019,0.11124423
Mauritius,MUS,2020,0.10809592
Mauritius,MUS,2021,0.111077175
Mauritius,MUS,2022,0.10800611
Mauritius,MUS,2023,0.10966884
Mayotte,MYT,1950,0.4159751
Mayotte,MYT,1951,0.39907593
Mayotte,MYT,1952,0.3830279
Mayotte,MYT,1953,0.36683804
Mayotte,MYT,1954,0.35099158
Mayotte,MYT,1955,0.33498445
Mayotte,MYT,1956,0.32034886
Mayotte,MYT,1957,0.30548722
Mayotte,MYT,1958,0.29211336
Mayotte,MYT,1959,0.2800221
Mayotte,MYT,1960,0.26905093
Mayotte,MYT,1961,0.25852796
Mayotte,MYT,1962,0.24870595
Mayotte,MYT,1963,0.23927034
Mayotte,MYT,1964,0.22977479
Mayotte,MYT,1965,0.22053787
Mayotte,MYT,1966,0.21185717
Mayotte,MYT,1967,0.20338842
Mayotte,MYT,1968,0.19556452
Mayotte,MYT,1969,0.18835217
Mayotte,MYT,1970,0.18109405
Mayotte,MYT,1971,0.1747179
Mayotte,MYT,1972,0.16843076
Mayotte,MYT,1973,0.16278867
Mayotte,MYT,1974,0.15724084
Mayotte,MYT,1975,0.1519463
Mayotte,MYT,1976,0.14736617
Mayotte,MYT,1977,0.14275154
Mayotte,MYT,1978,0.13856292
Mayotte,MYT,1979,0.13467993
Mayotte,MYT,1980,0.13082321
Mayotte,MYT,1981,0.12737714
Mayotte,MYT,1982,0.12394683
Mayotte,MYT,1983,0.121243104
Mayotte,MYT,1984,0.1186568
Mayotte,MYT,1985,0.11612339
Mayotte,MYT,1986,0.11381068
Mayotte,MYT,1987,0.11165368
Mayotte,MYT,1988,0.109423645
Mayotte,MYT,1989,0.10779503
Mayotte,MYT,1990,0.10624765
Mayotte,MYT,1991,0.104504764
Mayotte,MYT,1992,0.10311386
Mayotte,MYT,1993,0.101769984
Mayotte,MYT,1994,0.10050884
Mayotte,MYT,1995,0.09945731
Mayotte,MYT,1996,0.0982118
Mayotte,MYT,1997,0.09686778
Mayotte,MYT,1998,0.09571815
Mayotte,MYT,1999,0.09464189
Mayotte,MYT,2000,0.09358764
Mayotte,MYT,2001,0.092781484
Mayotte,MYT,2002,0.092014134
Mayotte,MYT,2003,0.091273576
Mayotte,MYT,2004,0.090571016
Mayotte,MYT,2005,0.089902766
Mayotte,MYT,2006,0.08878962
Mayotte,MYT,2007,0.08785597
Mayotte,MYT,2008,0.08719059
Mayotte,MYT,2009,0.086906604
Mayotte,MYT,2010,0.08719563
Mayotte,MYT,2011,0.08789917
Mayotte,MYT,2012,0.090041354
Mayotte,MYT,2013,0.0906946
Mayotte,MYT,2014,0.09126735
Mayotte,MYT,2015,0.09360858
Mayotte,MYT,2016,0.095895596
Mayotte,MYT,2017,0.09611136
Mayotte,MYT,2018,0.096140064
Mayotte,MYT,2019,0.0961144
Mayotte,MYT,2020,0.10075882
Mayotte,MYT,2021,0.10734231
Mayotte,MYT,2022,0.09852775
Mayotte,MYT,2023,0.09432189
Mexico,MEX,1950,0.3802487
Mexico,MEX,1951,0.3696283
Mexico,MEX,1952,0.35889828
Mexico,MEX,1953,0.34648082
Mexico,MEX,1954,0.3347645
Mexico,MEX,1955,0.32356647
Mexico,MEX,1956,0.314947
Mexico,MEX,1957,0.30626333
Mexico,MEX,1958,0.29915726
Mexico,MEX,1959,0.29068896
Mexico,MEX,1960,0.2823229
Mexico,MEX,1961,0.27526447
Mexico,MEX,1962,0.268486
Mexico,MEX,1963,0.26286763
Mexico,MEX,1964,0.25697857
Mexico,MEX,1965,0.25073162
Mexico,MEX,1966,0.24544695
Mexico,MEX,1967,0.23958836
Mexico,MEX,1968,0.23691916
Mexico,MEX,1969,0.23353961
Mexico,MEX,1970,0.22957973
Mexico,MEX,1971,0.22457115
Mexico,MEX,1972,0.21925798
Mexico,MEX,1973,0.21346529
Mexico,MEX,1974,0.20720758
Mexico,MEX,1975,0.2014592
Mexico,MEX,1976,0.19751833
Mexico,MEX,1977,0.1930862
Mexico,MEX,1978,0.18878344
Mexico,MEX,1979,0.18398239
Mexico,MEX,1980,0.17993183
Mexico,MEX,1981,0.17567232
Mexico,MEX,1982,0.17112479
Mexico,MEX,1983,0.16739179
Mexico,MEX,1984,0.16392638
Mexico,MEX,1985,0.16056348
Mexico,MEX,1986,0.1565451
Mexico,MEX,1987,0.15297316
Mexico,MEX,1988,0.15009116
Mexico,MEX,1989,0.14771286
Mexico,MEX,1990,0.14474697
Mexico,MEX,1991,0.14173892
Mexico,MEX,1992,0.13888061
Mexico,MEX,1993,0.13637035
Mexico,MEX,1994,0.13404043
Mexico,MEX,1995,0.13147314
Mexico,MEX,1996,0.12922545
Mexico,MEX,1997,0.12693451
Mexico,MEX,1998,0.12494136
Mexico,MEX,1999,0.12271496
Mexico,MEX,2000,0.12074308
Mexico,MEX,2001,0.11899732
Mexico,MEX,2002,0.117799826
Mexico,MEX,2003,0.11649871
Mexico,MEX,2004,0.11540093
Mexico,MEX,2005,0.11411439
Mexico,MEX,2006,0.11306482
Mexico,MEX,2007,0.112237915
Mexico,MEX,2008,0.112617426
Mexico,MEX,2009,0.11256193
Mexico,MEX,2010,0.11200269
Mexico,MEX,2011,0.11067301
Mexico,MEX,2012,0.10968542
Mexico,MEX,2013,0.109173395
Mexico,MEX,2014,0.10859552
Mexico,MEX,2015,0.10849119
Mexico,MEX,2016,0.10859589
Mexico,MEX,2017,0.10896037
Mexico,MEX,2018,0.10869334
Mexico,MEX,2019,0.10744643
Mexico,MEX,2020,0.11816291
Mexico,MEX,2021,0.11964941
Mexico,MEX,2022,0.10993428
Mexico,MEX,2023,0.10595761
Micronesia (country),FSM,1950,0.31525654
Micronesia (country),FSM,1951,0.30921024
Micronesia (country),FSM,1952,0.3036612
Micronesia (country),FSM,1953,0.29814085
Micronesia (country),FSM,1954,0.29258648
Micronesia (country),FSM,1955,0.28682283
Micronesia (country),FSM,1956,0.28078538
Micronesia (country),FSM,1957,0.27480197
Micronesia (country),FSM,1958,0.26827395
Micronesia (country),FSM,1959,0.2618605
Micronesia (country),FSM,1960,0.2554848
Micronesia (country),FSM,1961,0.24928164
Micronesia (country),FSM,1962,0.24296436
Micronesia (country),FSM,1963,0.23706873
Micronesia (country),FSM,1964,0.22920401
Micronesia (country),FSM,1965,0.22374378
Micronesia (country),FSM,1966,0.21833704
Micronesia (country),FSM,1967,0.2128312
Micronesia (country),FSM,1968,0.20779814
Micronesia (country),FSM,1969,0.20309833
Micronesia (country),FSM,1970,0.19864956
Micronesia (country),FSM,1971,0.19466478
Micronesia (country),FSM,1972,0.19067112
Micronesia (country),FSM,1973,0.18729201
Micronesia (country),FSM,1974,0.18397526
Micronesia (country),FSM,1975,0.1811904
Micronesia (country),FSM,1976,0.17879806
Micronesia (country),FSM,1977,0.17683719
Micronesia (country),FSM,1978,0.17527354
Micronesia (country),FSM,1979,0.17410691
Micronesia (country),FSM,1980,0.17339362
Micronesia (country),FSM,1981,0.17261383
Micronesia (country),FSM,1982,0.17209029
Micronesia (country),FSM,1983,0.17153335
Micronesia (country),FSM,1984,0.17091246
Micronesia (country),FSM,1985,0.1701697
Micronesia (country),FSM,1986,0.169299
Micronesia (country),FSM,1987,0.16973302
Micronesia (country),FSM,1988,0.16723205
Micronesia (country),FSM,1989,0.16604324
Micronesia (country),FSM,1990,0.16534323
Micronesia (country),FSM,1991,0.16382162
Micronesia (country),FSM,1992,0.16302289
Micronesia (country),FSM,1993,0.1622903
Micronesia (country),FSM,1994,0.16143705
Micronesia (country),FSM,1995,0.16079949
Micronesia (country),FSM,1996,0.16019098
Micronesia (country),FSM,1997,0.15946117
Micronesia (country),FSM,1998,0.15863356
Micronesia (country),FSM,1999,0.157941
Micronesia (country),FSM,2000,0.16150361
Micronesia (country),FSM,2001,0.15699399
Micronesia (country),FSM,2002,0.16851917
Micronesia (country),FSM,2003,0.15654308
Micronesia (country),FSM,2004,0.15689783
Micronesia (country),FSM,2005,0.1568307
Micronesia (country),FSM,2006,0.15707634
Micronesia (country),FSM,2007,0.15728466
Micronesia (country),FSM,2008,0.15739544
Micronesia (country),FSM,2009,0.15737525
Micronesia (country),FSM,2010,0.15727468
Micronesia (country),FSM,2011,0.15685326
Micronesia (country),FSM,2012,0.15637484
Micronesia (country),FSM,2013,0.15579383
Micronesia (country),FSM,2014,0.15512368
Micronesia (country),FSM,2015,0.15564197
Micronesia (country),FSM,2016,0.15304713
Micronesia (country),FSM,2017,0.15135969
Micronesia (country),FSM,2018,0.14927454
Micronesia (country),FSM,2019,0.1467037
Micronesia (country),FSM,2020,0.14396992
Micronesia (country),FSM,2021,0.14270864
Micronesia (country),FSM,2022,0.1388557
Micronesia (country),FSM,2023,0.13638234
Middle-income countries,,1950,0.39319244
Middle-income countries,,1951,0.38714537
Middle-income countries,,1952,0.37862426
Middle-income countries,,1953,0.37329566
Middle-income countries,,1954,0.36523804
Middle-income countries,,1955,0.35853046
Middle-income countries,,1956,0.35224533
Middle-income countries,,1957,0.3471077
Middle-income countries,,1958,0.34210292
Middle-income countries,,1959,0.3691773
Middle-income countries,,1960,0.3920311
Middle-income countries,,1961,0.36193043
Middle-income countries,,1962,0.3251271
Middle-income countries,,1963,0.31892928
Middle-income countries,,1964,0.3131298
Middle-income countries,,1965,0.3145734
Middle-income countries,,1966,0.30881926
Middle-income countries,,1967,0.30411887
Middle-income countries,,1968,0.29627845
Middle-income countries,,1969,0.29148835
Middle-income countries,,1970,0.28994477
Middle-income countries,,1971,0.2891132
Middle-income countries,,1972,0.27887455
Middle-income countries,,1973,0.2743524
Middle-income countries,,1974,0.2704676
Middle-income countries,,1975,0.26831737
Middle-income countries,,1976,0.26643425
Middle-income countries,,1977,0.26030928
Middle-income countries,,1978,0.25569943
Middle-income countries,,1979,0.2482055
Middle-income countries,,1980,0.24346958
Middle-income countries,,1981,0.23868912
Middle-income countries,,1982,0.23381922
Middle-income countries,,1983,0.22972047
Middle-income countries,,1984,0.22568338
Middle-income countries,,1985,0.22202192
Middle-income countries,,1986,0.21804035
Middle-income countries,,1987,0.21448469
Middle-income countries,,1988,0.2118969
Middle-income countries,,1989,0.20908535
Middle-income countries,,1990,0.20678599
Middle-income countries,,1991,0.20593841
Middle-income countries,,1992,0.20317353
Middle-income countries,,1993,0.2012471
Middle-income countries,,1994,0.19946232
Middle-income countries,,1995,0.1974505
Middle-income countries,,1996,0.19534361
Middle-income countries,,1997,0.19307755
Middle-income countries,,1998,0.19094451
Middle-income countries,,1999,0.1884688
Middle-income countries,,2000,0.18539593
Middle-income countries,,2001,0.18300208
Middle-income countries,,2002,0.17996196
Middle-income countries,,2003,0.17712498
Middle-income countries,,2004,0.17516875
Middle-income countries,,2005,0.17108183
Middle-income countries,,2006,0.16741256
Middle-income countries,,2007,0.16412336
Middle-income countries,,2008,0.16233118
Middle-income countries,,2009,0.15832326
Middle-income countries,,2010,0.15627617
Middle-income countries,,2011,0.15307665
Middle-income countries,,2012,0.15040973
Middle-income countries,,2013,0.14832437
Middle-income countries,,2014,0.1460962
Middle-income countries,,2015,0.14450379
Middle-income countries,,2016,0.14255321
Middle-income countries,,2017,0.14061897
Middle-income countries,,2018,0.13946106
Middle-income countries,,2019,0.13814518
Middle-income countries,,2020,0.13742699
Middle-income countries,,2021,0.14055413
Middle-income countries,,2022,0.13488121
Middle-income countries,,2023,0.13340434
Moldova,MDA,1950,0.26199552
Moldova,MDA,1951,0.25662896
Moldova,MDA,1952,0.25094754
Moldova,MDA,1953,0.24536557
Moldova,MDA,1954,0.2396182
Moldova,MDA,1955,0.23413588
Moldova,MDA,1956,0.22878034
Moldova,MDA,1957,0.22353975
Moldova,MDA,1958,0.21850874
Moldova,MDA,1959,0.21381961
Moldova,MDA,1960,0.20957915
Moldova,MDA,1961,0.20547888
Moldova,MDA,1962,0.2015805
Moldova,MDA,1963,0.19800365
Moldova,MDA,1964,0.1947624
Moldova,MDA,1965,0.19183077
Moldova,MDA,1966,0.1892433
Moldova,MDA,1967,0.18702604
Moldova,MDA,1968,0.1851124
Moldova,MDA,1969,0.18308632
Moldova,MDA,1970,0.18094188
Moldova,MDA,1971,0.17868377
Moldova,MDA,1972,0.17650047
Moldova,MDA,1973,0.17444958
Moldova,MDA,1974,0.17233756
Moldova,MDA,1975,0.1702443
Moldova,MDA,1976,0.168078
Moldova,MDA,1977,0.16592668
Moldova,MDA,1978,0.16371761
Moldova,MDA,1979,0.16066869
Moldova,MDA,1980,0.15752575
Moldova,MDA,1981,0.15430321
Moldova,MDA,1982,0.15207534
Moldova,MDA,1983,0.14997657
Moldova,MDA,1984,0.1478758
Moldova,MDA,1985,0.14510116
Moldova,MDA,1986,0.14218906
Moldova,MDA,1987,0.13939917
Moldova,MDA,1988,0.13761766
Moldova,MDA,1989,0.13648549
Moldova,MDA,1990,0.13595514
Moldova,MDA,1991,0.1355226
Moldova,MDA,1992,0.1358425
Moldova,MDA,1993,0.13566196
Moldova,MDA,1994,0.1361928
Moldova,MDA,1995,0.13579625
Moldova,MDA,1996,0.13521366
Moldova,MDA,1997,0.13407557
Moldova,MDA,1998,0.13224205
Moldova,MDA,1999,0.13004556
Moldova,MDA,2000,0.12776493
Moldova,MDA,2001,0.12562014
Moldova,MDA,2002,0.12372383
Moldova,MDA,2003,0.12213931
Moldova,MDA,2004,0.120779835
Moldova,MDA,2005,0.11972325
Moldova,MDA,2006,0.118784405
Moldova,MDA,2007,0.11798043
Moldova,MDA,2008,0.11687956
Moldova,MDA,2009,0.11549464
Moldova,MDA,2010,0.11383691
Moldova,MDA,2011,0.1125932
Moldova,MDA,2012,0.111732356
Moldova,MDA,2013,0.11158957
Moldova,MDA,2014,0.111575864
Moldova,MDA,2015,0.11179222
Moldova,MDA,2016,0.11167681
Moldova,MDA,2017,0.11145184
Moldova,MDA,2018,0.1111173
Moldova,MDA,2019,0.111132875
Moldova,MDA,2020,0.11199348
Moldova,MDA,2021,0.10796444
Moldova,MDA,2022,0.104319565
Moldova,MDA,2023,0.1087139
Monaco,MCO,1950,0.13648796
Monaco,MCO,1951,0.13484927
Monaco,MCO,1952,0.13134749
Monaco,MCO,1953,0.12744398
Monaco,MCO,1954,0.12364808
Monaco,MCO,1955,0.120773576
Monaco,MCO,1956,0.11821341
Monaco,MCO,1957,0.117217414
Monaco,MCO,1958,0.11590379
Monaco,MCO,1959,0.11459395
Monaco,MCO,1960,0.11116058
Monaco,MCO,1961,0.10934747
Monaco,MCO,1962,0.10827505
Monaco,MCO,1963,0.10872627
Monaco,MCO,1964,0.10787866
Monaco,MCO,1965,0.107015476
Monaco,MCO,1966,0.105563045
Monaco,MCO,1967,0.104836
Monaco,MCO,1968,0.10400047
Monaco,MCO,1969,0.103919126
Monaco,MCO,1970,0.103801705
Monaco,MCO,1971,0.10394461
Monaco,MCO,1972,0.10394167
Monaco,MCO,1973,0.104018494
Monaco,MCO,1974,0.10348551
Monaco,MCO,1975,0.10226697
Monaco,MCO,1976,0.10058787
Monaco,MCO,1977,0.099370785
Monaco,MCO,1978,0.09858176
Monaco,MCO,1979,0.09830955
Monaco,MCO,1980,0.097985275
Monaco,MCO,1981,0.09765069
Monaco,MCO,1982,0.09641673
Monaco,MCO,1983,0.094749935
Monaco,MCO,1984,0.09270005
Monaco,MCO,1985,0.09027464
Monaco,MCO,1986,0.087714165
Monaco,MCO,1987,0.085290834
Monaco,MCO,1988,0.08392433
Monaco,MCO,1989,0.08289848
Monaco,MCO,1990,0.08214772
Monaco,MCO,1991,0.08108195
Monaco,MCO,1992,0.08007339
Monaco,MCO,1993,0.079201706
Monaco,MCO,1994,0.078479394
Monaco,MCO,1995,0.0779168
Monaco,MCO,1996,0.07744286
Monaco,MCO,1997,0.07702323
Monaco,MCO,1998,0.07667513
Monaco,MCO,1999,0.076402865
Monaco,MCO,2000,0.07575934
Monaco,MCO,2001,0.074612714
Monaco,MCO,2002,0.07288068
Monaco,MCO,2003,0.07154218
Monaco,MCO,2004,0.07078699
Monaco,MCO,2005,0.07099359
Monaco,MCO,2006,0.07159495
Monaco,MCO,2007,0.0723474
Monaco,MCO,2008,0.072803974
Monaco,MCO,2009,0.07298322
Monaco,MCO,2010,0.07270195
Monaco,MCO,2011,0.07222176
Monaco,MCO,2012,0.071463265
Monaco,MCO,2013,0.07076125
Monaco,MCO,2014,0.07035226
Monaco,MCO,2015,0.07012435
Monaco,MCO,2016,0.06992308
Monaco,MCO,2017,0.069772944
Monaco,MCO,2018,0.06974796
Monaco,MCO,2019,0.069847934
Monaco,MCO,2020,0.06926714
Monaco,MCO,2021,0.07029423
Monaco,MCO,2022,0.06980443
Monaco,MCO,2023,0.06944984
Mongolia,MNG,1950,0.42138118
Mongolia,MNG,1951,0.41657457
Mongolia,MNG,1952,0.41369444
Mongolia,MNG,1953,0.41054177
Mongolia,MNG,1954,0.4068413
Mongolia,MNG,1955,0.40214148
Mongolia,MNG,1956,0.3965855
Mongolia,MNG,1957,0.40647724
Mongolia,MNG,1958,0.38256478
Mongolia,MNG,1959,0.37453783
Mongolia,MNG,1960,0.366553
Mongolia,MNG,1961,0.35851073
Mongolia,MNG,1962,0.350593
Mongolia,MNG,1963,0.34269595
Mongolia,MNG,1964,0.3352033
Mongolia,MNG,1965,0.32807335
Mongolia,MNG,1966,0.321895
Mongolia,MNG,1967,0.3146431
Mongolia,MNG,1968,0.3084741
Mongolia,MNG,1969,0.30264848
Mongolia,MNG,1970,0.29697666
Mongolia,MNG,1971,0.29158148
Mongolia,MNG,1972,0.28662065
Mongolia,MNG,1973,0.28228548
Mongolia,MNG,1974,0.27854785
Mongolia,MNG,1975,0.27551535
Mongolia,MNG,1976,0.27309793
Mongolia,MNG,1977,0.2711615
Mongolia,MNG,1978,0.26952484
Mongolia,MNG,1979,0.26787785
Mongolia,MNG,1980,0.26598617
Mongolia,MNG,1981,0.2636708
Mongolia,MNG,1982,0.26091152
Mongolia,MNG,1983,0.257695
Mongolia,MNG,1984,0.25408155
Mongolia,MNG,1985,0.2501708
Mongolia,MNG,1986,0.24597368
Mongolia,MNG,1987,0.24153939
Mongolia,MNG,1988,0.23686789
Mongolia,MNG,1989,0.22868416
Mongolia,MNG,1990,0.21876974
Mongolia,MNG,1991,0.20576924
Mongolia,MNG,1992,0.1971356
Mongolia,MNG,1993,0.19116674
Mongolia,MNG,1994,0.18811263
Mongolia,MNG,1995,0.18544738
Mongolia,MNG,1996,0.18348859
Mongolia,MNG,1997,0.18030651
Mongolia,MNG,1998,0.17583993
Mongolia,MNG,1999,0.1701932
Mongolia,MNG,2000,0.16360936
Mongolia,MNG,2001,0.1580765
Mongolia,MNG,2002,0.15382762
Mongolia,MNG,2003,0.15100218
Mongolia,MNG,2004,0.14758922
Mongolia,MNG,2005,0.14342543
Mongolia,MNG,2006,0.1385518
Mongolia,MNG,2007,0.13407874
Mongolia,MNG,2008,0.13202728
Mongolia,MNG,2009,0.13117716
Mongolia,MNG,2010,0.13052657
Mongolia,MNG,2011,0.1290022
Mongolia,MNG,2012,0.12624258
Mongolia,MNG,2013,0.123336025
Mongolia,MNG,2014,0.12101821
Mongolia,MNG,2015,0.11807137
Mongolia,MNG,2016,0.11527764
Mongolia,MNG,2017,0.112733096
Mongolia,MNG,2018,0.11067535
Mongolia,MNG,2019,0.11040224
Mongolia,MNG,2020,0.11252505
Mongolia,MNG,2021,0.114203356
Mongolia,MNG,2022,0.10617398
Mongolia,MNG,2023,0.10522791
Montenegro,MNE,1950,0.24875638
Montenegro,MNE,1951,0.24305001
Montenegro,MNE,1952,0.23753233
Montenegro,MNE,1953,0.23295216
Montenegro,MNE,1954,0.22219403
Montenegro,MNE,1955,0.22262704
Montenegro,MNE,1956,0.21233112
Montenegro,MNE,1957,0.20233878
Montenegro,MNE,1958,0.19345875
Montenegro,MNE,1959,0.18476737
Montenegro,MNE,1960,0.17430697
Montenegro,MNE,1961,0.17074895
Montenegro,MNE,1962,0.16763687
Montenegro,MNE,1963,0.16519645
Montenegro,MNE,1964,0.16033068
Montenegro,MNE,1965,0.15403719
Montenegro,MNE,1966,0.14865997
Montenegro,MNE,1967,0.14383867
Montenegro,MNE,1968,0.13687892
Montenegro,MNE,1969,0.13230482
Montenegro,MNE,1970,0.12942918
Montenegro,MNE,1971,0.12583995
Montenegro,MNE,1972,0.12193704
Montenegro,MNE,1973,0.119406074
Montenegro,MNE,1974,0.119334325
Montenegro,MNE,1975,0.11696256
Montenegro,MNE,1976,0.11551525
Montenegro,MNE,1977,0.115793
Montenegro,MNE,1978,0.11504237
Montenegro,MNE,1979,0.12045812
Montenegro,MNE,1980,0.11279876
Montenegro,MNE,1981,0.1127287
Montenegro,MNE,1982,0.11102003
Montenegro,MNE,1983,0.109756224
Montenegro,MNE,1984,0.10848595
Montenegro,MNE,1985,0.107667476
Montenegro,MNE,1986,0.10533075
Montenegro,MNE,1987,0.103980534
Montenegro,MNE,1988,0.10294253
Montenegro,MNE,1989,0.10027743
Montenegro,MNE,1990,0.098400556
Montenegro,MNE,1991,0.09871874
Montenegro,MNE,1992,0.09955287
Montenegro,MNE,1993,0.09909317
Montenegro,MNE,1994,0.10034528
Montenegro,MNE,1995,0.10114872
Montenegro,MNE,1996,0.10168105
Montenegro,MNE,1997,0.10223746
Montenegro,MNE,1998,0.1023313
Montenegro,MNE,1999,0.103326775
Montenegro,MNE,2000,0.102746785
Montenegro,MNE,2001,0.10228692
Montenegro,MNE,2002,0.1004837
Montenegro,MNE,2003,0.100032754
Montenegro,MNE,2004,0.09928223
Montenegro,MNE,2005,0.09783701
Montenegro,MNE,2006,0.0961642
Montenegro,MNE,2007,0.09584484
Montenegro,MNE,2008,0.09530439
Montenegro,MNE,2009,0.09333915
Montenegro,MNE,2010,0.09341341
Montenegro,MNE,2011,0.09271401
Montenegro,MNE,2012,0.09200341
Montenegro,MNE,2013,0.091528945
Montenegro,MNE,2014,0.09165969
Montenegro,MNE,2015,0.091724254
Montenegro,MNE,2016,0.09112955
Montenegro,MNE,2017,0.08950303
Montenegro,MNE,2018,0.08802487
Montenegro,MNE,2019,0.088506795
Montenegro,MNE,2020,0.09485075
Montenegro,MNE,2021,0.09097512
Montenegro,MNE,2022,0.092437744
Montenegro,MNE,2023,0.08635575
Montserrat,MSR,1950,0.35044554
Montserrat,MSR,1951,0.33939037
Montserrat,MSR,1952,0.3283958
Montserrat,MSR,1953,0.31773546
Montserrat,MSR,1954,0.30748513
Montserrat,MSR,1955,0.29728115
Montserrat,MSR,1956,0.28731802
Montserrat,MSR,1957,0.27722657
Montserrat,MSR,1958,0.26682547
Montserrat,MSR,1959,0.25656146
Montserrat,MSR,1960,0.24591541
Montserrat,MSR,1961,0.23663017
Montserrat,MSR,1962,0.2275418
Montserrat,MSR,1963,0.21941537
Montserrat,MSR,1964,0.21197125
Montserrat,MSR,1965,0.2052213
Montserrat,MSR,1966,0.19869256
Montserrat,MSR,1967,0.19210029
Montserrat,MSR,1968,0.18544304
Montserrat,MSR,1969,0.17895629
Montserrat,MSR,1970,0.17252822
Montserrat,MSR,1971,0.16658583
Montserrat,MSR,1972,0.16102478
Montserrat,MSR,1973,0.15612845
Montserrat,MSR,1974,0.15176168
Montserrat,MSR,1975,0.14771816
Montserrat,MSR,1976,0.14419197
Montserrat,MSR,1977,0.1409783
Montserrat,MSR,1978,0.13813262
Montserrat,MSR,1979,0.13560335
Montserrat,MSR,1980,0.13339606
Montserrat,MSR,1981,0.13148461
Montserrat,MSR,1982,0.12981762
Montserrat,MSR,1983,0.12831222
Montserrat,MSR,1984,0.12695894
Montserrat,MSR,1985,0.1257146
Montserrat,MSR,1986,0.12452432
Montserrat,MSR,1987,0.123365514
Montserrat,MSR,1988,0.12216575
Montserrat,MSR,1989,0.15075196
Montserrat,MSR,1990,0.11956417
Montserrat,MSR,1991,0.11807429
Montserrat,MSR,1992,0.116440415
Montserrat,MSR,1993,0.11473397
Montserrat,MSR,1994,0.11299752
Montserrat,MSR,1995,0.11126006
Montserrat,MSR,1996,0.10962724
Montserrat,MSR,1997,0.20494983
Montserrat,MSR,1998,0.10678305
Montserrat,MSR,1999,0.10554371
Montserrat,MSR,2000,0.10435385
Montserrat,MSR,2001,0.10334526
Montserrat,MSR,2002,0.102339625
Montserrat,MSR,2003,0.10141144
Montserrat,MSR,2004,0.10055155
Montserrat,MSR,2005,0.09976818
Montserrat,MSR,2006,0.09901918
Montserrat,MSR,2007,0.0983795
Montserrat,MSR,2008,0.09783357
Montserrat,MSR,2009,0.09721618
Montserrat,MSR,2010,0.096776344
Montserrat,MSR,2011,0.09624161
Montserrat,MSR,2012,0.09574575
Montserrat,MSR,2013,0.09528105
Montserrat,MSR,2014,0.09475512
Montserrat,MSR,2015,0.094264045
Montserrat,MSR,2016,0.093777746
Montserrat,MSR,2017,0.09328925
Montserrat,MSR,2018,0.09279969
Montserrat,MSR,2019,0.092280075
Montserrat,MSR,2020,0.09185977
Montserrat,MSR,2021,0.091207184
Montserrat,MSR,2022,0.09069245
Montserrat,MSR,2023,0.09016863
More developed regions,,1950,0.19379005
More developed regions,,1951,0.19061957
More developed regions,,1952,0.17970677
More developed regions,,1953,0.17152786
More developed regions,,1954,0.16573058
More developed regions,,1955,0.15868264
More developed regions,,1956,0.14863655
More developed regions,,1957,0.1478907
More developed regions,,1958,0.14189607
More developed regions,,1959,0.13947414
More developed regions,,1960,0.13520783
More developed regions,,1961,0.13210505
More developed regions,,1962,0.12988023
More developed regions,,1963,0.12791054
More developed regions,,1964,0.12594391
More developed regions,,1965,0.123636566
More developed regions,,1966,0.122680135
More developed regions,,1967,0.12149756
More developed regions,,1968,0.120550565
More developed regions,,1969,0.120445356
More developed regions,,1970,0.11915588
More developed regions,,1971,0.11725879
More developed regions,,1972,0.11591501
More developed regions,,1973,0.11468611
More developed regions,,1974,0.11361989
More developed regions,,1975,0.11295932
More developed regions,,1976,0.11188627
More developed regions,,1977,0.111269884
More developed regions,,1978,0.1104758
More developed regions,,1979,0.10962592
More developed regions,,1980,0.10876154
More developed regions,,1981,0.107677445
More developed regions,,1982,0.1066949
More developed regions,,1983,0.10583217
More developed regions,,1984,0.105785444
More developed regions,,1985,0.10450189
More developed regions,,1986,0.1034436
More developed regions,,1987,0.103105314
More developed regions,,1988,0.102513805
More developed regions,,1989,0.10216847
More developed regions,,1990,0.101467706
More developed regions,,1991,0.101414315
More developed regions,,1992,0.10199546
More developed regions,,1993,0.10287629
More developed regions,,1994,0.10299768
More developed regions,,1995,0.10237145
More developed regions,,1996,0.10072819
More developed regions,,1997,0.09936356
More developed regions,,1998,0.098549746
More developed regions,,1999,0.098617986
More developed regions,,2000,0.098385684
More developed regions,,2001,0.09829448
More developed regions,,2002,0.09815481
More developed regions,,2003,0.09773066
More developed regions,,2004,0.09760316
More developed regions,,2005,0.09707603
More developed regions,,2006,0.096208066
More developed regions,,2007,0.095312424
More developed regions,,2008,0.09440299
More developed regions,,2009,0.09381954
More developed regions,,2010,0.093338415
More developed regions,,2011,0.092221975
More developed regions,,2012,0.091209404
More developed regions,,2013,0.09072427
More developed regions,,2014,0.09076448
More developed regions,,2015,0.09013093
More developed regions,,2016,0.090394095
More developed regions,,2017,0.08940191
More developed regions,,2018,0.089189194
More developed regions,,2019,0.08917786
More developed regions,,2020,0.09157041
More developed regions,,2021,0.09535003
More developed regions,,2022,0.0906128
More developed regions,,2023,0.08761334
Morocco,MAR,1950,0.43606088
Morocco,MAR,1951,0.4324411
Morocco,MAR,1952,0.42815688
Morocco,MAR,1953,0.424061
Morocco,MAR,1954,0.4199686
Morocco,MAR,1955,0.41577432
Morocco,MAR,1956,0.41152763
Morocco,MAR,1957,0.4070588
Morocco,MAR,1958,0.40221548
Morocco,MAR,1959,0.39729583
Morocco,MAR,1960,0.40625128
Morocco,MAR,1961,0.38720143
Morocco,MAR,1962,0.38279155
Morocco,MAR,1963,0.37751573
Morocco,MAR,1964,0.37184066
Morocco,MAR,1965,0.36615303
Morocco,MAR,1966,0.3605896
Morocco,MAR,1967,0.35448593
Morocco,MAR,1968,0.3487412
Morocco,MAR,1969,0.3433416
Morocco,MAR,1970,0.33827263
Morocco,MAR,1971,0.33330235
Morocco,MAR,1972,0.32823852
Morocco,MAR,1973,0.3231573
Morocco,MAR,1974,0.31780577
Morocco,MAR,1975,0.3120669
Morocco,MAR,1976,0.3051453
Morocco,MAR,1977,0.29743293
Morocco,MAR,1978,0.2895188
Morocco,MAR,1979,0.2810419
Morocco,MAR,1980,0.27220243
Morocco,MAR,1981,0.26381305
Morocco,MAR,1982,0.25517705
Morocco,MAR,1983,0.2468606
Morocco,MAR,1984,0.23926355
Morocco,MAR,1985,0.2313984
Morocco,MAR,1986,0.22405627
Morocco,MAR,1987,0.21750976
Morocco,MAR,1988,0.2113764
Morocco,MAR,1989,0.2052896
Morocco,MAR,1990,0.19984533
Morocco,MAR,1991,0.19483885
Morocco,MAR,1992,0.19039288
Morocco,MAR,1993,0.18535173
Morocco,MAR,1994,0.18067263
Morocco,MAR,1995,0.17714801
Morocco,MAR,1996,0.17248313
Morocco,MAR,1997,0.16887388
Morocco,MAR,1998,0.16506055
Morocco,MAR,1999,0.1609087
Morocco,MAR,2000,0.15713248
Morocco,MAR,2001,0.15366258
Morocco,MAR,2002,0.15047035
Morocco,MAR,2003,0.14736037
Morocco,MAR,2004,0.14493145
Morocco,MAR,2005,0.14051777
Morocco,MAR,2006,0.13677323
Morocco,MAR,2007,0.13330151
Morocco,MAR,2008,0.1301794
Morocco,MAR,2009,0.12729774
Morocco,MAR,2010,0.12471575
Morocco,MAR,2011,0.1214892
Morocco,MAR,2012,0.11855087
Morocco,MAR,2013,0.11597194
Morocco,MAR,2014,0.113754176
Morocco,MAR,2015,0.11168536
Morocco,MAR,2016,0.109855294
Morocco,MAR,2017,0.10771489
Morocco,MAR,2018,0.10581579
Morocco,MAR,2019,0.10415423
Morocco,MAR,2020,0.103754036
Morocco,MAR,2021,0.1039461
Morocco,MAR,2022,0.099979945
Morocco,MAR,2023,0.100718014
Mozambique,MOZ,1950,0.4685532
Mozambique,MOZ,1951,0.46393368
Mozambique,MOZ,1952,0.45948726
Mozambique,MOZ,1953,0.454889
Mozambique,MOZ,1954,0.45046502
Mozambique,MOZ,1955,0.44590867
Mozambique,MOZ,1956,0.4418268
Mozambique,MOZ,1957,0.43713802
Mozambique,MOZ,1958,0.43305773
Mozambique,MOZ,1959,0.42907828
Mozambique,MOZ,1960,0.42584062
Mozambique,MOZ,1961,0.42281157
Mozambique,MOZ,1962,0.42009175
Mozambique,MOZ,1963,0.41795757
Mozambique,MOZ,1964,0.41822737
Mozambique,MOZ,1965,0.41681975
Mozambique,MOZ,1966,0.41583708
Mozambique,MOZ,1967,0.41492704
Mozambique,MOZ,1968,0.4141175
Mozambique,MOZ,1969,0.41307604
Mozambique,MOZ,1970,0.4122763
Mozambique,MOZ,1971,0.41224116
Mozambique,MOZ,1972,0.41096026
Mozambique,MOZ,1973,0.41003403
Mozambique,MOZ,1974,0.40889776
Mozambique,MOZ,1975,0.40632364
Mozambique,MOZ,1976,0.40566173
Mozambique,MOZ,1977,0.40543425
Mozambique,MOZ,1978,0.40460792
Mozambique,MOZ,1979,0.4047249
Mozambique,MOZ,1980,0.40373975
Mozambique,MOZ,1981,0.42577395
Mozambique,MOZ,1982,0.42450643
Mozambique,MOZ,1983,0.4236441
Mozambique,MOZ,1984,0.42351243
Mozambique,MOZ,1985,0.42169178
Mozambique,MOZ,1986,0.3990686
Mozambique,MOZ,1987,0.39702645
Mozambique,MOZ,1988,0.39308134
Mozambique,MOZ,1989,0.3901012
Mozambique,MOZ,1990,0.38680273
Mozambique,MOZ,1991,0.38275525
Mozambique,MOZ,1992,0.37825492
Mozambique,MOZ,1993,0.37253737
Mozambique,MOZ,1994,0.36713192
Mozambique,MOZ,1995,0.3607567
Mozambique,MOZ,1996,0.35349712
Mozambique,MOZ,1997,0.3449255
Mozambique,MOZ,1998,0.33874792
Mozambique,MOZ,1999,0.33046052
Mozambique,MOZ,2000,0.32199955
Mozambique,MOZ,2001,0.31215551
Mozambique,MOZ,2002,0.30371135
Mozambique,MOZ,2003,0.29658437
Mozambique,MOZ,2004,0.290019
Mozambique,MOZ,2005,0.28347757
Mozambique,MOZ,2006,0.27729696
Mozambique,MOZ,2007,0.27136162
Mozambique,MOZ,2008,0.2650747
Mozambique,MOZ,2009,0.25844768
Mozambique,MOZ,2010,0.25150353
Mozambique,MOZ,2011,0.24454579
Mozambique,MOZ,2012,0.23719682
Mozambique,MOZ,2013,0.23001812
Mozambique,MOZ,2014,0.22261599
Mozambique,MOZ,2015,0.21560515
Mozambique,MOZ,2016,0.20855093
Mozambique,MOZ,2017,0.20180973
Mozambique,MOZ,2018,0.19585618
Mozambique,MOZ,2019,0.19048613
Mozambique,MOZ,2020,0.18417937
Mozambique,MOZ,2021,0.18418619
Mozambique,MOZ,2022,0.1741487
Mozambique,MOZ,2023,0.16883166
Myanmar,MMR,1950,0.47197998
Myanmar,MMR,1951,0.462955
Myanmar,MMR,1952,0.45042285
Myanmar,MMR,1953,0.4404596
Myanmar,MMR,1954,0.43037093
Myanmar,MMR,1955,0.42099318
Myanmar,MMR,1956,0.41253036
Myanmar,MMR,1957,0.40314448
Myanmar,MMR,1958,0.3954811
Myanmar,MMR,1959,0.38833895
Myanmar,MMR,1960,0.38137925
Myanmar,MMR,1961,0.37541628
Myanmar,MMR,1962,0.36792067
Myanmar,MMR,1963,0.36107448
Myanmar,MMR,1964,0.35310358
Myanmar,MMR,1965,0.3456928
Myanmar,MMR,1966,0.33748502
Myanmar,MMR,1967,0.330012
Myanmar,MMR,1968,0.3239536
Myanmar,MMR,1969,0.3174439
Myanmar,MMR,1970,0.31205994
Myanmar,MMR,1971,0.30704173
Myanmar,MMR,1972,0.30301622
Myanmar,MMR,1973,0.2992504
Myanmar,MMR,1974,0.29516762
Myanmar,MMR,1975,0.2908
Myanmar,MMR,1976,0.2866724
Myanmar,MMR,1977,0.28276378
Myanmar,MMR,1978,0.27947208
Myanmar,MMR,1979,0.27510875
Myanmar,MMR,1980,0.27153102
Myanmar,MMR,1981,0.26818773
Myanmar,MMR,1982,0.26442903
Myanmar,MMR,1983,0.2612931
Myanmar,MMR,1984,0.25835174
Myanmar,MMR,1985,0.25555542
Myanmar,MMR,1986,0.25268203
Myanmar,MMR,1987,0.24979109
Myanmar,MMR,1988,0.24719808
Myanmar,MMR,1989,0.24415982
Myanmar,MMR,1990,0.24113172
Myanmar,MMR,1991,0.23824866
Myanmar,MMR,1992,0.23452589
Myanmar,MMR,1993,0.23122397
Myanmar,MMR,1994,0.22760838
Myanmar,MMR,1995,0.22383714
Myanmar,MMR,1996,0.21882308
Myanmar,MMR,1997,0.21462598
Myanmar,MMR,1998,0.21091582
Myanmar,MMR,1999,0.20821926
Myanmar,MMR,2000,0.20521794
Myanmar,MMR,2001,0.20224085
Myanmar,MMR,2002,0.1992814
Myanmar,MMR,2003,0.19673555
Myanmar,MMR,2004,0.19436675
Myanmar,MMR,2005,0.19170658
Myanmar,MMR,2006,0.18862496
Myanmar,MMR,2007,0.18561898
Myanmar,MMR,2008,0.257215
Myanmar,MMR,2009,0.17871441
Myanmar,MMR,2010,0.17508672
Myanmar,MMR,2011,0.17137986
Myanmar,MMR,2012,0.16795981
Myanmar,MMR,2013,0.16472432
Myanmar,MMR,2014,0.16078867
Myanmar,MMR,2015,0.15786739
Myanmar,MMR,2016,0.15494917
Myanmar,MMR,2017,0.15266505
Myanmar,MMR,2018,0.1499417
Myanmar,MMR,2019,0.1476765
Myanmar,MMR,2020,0.14514887
Myanmar,MMR,2021,0.1467703
Myanmar,MMR,2022,0.14334366
Myanmar,MMR,2023,0.14126524
Namibia,NAM,1950,0.40762737
Namibia,NAM,1951,0.40170407
Namibia,NAM,1952,0.39563924
Namibia,NAM,1953,0.38943994
Namibia,NAM,1954,0.3827466
Namibia,NAM,1955,0.37620747
Namibia,NAM,1956,0.3695826
Namibia,NAM,1957,0.36273187
Namibia,NAM,1958,0.35533458
Namibia,NAM,1959,0.34842896
Namibia,NAM,1960,0.34143668
Namibia,NAM,1961,0.33404398
Namibia,NAM,1962,0.32690254
Namibia,NAM,1963,0.32019168
Namibia,NAM,1964,0.31353202
Namibia,NAM,1965,0.3070409
Namibia,NAM,1966,0.3009049
Namibia,NAM,1967,0.294822
Namibia,NAM,1968,0.288515
Namibia,NAM,1969,0.28268403
Namibia,NAM,1970,0.27692664
Namibia,NAM,1971,0.27078176
Namibia,NAM,1972,0.26502594
Namibia,NAM,1973,0.2593118
Namibia,NAM,1974,0.2537802
Namibia,NAM,1975,0.24776757
Namibia,NAM,1976,0.24276918
Namibia,NAM,1977,0.23743851
Namibia,NAM,1978,0.2322014
Namibia,NAM,1979,0.22770523
Namibia,NAM,1980,0.22584142
Namibia,NAM,1981,0.22196089
Namibia,NAM,1982,0.21809551
Namibia,NAM,1983,0.21565916
Namibia,NAM,1984,0.21268311
Namibia,NAM,1985,0.21050438
Namibia,NAM,1986,0.20855157
Namibia,NAM,1987,0.2058724
Namibia,NAM,1988,0.20652746
Namibia,NAM,1989,0.2029241
Namibia,NAM,1990,0.20323697
Namibia,NAM,1991,0.2058736
Namibia,NAM,1992,0.20991543
Namibia,NAM,1993,0.21536006
Namibia,NAM,1994,0.22294317
Namibia,NAM,1995,0.22994833
Namibia,NAM,1996,0.23645817
Namibia,NAM,1997,0.24265487
Namibia,NAM,1998,0.24919125
Namibia,NAM,1999,0.25216484
Namibia,NAM,2000,0.257504
Namibia,NAM,2001,0.2613322
Namibia,NAM,2002,0.26027113
Namibia,NAM,2003,0.25953567
Namibia,NAM,2004,0.25734702
Namibia,NAM,2005,0.25381407
Namibia,NAM,2006,0.24864917
Namibia,NAM,2007,0.24180277
Namibia,NAM,2008,0.23593013
Namibia,NAM,2009,0.232403
Namibia,NAM,2010,0.22695449
Namibia,NAM,2011,0.22354598
Namibia,NAM,2012,0.21642305
Namibia,NAM,2013,0.21254362
Namibia,NAM,2014,0.20831491
Namibia,NAM,2015,0.20370492
Namibia,NAM,2016,0.19820975
Namibia,NAM,2017,0.19240053
Namibia,NAM,2018,0.18604231
Namibia,NAM,2019,0.17937648
Namibia,NAM,2020,0.17086688
Namibia,NAM,2021,0.17407352
Namibia,NAM,2022,0.1638765
Namibia,NAM,2023,0.15331176
Nauru,NRU,1950,0.2345717
Nauru,NRU,1951,0.23314859
Nauru,NRU,1952,0.23090987
Nauru,NRU,1953,0.2287267
Nauru,NRU,1954,0.22611623
Nauru,NRU,1955,0.22521539
Nauru,NRU,1956,0.2236102
Nauru,NRU,1957,0.22175926
Nauru,NRU,1958,0.22106344
Nauru,NRU,1959,0.22007707
Nauru,NRU,1960,0.21855772
Nauru,NRU,1961,0.21640351
Nauru,NRU,1962,0.21614239
Nauru,NRU,1963,0.21544175
Nauru,NRU,1964,0.21456388
Nauru,NRU,1965,0.21323505
Nauru,NRU,1966,0.21114582
Nauru,NRU,1967,0.20568946
Nauru,NRU,1968,0.20527536
Nauru,NRU,1969,0.20429151
Nauru,NRU,1970,0.2034483
Nauru,NRU,1971,0.20240673
Nauru,NRU,1972,0.20135167
Nauru,NRU,1973,0.20053525
Nauru,NRU,1974,0.20009391
Nauru,NRU,1975,0.19959879
Nauru,NRU,1976,0.19871451
Nauru,NRU,1977,0.19812818
Nauru,NRU,1978,0.19743323
Nauru,NRU,1979,0.19713233
Nauru,NRU,1980,0.19697264
Nauru,NRU,1981,0.19692181
Nauru,NRU,1982,0.19765821
Nauru,NRU,1983,0.19895859
Nauru,NRU,1984,0.20037456
Nauru,NRU,1985,0.20141828
Nauru,NRU,1986,0.20213863
Nauru,NRU,1987,0.20228037
Nauru,NRU,1988,0.2018015
Nauru,NRU,1989,0.20052454
Nauru,NRU,1990,0.19880907
Nauru,NRU,1991,0.19694324
Nauru,NRU,1992,0.19468534
Nauru,NRU,1993,0.19281822
Nauru,NRU,1994,0.19137985
Nauru,NRU,1995,0.19052656
Nauru,NRU,1996,0.19030817
Nauru,NRU,1997,0.19052102
Nauru,NRU,1998,0.19100308
Nauru,NRU,1999,0.19164278
Nauru,NRU,2000,0.19227712
Nauru,NRU,2001,0.19280481
Nauru,NRU,2002,0.19329154
Nauru,NRU,2003,0.19375794
Nauru,NRU,2004,0.19412057
Nauru,NRU,2005,0.19419266
Nauru,NRU,2006,0.1938468
Nauru,NRU,2007,0.1931383
Nauru,NRU,2008,0.19194524
Nauru,NRU,2009,0.19054991
Nauru,NRU,2010,0.1889048
Nauru,NRU,2011,0.18734942
Nauru,NRU,2012,0.18596214
Nauru,NRU,2013,0.18510185
Nauru,NRU,2014,0.18461727
Nauru,NRU,2015,0.18442808
Nauru,NRU,2016,0.1844689
Nauru,NRU,2017,0.18471594
Nauru,NRU,2018,0.1849707
Nauru,NRU,2019,0.18527289
Nauru,NRU,2020,0.1854939
Nauru,NRU,2021,0.18596128
Nauru,NRU,2022,0.18573551
Nauru,NRU,2023,0.18583605
Nepal,NPL,1950,0.47176608
Nepal,NPL,1951,0.47125578
Nepal,NPL,1952,0.47076428
Nepal,NPL,1953,0.4702852
Nepal,NPL,1954,0.46921128
Nepal,NPL,1955,0.46845868
Nepal,NPL,1956,0.46776357
Nepal,NPL,1957,0.46775442
Nepal,NPL,1958,0.46641606
Nepal,NPL,1959,0.46403903
Nepal,NPL,1960,0.461799
Nepal,NPL,1961,0.45881593
Nepal,NPL,1962,0.45529458
Nepal,NPL,1963,0.4517985
Nepal,NPL,1964,0.44582966
Nepal,NPL,1965,0.44098678
Nepal,NPL,1966,0.43544263
Nepal,NPL,1967,0.42981067
Nepal,NPL,1968,0.42416635
Nepal,NPL,1969,0.4175458
Nepal,NPL,1970,0.41268393
Nepal,NPL,1971,0.40721065
Nepal,NPL,1972,0.40183148
Nepal,NPL,1973,0.3969508
Nepal,NPL,1974,0.39224038
Nepal,NPL,1975,0.38588014
Nepal,NPL,1976,0.38100117
Nepal,NPL,1977,0.37405944
Nepal,NPL,1978,0.3679242
Nepal,NPL,1979,0.3618944
Nepal,NPL,1980,0.35591453
Nepal,NPL,1981,0.3516266
Nepal,NPL,1982,0.3456239
Nepal,NPL,1983,0.33995596
Nepal,NPL,1984,0.33365935
Nepal,NPL,1985,0.32571495
Nepal,NPL,1986,0.31775165
Nepal,NPL,1987,0.30902025
Nepal,NPL,1988,0.30068752
Nepal,NPL,1989,0.29078037
Nepal,NPL,1990,0.2822333
Nepal,NPL,1991,0.2720301
Nepal,NPL,1992,0.26039037
Nepal,NPL,1993,0.25038975
Nepal,NPL,1994,0.24066442
Nepal,NPL,1995,0.23306577
Nepal,NPL,1996,0.22516747
Nepal,NPL,1997,0.21723227
Nepal,NPL,1998,0.21052949
Nepal,NPL,1999,0.20572473
Nepal,NPL,2000,0.19861625
Nepal,NPL,2001,0.19113475
Nepal,NPL,2002,0.185051
Nepal,NPL,2003,0.17925732
Nepal,NPL,2004,0.17389564
Nepal,NPL,2005,0.16928497
Nepal,NPL,2006,0.16431935
Nepal,NPL,2007,0.16178249
Nepal,NPL,2008,0.15944296
Nepal,NPL,2009,0.15823622
Nepal,NPL,2010,0.15733096
Nepal,NPL,2011,0.15504211
Nepal,NPL,2012,0.15272692
Nepal,NPL,2013,0.15071249
Nepal,NPL,2014,0.14881352
Nepal,NPL,2015,0.15389654
Nepal,NPL,2016,0.14318335
Nepal,NPL,2017,0.14037517
Nepal,NPL,2018,0.13751103
Nepal,NPL,2019,0.13514768
Nepal,NPL,2020,0.13277605
Nepal,NPL,2021,0.13368866
Nepal,NPL,2022,0.12847733
Nepal,NPL,2023,0.12629817
Netherlands,NLD,1850,0.4378327
Netherlands,NLD,1851,0.4434726
Netherlands,NLD,1852,0.45470914
Netherlands,NLD,1853,0.43699327
Netherlands,NLD,1854,0.4443935
Netherlands,NLD,1855,0.48177993
Netherlands,NLD,1856,0.45255685
Netherlands,NLD,1857,0.47985354
Netherlands,NLD,1858,0.47251996
Netherlands,NLD,1859,0.5254041
Netherlands,NLD,1860,0.46334615
Netherlands,NLD,1861,0.47501555
Netherlands,NLD,1862,0.45916918
Netherlands,NLD,1863,0.45913532
Netherlands,NLD,1864,0.4553061
Netherlands,NLD,1865,0.47895807
Netherlands,NLD,1866,0.48810488
Netherlands,NLD,1867,0.44584942
Netherlands,NLD,1868,0.46784732
Netherlands,NLD,1869,0.42757747
Netherlands,NLD,1870,0.46064416
Netherlands,NLD,1871,0.51180893
Netherlands,NLD,1872,0.48005348
Netherlands,NLD,1873,0.44508928
Netherlands,NLD,1874,0.42038146
Netherlands,NLD,1875,0.45238295
Netherlands,NLD,1876,0.4313343
Netherlands,NLD,1877,0.4151153
Netherlands,NLD,1878,0.4260298
Netherlands,NLD,1879,0.41292527
Netherlands,NLD,1880,0.43520698
Netherlands,NLD,1881,0.40540397
Netherlands,NLD,1882,0.39728397
Netherlands,NLD,1883,0.411712
Netherlands,NLD,1884,0.43149084
Netherlands,NLD,1885,0.40283594
Netherlands,NLD,1886,0.41965422
Netherlands,NLD,1887,0.38326564
Netherlands,NLD,1888,0.39317128
Netherlands,NLD,1889,0.3944352
Netherlands,NLD,1890,0.38541296
Netherlands,NLD,1891,0.38645613
Netherlands,NLD,1892,0.38548604
Netherlands,NLD,1893,0.374373
Netherlands,NLD,1894,0.35967293
Netherlands,NLD,1895,0.36567503
Netherlands,NLD,1896,0.3522894
Netherlands,NLD,1897,0.3367716
Netherlands,NLD,1898,0.3438314
Netherlands,NLD,1899,0.3361532
Netherlands,NLD,1900,0.3407345
Netherlands,NLD,1901,0.34612978
Netherlands,NLD,1902,0.32457075
Netherlands,NLD,1903,0.31763217
Netherlands,NLD,1904,0.3268872
Netherlands,NLD,1905,0.3093752
Netherlands,NLD,1906,0.30879098
Netherlands,NLD,1907,0.29170254
Netherlands,NLD,1908,0.3002126
Netherlands,NLD,1909,0.27625814
Netherlands,NLD,1910,0.2795078
Netherlands,NLD,1911,0.30263814
Netherlands,NLD,1912,0.2607852
Netherlands,NLD,1913,0.25744256
Netherlands,NLD,1914,0.25954726
Netherlands,NLD,1915,0.2554886
Netherlands,NLD,1916,0.26519305
Netherlands,NLD,1917,0.2678144
Netherlands,NLD,1918,0.3511562
Netherlands,NLD,1919,0.28137696
Netherlands,NLD,1920,0.24639846
Netherlands,NLD,1921,0.23328248
Netherlands,NLD,1922,0.2224771
Netherlands,NLD,1923,0.21132995
Netherlands,NLD,1924,0.2024499
Netherlands,NLD,1925,0.19836
Netherlands,NLD,1926,0.20103028
Netherlands,NLD,1927,0.19691597
Netherlands,NLD,1928,0.18935351
Netherlands,NLD,1929,0.19670954
Netherlands,NLD,1930,0.18497099
Netherlands,NLD,1931,0.17859128
Netherlands,NLD,1932,0.17281932
Netherlands,NLD,1933,0.16636062
Netherlands,NLD,1934,0.16538152
Netherlands,NLD,1935,0.16092633
Netherlands,NLD,1936,0.16008931
Netherlands,NLD,1937,0.15368636
Netherlands,NLD,1938,0.15400255
Netherlands,NLD,1939,0.14782487
Netherlands,NLD,1940,0.15570267
Netherlands,NLD,1941,0.15863113
Netherlands,NLD,1942,0.16033873
Netherlands,NLD,1943,0.17564812
Netherlands,NLD,1944,0.19726619
Netherlands,NLD,1945,0.2188379
Netherlands,NLD,1946,0.16233455
Netherlands,NLD,1947,0.13848089
Netherlands,NLD,1948,0.12897831
Netherlands,NLD,1949,0.12289549
Netherlands,NLD,1950,0.120669395
Netherlands,NLD,1951,0.12045891
Netherlands,NLD,1952,0.117565155
Netherlands,NLD,1953,0.11910384
Netherlands,NLD,1954,0.11352589
Netherlands,NLD,1955,0.11106721
Netherlands,NLD,1956,0.10779016
Netherlands,NLD,1957,0.10824801
Netherlands,NLD,1958,0.106903546
Netherlands,NLD,1959,0.10589136
Netherlands,NLD,1960,0.104430236
Netherlands,NLD,1961,0.102980345
Netherlands,NLD,1962,0.102695495
Netherlands,NLD,1963,0.101345114
Netherlands,NLD,1964,0.10222002
Netherlands,NLD,1965,0.101206854
Netherlands,NLD,1966,0.10136869
Netherlands,NLD,1967,0.10136951
Netherlands,NLD,1968,0.100231044
Netherlands,NLD,1969,0.101687275
Netherlands,NLD,1970,0.10041265
Netherlands,NLD,1971,0.098192334
Netherlands,NLD,1972,0.097845785
Netherlands,NLD,1973,0.0990139
Netherlands,NLD,1974,0.097228386
Netherlands,NLD,1975,0.095785394
Netherlands,NLD,1976,0.09616528
Netherlands,NLD,1977,0.09604494
Netherlands,NLD,1978,0.09541725
Netherlands,NLD,1979,0.094606034
Netherlands,NLD,1980,0.09376934
Netherlands,NLD,1981,0.09296038
Netherlands,NLD,1982,0.09266682
Netherlands,NLD,1983,0.09292142
Netherlands,NLD,1984,0.0917299
Netherlands,NLD,1985,0.0915156
Netherlands,NLD,1986,0.09173708
Netherlands,NLD,1987,0.09150954
Netherlands,NLD,1988,0.08916109
Netherlands,NLD,1989,0.09035507
Netherlands,NLD,1990,0.08973623
Netherlands,NLD,1991,0.08961596
Netherlands,NLD,1992,0.08954588
Netherlands,NLD,1993,0.088482805
Netherlands,NLD,1994,0.08826467
Netherlands,NLD,1995,0.087906696
Netherlands,NLD,1996,0.08815814
Netherlands,NLD,1997,0.08730435
Netherlands,NLD,1998,0.08625974
Netherlands,NLD,1999,0.087434895
Netherlands,NLD,2000,0.08693936
Netherlands,NLD,2001,0.08629011
Netherlands,NLD,2002,0.08619369
Netherlands,NLD,2003,0.085256845
Netherlands,NLD,2004,0.0842257
Netherlands,NLD,2005,0.08430585
Netherlands,NLD,2006,0.08254128
Netherlands,NLD,2007,0.08203077
Netherlands,NLD,2008,0.08183345
Netherlands,NLD,2009,0.08132653
Netherlands,NLD,2010,0.08080102
Netherlands,NLD,2011,0.08087819
Netherlands,NLD,2012,0.080246426
Netherlands,NLD,2013,0.079565756
Netherlands,NLD,2014,0.079536565
Netherlands,NLD,2015,0.0781571
Netherlands,NLD,2016,0.07908924
Netherlands,NLD,2017,0.0772951
Netherlands,NLD,2018,0.07707242
Netherlands,NLD,2019,0.07738664
Netherlands,NLD,2020,0.076792695
Netherlands,NLD,2021,0.07835451
Netherlands,NLD,2022,0.07590791
Netherlands,NLD,2023,0.07535716
New Caledonia,NCL,1950,0.3231664
New Caledonia,NCL,1951,0.31681424
New Caledonia,NCL,1952,0.30944726
New Caledonia,NCL,1953,0.3027386
New Caledonia,NCL,1954,0.29609576
New Caledonia,NCL,1955,0.2897907
New Caledonia,NCL,1956,0.28295588
New Caledonia,NCL,1957,0.2764201
New Caledonia,NCL,1958,0.26988193
New Caledonia,NCL,1959,0.26359984
New Caledonia,NCL,1960,0.2567495
New Caledonia,NCL,1961,0.2501339
New Caledonia,NCL,1962,0.24346142
New Caledonia,NCL,1963,0.23672424
New Caledonia,NCL,1964,0.22990292
New Caledonia,NCL,1965,0.22299336
New Caledonia,NCL,1966,0.21601585
New Caledonia,NCL,1967,0.20909242
New Caledonia,NCL,1968,0.20236748
New Caledonia,NCL,1969,0.19595176
New Caledonia,NCL,1970,0.18992707
New Caledonia,NCL,1971,0.18434907
New Caledonia,NCL,1972,0.17987287
New Caledonia,NCL,1973,0.17443107
New Caledonia,NCL,1974,0.16995387
New Caledonia,NCL,1975,0.16571435
New Caledonia,NCL,1976,0.16165812
New Caledonia,NCL,1977,0.15774958
New Caledonia,NCL,1978,0.1539924
New Caledonia,NCL,1979,0.15039222
New Caledonia,NCL,1980,0.14695258
New Caledonia,NCL,1981,0.14449072
New Caledonia,NCL,1982,0.14055096
New Caledonia,NCL,1983,0.13759266
New Caledonia,NCL,1984,0.13480833
New Caledonia,NCL,1985,0.13220817
New Caledonia,NCL,1986,0.12980531
New Caledonia,NCL,1987,0.12761217
New Caledonia,NCL,1988,0.12562175
New Caledonia,NCL,1989,0.12379693
New Caledonia,NCL,1990,0.122094154
New Caledonia,NCL,1991,0.12045746
New Caledonia,NCL,1992,0.118819565
New Caledonia,NCL,1993,0.11713286
New Caledonia,NCL,1994,0.11542355
New Caledonia,NCL,1995,0.1137334
New Caledonia,NCL,1996,0.112109885
New Caledonia,NCL,1997,0.110607006
New Caledonia,NCL,1998,0.109276325
New Caledonia,NCL,1999,0.10810076
New Caledonia,NCL,2000,0.1070421
New Caledonia,NCL,2001,0.106060736
New Caledonia,NCL,2002,0.1051123
New Caledonia,NCL,2003,0.1044732
New Caledonia,NCL,2004,0.10315206
New Caledonia,NCL,2005,0.10209706
New Caledonia,NCL,2006,0.10097597
New Caledonia,NCL,2007,0.09977227
New Caledonia,NCL,2008,0.09846943
New Caledonia,NCL,2009,0.09707558
New Caledonia,NCL,2010,0.09565692
New Caledonia,NCL,2011,0.09429048
New Caledonia,NCL,2012,0.09305757
New Caledonia,NCL,2013,0.09203965
New Caledonia,NCL,2014,0.091293655
New Caledonia,NCL,2015,0.09076626
New Caledonia,NCL,2016,0.090361886
New Caledonia,NCL,2017,0.08998154
New Caledonia,NCL,2018,0.08952936
New Caledonia,NCL,2019,0.08891347
New Caledonia,NCL,2020,0.0871791
New Caledonia,NCL,2021,0.10250863
New Caledonia,NCL,2022,0.08958116
New Caledonia,NCL,2023,0.085638255
New Zealand,NZL,1948,0.14440796
New Zealand,NZL,1949,0.14484912
New Zealand,NZL,1950,0.13816014
New Zealand,NZL,1951,0.13222185
New Zealand,NZL,1952,0.13601053
New Zealand,NZL,1953,0.13032843
New Zealand,NZL,1954,0.12773967
New Zealand,NZL,1955,0.12593953
New Zealand,NZL,1956,0.12416007
New Zealand,NZL,1957,0.123822406
New Zealand,NZL,1958,0.123296544
New Zealand,NZL,1959,0.1222615
New Zealand,NZL,1960,0.119698204
New Zealand,NZL,1961,0.11958734
New Zealand,NZL,1962,0.11629224
New Zealand,NZL,1963,0.11604336
New Zealand,NZL,1964,0.11429187
New Zealand,NZL,1965,0.115658954
New Zealand,NZL,1966,0.11480986
New Zealand,NZL,1967,0.11586534
New Zealand,NZL,1968,0.11594296
New Zealand,NZL,1969,0.11367941
New Zealand,NZL,1970,0.11506727
New Zealand,NZL,1971,0.11485153
New Zealand,NZL,1972,0.11328105
New Zealand,NZL,1973,0.111706614
New Zealand,NZL,1974,0.11331581
New Zealand,NZL,1975,0.112479955
New Zealand,NZL,1976,0.11139284
New Zealand,NZL,1977,0.113437526
New Zealand,NZL,1978,0.11065677
New Zealand,NZL,1979,0.10876162
New Zealand,NZL,1980,0.11096112
New Zealand,NZL,1981,0.1076978
New Zealand,NZL,1982,0.10864648
New Zealand,NZL,1983,0.1075664
New Zealand,NZL,1984,0.104935646
New Zealand,NZL,1985,0.10519205
New Zealand,NZL,1986,0.105018266
New Zealand,NZL,1987,0.10549654
New Zealand,NZL,1988,0.10304061
New Zealand,NZL,1989,0.102184266
New Zealand,NZL,1990,0.10183888
New Zealand,NZL,1991,0.099729076
New Zealand,NZL,1992,0.096767314
New Zealand,NZL,1993,0.09811636
New Zealand,NZL,1994,0.096543744
New Zealand,NZL,1995,0.09751129
New Zealand,NZL,1996,0.09739443
New Zealand,NZL,1997,0.09504271
New Zealand,NZL,1998,0.09375373
New Zealand,NZL,1999,0.09217102
New Zealand,NZL,2000,0.09221824
New Zealand,NZL,2001,0.0898205
New Zealand,NZL,2002,0.08966488
New Zealand,NZL,2003,0.08888627
New Zealand,NZL,2004,0.08843399
New Zealand,NZL,2005,0.08707979
New Zealand,NZL,2006,0.085546404
New Zealand,NZL,2007,0.08674318
New Zealand,NZL,2008,0.0851103
New Zealand,NZL,2009,0.085385986
New Zealand,NZL,2010,0.08422874
New Zealand,NZL,2011,0.08347807
New Zealand,NZL,2012,0.08169595
New Zealand,NZL,2013,0.082245156
New Zealand,NZL,2014,0.08190117
New Zealand,NZL,2015,0.081700936
New Zealand,NZL,2016,0.080615185
New Zealand,NZL,2017,0.08125831
New Zealand,NZL,2018,0.08127973
New Zealand,NZL,2019,0.0812251
New Zealand,NZL,2020,0.08049785
New Zealand,NZL,2021,0.08114698
New Zealand,NZL,2022,0.08185603
New Zealand,NZL,2023,0.079600744
Nicaragua,NIC,1950,0.41926968
Nicaragua,NIC,1951,0.41721424
Nicaragua,NIC,1952,0.40704688
Nicaragua,NIC,1953,0.40122232
Nicaragua,NIC,1954,0.395183
Nicaragua,NIC,1955,0.38924313
Nicaragua,NIC,1956,0.38309956
Nicaragua,NIC,1957,0.37714952
Nicaragua,NIC,1958,0.37113816
Nicaragua,NIC,1959,0.3652229
Nicaragua,NIC,1960,0.36157778
Nicaragua,NIC,1961,0.35258514
Nicaragua,NIC,1962,0.34559473
Nicaragua,NIC,1963,0.33793122
Nicaragua,NIC,1964,0.32959306
Nicaragua,NIC,1965,0.317353
Nicaragua,NIC,1966,0.3059754
Nicaragua,NIC,1967,0.2959586
Nicaragua,NIC,1968,0.29047364
Nicaragua,NIC,1969,0.28530508
Nicaragua,NIC,1970,0.2802605
Nicaragua,NIC,1971,0.2757842
Nicaragua,NIC,1972,0.33937612
Nicaragua,NIC,1973,0.26653078
Nicaragua,NIC,1974,0.26214805
Nicaragua,NIC,1975,0.2575824
Nicaragua,NIC,1976,0.25294727
Nicaragua,NIC,1977,0.24799344
Nicaragua,NIC,1978,0.25282675
Nicaragua,NIC,1979,0.2500684
Nicaragua,NIC,1980,0.23084977
Nicaragua,NIC,1981,0.22583367
Nicaragua,NIC,1982,0.22164087
Nicaragua,NIC,1983,0.21890719
Nicaragua,NIC,1984,0.21596853
Nicaragua,NIC,1985,0.2120827
Nicaragua,NIC,1986,0.20722966
Nicaragua,NIC,1987,0.20347889
Nicaragua,NIC,1988,0.19775207
Nicaragua,NIC,1989,0.19079016
Nicaragua,NIC,1990,0.18583782
Nicaragua,NIC,1991,0.18079413
Nicaragua,NIC,1992,0.1776495
Nicaragua,NIC,1993,0.1737296
Nicaragua,NIC,1994,0.16947666
Nicaragua,NIC,1995,0.16667552
Nicaragua,NIC,1996,0.16359463
Nicaragua,NIC,1997,0.16052371
Nicaragua,NIC,1998,0.17738472
Nicaragua,NIC,1999,0.15660019
Nicaragua,NIC,2000,0.15306103
Nicaragua,NIC,2001,0.14841606
Nicaragua,NIC,2002,0.1422469
Nicaragua,NIC,2003,0.13717733
Nicaragua,NIC,2004,0.1325374
Nicaragua,NIC,2005,0.12753612
Nicaragua,NIC,2006,0.12390413
Nicaragua,NIC,2007,0.12249171
Nicaragua,NIC,2008,0.12075211
Nicaragua,NIC,2009,0.11968277
Nicaragua,NIC,2010,0.11879288
Nicaragua,NIC,2011,0.11682759
Nicaragua,NIC,2012,0.11520321
Nicaragua,NIC,2013,0.114736654
Nicaragua,NIC,2014,0.11370137
Nicaragua,NIC,2015,0.1129144
Nicaragua,NIC,2016,0.11114754
Nicaragua,NIC,2017,0.10954839
Nicaragua,NIC,2018,0.10739647
Nicaragua,NIC,2019,0.10812408
Nicaragua,NIC,2020,0.10767231
Nicaragua,NIC,2021,0.11398745
Nicaragua,NIC,2022,0.10398126
Nicaragua,NIC,2023,0.10267625
Niger,NER,1950,0.47239202
Niger,NER,1951,0.47231698
Niger,NER,1952,0.47218594
Niger,NER,1953,0.47203952
Niger,NER,1954,0.47182995
Niger,NER,1955,0.47171715
Niger,NER,1956,0.47090557
Niger,NER,1957,0.47068313
Niger,NER,1958,0.47086942
Niger,NER,1959,0.47046778
Niger,NER,1960,0.469968
Niger,NER,1961,0.4689424
Niger,NER,1962,0.46896422
Niger,NER,1963,0.4681465
Niger,NER,1964,0.4681168
Niger,NER,1965,0.4688275
Niger,NER,1966,0.4703709
Niger,NER,1967,0.47175774
Niger,NER,1968,0.47334313
Niger,NER,1969,0.4748304
Niger,NER,1970,0.47571543
Niger,NER,1971,0.48218074
Niger,NER,1972,0.47818556
Niger,NER,1973,0.4774699
Niger,NER,1974,0.4755074
Niger,NER,1975,0.4728437
Niger,NER,1976,0.46998122
Niger,NER,1977,0.46591792
Niger,NER,1978,0.4615214
Niger,NER,1979,0.45691347
Niger,NER,1980,0.45415497
Niger,NER,1981,0.45418838
Niger,NER,1982,0.45397493
Niger,NER,1983,0.4546377
Niger,NER,1984,0.45603964
Niger,NER,1985,0.45618433
Niger,NER,1986,0.45622954
Niger,NER,1987,0.4548309
Niger,NER,1988,0.45194525
Niger,NER,1989,0.4477176
Niger,NER,1990,0.4419382
Niger,NER,1991,0.43474093
Niger,NER,1992,0.42589894
Niger,NER,1993,0.41672605
Niger,NER,1994,0.40708652
Niger,NER,1995,0.39695618
Niger,NER,1996,0.38729364
Niger,NER,1997,0.37771615
Niger,NER,1998,0.36891928
Niger,NER,1999,0.36061084
Niger,NER,2000,0.35214573
Niger,NER,2001,0.34347945
Niger,NER,2002,0.33428195
Niger,NER,2003,0.3238278
Niger,NER,2004,0.31400192
Niger,NER,2005,0.30365086
Niger,NER,2006,0.29379404
Niger,NER,2007,0.2846047
Niger,NER,2008,0.27641416
Niger,NER,2009,0.27011833
Niger,NER,2010,0.26413915
Niger,NER,2011,0.25876936
Niger,NER,2012,0.25490195
Niger,NER,2013,0.25109866
Niger,NER,2014,0.24774905
Niger,NER,2015,0.2452529
Niger,NER,2016,0.24220984
Niger,NER,2017,0.23966944
Niger,NER,2018,0.2374295
Niger,NER,2019,0.23491676
Niger,NER,2020,0.23187229
Niger,NER,2021,0.23290817
Niger,NER,2022,0.22864391
Niger,NER,2023,0.22458524
Nigeria,NGA,1950,0.47084004
Nigeria,NGA,1951,0.46877438
Nigeria,NGA,1952,0.4671352
Nigeria,NGA,1953,0.46507642
Nigeria,NGA,1954,0.4631225
Nigeria,NGA,1955,0.4608143
Nigeria,NGA,1956,0.45926693
Nigeria,NGA,1957,0.4576105
Nigeria,NGA,1958,0.4552818
Nigeria,NGA,1959,0.45315164
Nigeria,NGA,1960,0.45127416
Nigeria,NGA,1961,0.44874087
Nigeria,NGA,1962,0.44691542
Nigeria,NGA,1963,0.44469875
Nigeria,NGA,1964,0.44260052
Nigeria,NGA,1965,0.44026795
Nigeria,NGA,1966,0.4392949
Nigeria,NGA,1967,0.44198012
Nigeria,NGA,1968,0.43352953
Nigeria,NGA,1969,0.43105257
Nigeria,NGA,1970,0.42690647
Nigeria,NGA,1971,0.4211427
Nigeria,NGA,1972,0.41361916
Nigeria,NGA,1973,0.4070349
Nigeria,NGA,1974,0.399703
Nigeria,NGA,1975,0.39259565
Nigeria,NGA,1976,0.3871018
Nigeria,NGA,1977,0.38065183
Nigeria,NGA,1978,0.37500712
Nigeria,NGA,1979,0.37040064
Nigeria,NGA,1980,0.36712596
Nigeria,NGA,1981,0.3633501
Nigeria,NGA,1982,0.3614885
Nigeria,NGA,1983,0.36129117
Nigeria,NGA,1984,0.3618521
Nigeria,NGA,1985,0.36283082
Nigeria,NGA,1986,0.36508757
Nigeria,NGA,1987,0.36594558
Nigeria,NGA,1988,0.3664216
Nigeria,NGA,1989,0.3666509
Nigeria,NGA,1990,0.3674922
Nigeria,NGA,1991,0.36850005
Nigeria,NGA,1992,0.36766067
Nigeria,NGA,1993,0.36525866
Nigeria,NGA,1994,0.36479568
Nigeria,NGA,1995,0.36336607
Nigeria,NGA,1996,0.36302784
Nigeria,NGA,1997,0.3616739
Nigeria,NGA,1998,0.36034244
Nigeria,NGA,1999,0.3565145
Nigeria,NGA,2000,0.35144785
Nigeria,NGA,2001,0.34820098
Nigeria,NGA,2002,0.34420517
Nigeria,NGA,2003,0.33894452
Nigeria,NGA,2004,0.33428356
Nigeria,NGA,2005,0.3288981
Nigeria,NGA,2006,0.32501435
Nigeria,NGA,2007,0.32038653
Nigeria,NGA,2008,0.31730467
Nigeria,NGA,2009,0.3138393
Nigeria,NGA,2010,0.31159815
Nigeria,NGA,2011,0.31008968
Nigeria,NGA,2012,0.3083385
Nigeria,NGA,2013,0.30667695
Nigeria,NGA,2014,0.30532438
Nigeria,NGA,2015,0.30499384
Nigeria,NGA,2016,0.30309168
Nigeria,NGA,2017,0.30103445
Nigeria,NGA,2018,0.29839355
Nigeria,NGA,2019,0.29521346
Nigeria,NGA,2020,0.29044697
Nigeria,NGA,2021,0.2883218
Nigeria,NGA,2022,0.28434622
Nigeria,NGA,2023,0.28073812
Niue,NIU,1950,0.27490446
Niue,NIU,1951,0.27051985
Niue,NIU,1952,0.26590204
Niue,NIU,1953,0.261112
Niue,NIU,1954,0.25642642
Niue,NIU,1955,0.25155824
Niue,NIU,1956,0.24629806
Niue,NIU,1957,0.24090888
Niue,NIU,1958,0.23525675
Niue,NIU,1959,0.22911797
Niue,NIU,1960,0.22287436
Niue,NIU,1961,0.21621892
Niue,NIU,1962,0.20940046
Niue,NIU,1963,0.20278178
Niue,NIU,1964,0.19602297
Niue,NIU,1965,0.189131
Niue,NIU,1966,0.18248987
Niue,NIU,1967,0.17633623
Niue,NIU,1968,0.17097014
Niue,NIU,1969,0.16615799
Niue,NIU,1970,0.16222435
Niue,NIU,1971,0.1587317
Niue,NIU,1972,0.15572807
Niue,NIU,1973,0.15280998
Niue,NIU,1974,0.14983058
Niue,NIU,1975,0.14689338
Niue,NIU,1976,0.14384808
Niue,NIU,1977,0.1409297
Niue,NIU,1978,0.13846698
Niue,NIU,1979,0.1362635
Niue,NIU,1980,0.13454498
Niue,NIU,1981,0.1331558
Niue,NIU,1982,0.13213138
Niue,NIU,1983,0.13119893
Niue,NIU,1984,0.13060862
Niue,NIU,1985,0.13009506
Niue,NIU,1986,0.12974405
Niue,NIU,1987,0.12954809
Niue,NIU,1988,0.13002607
Niue,NIU,1989,0.13238023
Niue,NIU,1990,0.13433094
Niue,NIU,1991,0.13621232
Niue,NIU,1992,0.13867596
Niue,NIU,1993,0.13976479
Niue,NIU,1994,0.13944246
Niue,NIU,1995,0.13966912
Niue,NIU,1996,0.1399536
Niue,NIU,1997,0.14054407
Niue,NIU,1998,0.13933218
Niue,NIU,1999,0.14894415
Niue,NIU,2000,0.13905613
Niue,NIU,2001,0.13849509
Niue,NIU,2002,0.13896844
Niue,NIU,2003,0.13907206
Niue,NIU,2004,0.15546796
Niue,NIU,2005,0.13964784
Niue,NIU,2006,0.14042762
Niue,NIU,2007,0.14054368
Niue,NIU,2008,0.14099261
Niue,NIU,2009,0.13955663
Niue,NIU,2010,0.13791792
Niue,NIU,2011,0.13685845
Niue,NIU,2012,0.13580567
Niue,NIU,2013,0.13479714
Niue,NIU,2014,0.13382685
Niue,NIU,2015,0.13279133
Niue,NIU,2016,0.13183439
Niue,NIU,2017,0.13091372
Niue,NIU,2018,0.13004631
Niue,NIU,2019,0.12923321
Niue,NIU,2020,0.1283222
Niue,NIU,2021,0.12711902
Niue,NIU,2022,0.12644073
Niue,NIU,2023,0.12569824
No income group available,,1950,0.28706428
No income group available,,1951,0.28078008
No income group available,,1952,0.2749515
No income group available,,1953,0.26928437
No income group available,,1954,0.26343164
No income group available,,1955,0.25764748
No income group available,,1956,0.2517534
No income group available,,1957,0.24592905
No income group available,,1958,0.24014662
No income group available,,1959,0.2342201
No income group available,,1960,0.2286807
No income group available,,1961,0.22305018
No income group available,,1962,0.2178013
No income group available,,1963,0.21224527
No income group available,,1964,0.20676874
No income group available,,1965,0.20141682
No income group available,,1966,0.19336411
No income group available,,1967,0.19003172
No income group available,,1968,0.18516758
No income group available,,1969,0.18602675
No income group available,,1970,0.17669876
No income group available,,1971,0.17130712
No income group available,,1972,0.16710925
No income group available,,1973,0.16380242
No income group available,,1974,0.1586044
No income group available,,1975,0.15664408
No income group available,,1976,0.1524086
No income group available,,1977,0.14900962
No income group available,,1978,0.14676371
No income group available,,1979,0.14448896
No income group available,,1980,0.14258991
No income group available,,1981,0.14054112
No income group available,,1982,0.13799584
No income group available,,1983,0.1352851
No income group available,,1984,0.1334146
No income group available,,1985,0.13177572
No income group available,,1986,0.12886755
No income group available,,1987,0.12882002
No income group available,,1988,0.1273474
No income group available,,1989,0.12589201
No income group available,,1990,0.1254441
No income group available,,1991,0.12328939
No income group available,,1992,0.122679025
No income group available,,1993,0.12143126
No income group available,,1994,0.12137231
No income group available,,1995,0.11996617
No income group available,,1996,0.11954482
No income group available,,1997,0.11648752
No income group available,,1998,0.11506295
No income group available,,1999,0.116662405
No income group available,,2000,0.11302612
No income group available,,2001,0.116417624
No income group available,,2002,0.10979174
No income group available,,2003,0.11293693
No income group available,,2004,0.11024522
No income group available,,2005,0.10902095
No income group available,,2006,0.10856669
No income group available,,2007,0.10522657
No income group available,,2008,0.108457804
No income group available,,2009,0.108061835
No income group available,,2010,0.10732131
No income group available,,2011,0.1049253
No income group available,,2012,0.10594065
No income group available,,2013,0.10700461
No income group available,,2014,0.10789751
No income group available,,2015,0.10753304
No income group available,,2016,0.111177385
No income group available,,2017,0.11476966
No income group available,,2018,0.113957345
No income group available,,2019,0.11272808
No income group available,,2020,0.11286065
No income group available,,2021,0.11538277
No income group available,,2022,0.11356801
No income group available,,2023,0.113649085
North Korea,PRK,1950,0.59790736
North Korea,PRK,1951,0.5548997
North Korea,PRK,1952,0.42611885
North Korea,PRK,1953,0.37567922
North Korea,PRK,1954,0.31707337
North Korea,PRK,1955,0.30468458
North Korea,PRK,1956,0.29361355
North Korea,PRK,1957,0.28393766
North Korea,PRK,1958,0.27556667
North Korea,PRK,1959,0.2682771
North Korea,PRK,1960,0.26171833
North Korea,PRK,1961,0.2556139
North Korea,PRK,1962,0.24970876
North Korea,PRK,1963,0.24379034
North Korea,PRK,1964,0.23773642
North Korea,PRK,1965,0.23139744
North Korea,PRK,1966,0.2248488
North Korea,PRK,1967,0.21811025
North Korea,PRK,1968,0.21138069
North Korea,PRK,1969,0.20480208
North Korea,PRK,1970,0.19836996
North Korea,PRK,1971,0.1922599
North Korea,PRK,1972,0.18643406
North Korea,PRK,1973,0.18098009
North Korea,PRK,1974,0.17578371
North Korea,PRK,1975,0.17088306
North Korea,PRK,1976,0.16606948
North Korea,PRK,1977,0.1615305
North Korea,PRK,1978,0.1570494
North Korea,PRK,1979,0.15281783
North Korea,PRK,1980,0.14857772
North Korea,PRK,1981,0.14451538
North Korea,PRK,1982,0.14062361
North Korea,PRK,1983,0.13696228
North Korea,PRK,1984,0.13359213
North Korea,PRK,1985,0.13052689
North Korea,PRK,1986,0.12779425
North Korea,PRK,1987,0.12587148
North Korea,PRK,1988,0.12336157
North Korea,PRK,1989,0.121537425
North Korea,PRK,1990,0.11978895
North Korea,PRK,1991,0.117932685
North Korea,PRK,1992,0.116627984
North Korea,PRK,1993,0.119503185
North Korea,PRK,1994,0.12293455
North Korea,PRK,1995,0.22003195
North Korea,PRK,1996,0.21888778
North Korea,PRK,1997,0.21778935
North Korea,PRK,1998,0.21692331
North Korea,PRK,1999,0.21598071
North Korea,PRK,2000,0.21528836
North Korea,PRK,2001,0.21480826
North Korea,PRK,2002,0.21430522
North Korea,PRK,2003,0.12727132
North Korea,PRK,2004,0.12753613
North Korea,PRK,2005,0.12802833
North Korea,PRK,2006,0.12843959
North Korea,PRK,2007,0.12903923
North Korea,PRK,2008,0.12785617
North Korea,PRK,2009,0.12685138
North Korea,PRK,2010,0.12521352
North Korea,PRK,2011,0.123471215
North Korea,PRK,2012,0.12159027
North Korea,PRK,2013,0.119451895
North Korea,PRK,2014,0.11722034
North Korea,PRK,2015,0.11561679
North Korea,PRK,2016,0.11480412
North Korea,PRK,2017,0.113340564
North Korea,PRK,2018,0.11260334
North Korea,PRK,2019,0.11097868
North Korea,PRK,2020,0.11062226
North Korea,PRK,2021,0.11249785
North Korea,PRK,2022,0.11217848
North Korea,PRK,2023,0.11189923
North Macedonia,MKD,1950,0.3383577
North Macedonia,MKD,1951,0.36728126
North Macedonia,MKD,1952,0.32174125
North Macedonia,MKD,1953,0.32022327
North Macedonia,MKD,1954,0.29198557
North Macedonia,MKD,1955,0.29559752
North Macedonia,MKD,1956,0.26050302
North Macedonia,MKD,1957,0.29034036
North Macedonia,MKD,1958,0.24306229
North Macedonia,MKD,1959,0.2475182
North Macedonia,MKD,1960,0.24027613
North Macedonia,MKD,1961,0.22352096
North Macedonia,MKD,1962,0.25258353
North Macedonia,MKD,1963,0.22454949
North Macedonia,MKD,1964,0.22846264
North Macedonia,MKD,1965,0.21189904
North Macedonia,MKD,1966,0.20429859
North Macedonia,MKD,1967,0.20118496
North Macedonia,MKD,1968,0.19308712
North Macedonia,MKD,1969,0.1964772
North Macedonia,MKD,1970,0.18856108
North Macedonia,MKD,1971,0.18294077
North Macedonia,MKD,1972,0.17748342
North Macedonia,MKD,1973,0.15817593
North Macedonia,MKD,1974,0.1596945
North Macedonia,MKD,1975,0.16126502
North Macedonia,MKD,1976,0.15271778
North Macedonia,MKD,1977,0.1498545
North Macedonia,MKD,1978,0.14413561
North Macedonia,MKD,1979,0.13915043
North Macedonia,MKD,1980,0.14013429
North Macedonia,MKD,1981,0.13587788
North Macedonia,MKD,1982,0.13529044
North Macedonia,MKD,1983,0.13433565
North Macedonia,MKD,1984,0.12818742
North Macedonia,MKD,1985,0.12727551
North Macedonia,MKD,1986,0.12906227
North Macedonia,MKD,1987,0.12836705
North Macedonia,MKD,1988,0.12723222
North Macedonia,MKD,1989,0.12302895
North Macedonia,MKD,1990,0.120066114
North Macedonia,MKD,1991,0.11662582
North Macedonia,MKD,1992,0.118238695
North Macedonia,MKD,1993,0.114081986
North Macedonia,MKD,1994,0.11526533
North Macedonia,MKD,1995,0.11325204
North Macedonia,MKD,1996,0.104358815
North Macedonia,MKD,1997,0.1037076
North Macedonia,MKD,1998,0.108309366
North Macedonia,MKD,1999,0.10098293
North Macedonia,MKD,2000,0.09933266
North Macedonia,MKD,2001,0.09600905
North Macedonia,MKD,2002,0.09787531
North Macedonia,MKD,2003,0.09470738
North Macedonia,MKD,2004,0.09650651
North Macedonia,MKD,2005,0.093808666
North Macedonia,MKD,2006,0.093410596
North Macedonia,MKD,2007,0.09349072
North Macedonia,MKD,2008,0.09058937
North Macedonia,MKD,2009,0.0917258
North Macedonia,MKD,2010,0.088466585
North Macedonia,MKD,2011,0.08667874
North Macedonia,MKD,2012,0.08940526
North Macedonia,MKD,2013,0.09073082
North Macedonia,MKD,2014,0.08949547
North Macedonia,MKD,2015,0.08874477
North Macedonia,MKD,2016,0.09219968
North Macedonia,MKD,2017,0.08859596
North Macedonia,MKD,2018,0.08552488
North Macedonia,MKD,2019,0.085220225
North Macedonia,MKD,2020,0.09163786
North Macedonia,MKD,2021,0.094951965
North Macedonia,MKD,2022,0.080642454
North Macedonia,MKD,2023,0.08319804
Northern America (UN),UN_NAM,1950,0.14154473
Northern America (UN),UN_NAM,1951,0.14026444
Northern America (UN),UN_NAM,1952,0.1399221
Northern America (UN),UN_NAM,1953,0.136111
Northern America (UN),UN_NAM,1954,0.13300443
Northern America (UN),UN_NAM,1955,0.13079539
Northern America (UN),UN_NAM,1956,0.13001333
Northern America (UN),UN_NAM,1957,0.1306704
Northern America (UN),UN_NAM,1958,0.1290162
Northern America (UN),UN_NAM,1959,0.12770872
Northern America (UN),UN_NAM,1960,0.12730548
Northern America (UN),UN_NAM,1961,0.12582113
Northern America (UN),UN_NAM,1962,0.12587473
Northern America (UN),UN_NAM,1963,0.12589921
Northern America (UN),UN_NAM,1964,0.12594485
Northern America (UN),UN_NAM,1965,0.12511323
Northern America (UN),UN_NAM,1966,0.124714606
Northern America (UN),UN_NAM,1967,0.12369759
Northern America (UN),UN_NAM,1968,0.12390823
Northern America (UN),UN_NAM,1969,0.12335333
Northern America (UN),UN_NAM,1970,0.123382464
Northern America (UN),UN_NAM,1971,0.1210224
Northern America (UN),UN_NAM,1972,0.119809106
Northern America (UN),UN_NAM,1973,0.1187236
Northern America (UN),UN_NAM,1974,0.11708523
Northern America (UN),UN_NAM,1975,0.116013095
Northern America (UN),UN_NAM,1976,0.114149444
Northern America (UN),UN_NAM,1977,0.113509394
Northern America (UN),UN_NAM,1978,0.11258996
Northern America (UN),UN_NAM,1979,0.11138461
Northern America (UN),UN_NAM,1980,0.110489324
Northern America (UN),UN_NAM,1981,0.10951993
Northern America (UN),UN_NAM,1982,0.108416386
Northern America (UN),UN_NAM,1983,0.10725692
Northern America (UN),UN_NAM,1984,0.106975526
Northern America (UN),UN_NAM,1985,0.10624827
Northern America (UN),UN_NAM,1986,0.106182285
Northern America (UN),UN_NAM,1987,0.10579701
Northern America (UN),UN_NAM,1988,0.1055662
Northern America (UN),UN_NAM,1989,0.10563956
Northern America (UN),UN_NAM,1990,0.10464688
Northern America (UN),UN_NAM,1991,0.10419955
Northern America (UN),UN_NAM,1992,0.10350592
Northern America (UN),UN_NAM,1993,0.10316286
Northern America (UN),UN_NAM,1994,0.102778584
Northern America (UN),UN_NAM,1995,0.1021539
Northern America (UN),UN_NAM,1996,0.101109356
Northern America (UN),UN_NAM,1997,0.09995389
Northern America (UN),UN_NAM,1998,0.09921289
Northern America (UN),UN_NAM,1999,0.098503016
Northern America (UN),UN_NAM,2000,0.098092206
Northern America (UN),UN_NAM,2001,0.097955786
Northern America (UN),UN_NAM,2002,0.09773116
Northern America (UN),UN_NAM,2003,0.09760256
Northern America (UN),UN_NAM,2004,0.09736095
Northern America (UN),UN_NAM,2005,0.09702459
Northern America (UN),UN_NAM,2006,0.097005196
Northern America (UN),UN_NAM,2007,0.09659722
Northern America (UN),UN_NAM,2008,0.09581667
Northern America (UN),UN_NAM,2009,0.09613707
Northern America (UN),UN_NAM,2010,0.094773665
Northern America (UN),UN_NAM,2011,0.094631165
Northern America (UN),UN_NAM,2012,0.094524495
Northern America (UN),UN_NAM,2013,0.094509535
Northern America (UN),UN_NAM,2014,0.09503744
Northern America (UN),UN_NAM,2015,0.095373996
Northern America (UN),UN_NAM,2016,0.09661798
Northern America (UN),UN_NAM,2017,0.09626601
Northern America (UN),UN_NAM,2018,0.095704295
Northern America (UN),UN_NAM,2019,0.095539
Northern America (UN),UN_NAM,2020,0.098729864
Northern America (UN),UN_NAM,2021,0.104054704
Northern America (UN),UN_NAM,2022,0.09899885
Northern America (UN),UN_NAM,2023,0.094524324
Northern Ireland,,1922,0.26850665
Northern Ireland,,1923,0.2677412
Northern Ireland,,1924,0.2702373
Northern Ireland,,1925,0.2775247
Northern Ireland,,1926,0.26854923
Northern Ireland,,1927,0.25797558
Northern Ireland,,1928,0.25270116
Northern Ireland,,1929,0.261816
Northern Ireland,,1930,0.23500523
Northern Ireland,,1931,0.24229565
Northern Ireland,,1932,0.24148972
Northern Ireland,,1933,0.24733026
Northern Ireland,,1934,0.23199224
Northern Ireland,,1935,0.2551991
Northern Ireland,,1936,0.23563968
Northern Ireland,,1937,0.23449153
Northern Ireland,,1938,0.23512055
Northern Ireland,,1939,0.20775515
Northern Ireland,,1940,0.23564342
Northern Ireland,,1941,0.23475136
Northern Ireland,,1942,0.21938278
Northern Ireland,,1943,0.2150799
Northern Ireland,,1944,0.203536
Northern Ireland,,1945,0.19824189
Northern Ireland,,1946,0.18123499
Northern Ireland,,1947,0.17754667
Northern Ireland,,1948,0.16447772
Northern Ireland,,1949,0.16069782
Northern Mariana Islands,MNP,1950,0.20537826
Northern Mariana Islands,MNP,1951,0.20285653
Northern Mariana Islands,MNP,1952,0.20074958
Northern Mariana Islands,MNP,1953,0.19827127
Northern Mariana Islands,MNP,1954,0.19597086
Northern Mariana Islands,MNP,1955,0.19364281
Northern Mariana Islands,MNP,1956,0.19159698
Northern Mariana Islands,MNP,1957,0.18923786
Northern Mariana Islands,MNP,1958,0.18688484
Northern Mariana Islands,MNP,1959,0.18458137
Northern Mariana Islands,MNP,1960,0.18216841
Northern Mariana Islands,MNP,1961,0.1800379
Northern Mariana Islands,MNP,1962,0.17774567
Northern Mariana Islands,MNP,1963,0.17517178
Northern Mariana Islands,MNP,1964,0.17272554
Northern Mariana Islands,MNP,1965,0.16981605
Northern Mariana Islands,MNP,1966,0.16687249
Northern Mariana Islands,MNP,1967,0.16382702
Northern Mariana Islands,MNP,1968,0.16079395
Northern Mariana Islands,MNP,1969,0.15790182
Northern Mariana Islands,MNP,1970,0.15511774
Northern Mariana Islands,MNP,1971,0.1523419
Northern Mariana Islands,MNP,1972,0.14936876
Northern Mariana Islands,MNP,1973,0.14630681
Northern Mariana Islands,MNP,1974,0.14300776
Northern Mariana Islands,MNP,1975,0.1397958
Northern Mariana Islands,MNP,1976,0.137058
Northern Mariana Islands,MNP,1977,0.13485184
Northern Mariana Islands,MNP,1978,0.13393444
Northern Mariana Islands,MNP,1979,0.13371228
Northern Mariana Islands,MNP,1980,0.1342109
Northern Mariana Islands,MNP,1981,0.1350541
Northern Mariana Islands,MNP,1982,0.13608524
Northern Mariana Islands,MNP,1983,0.13745745
Northern Mariana Islands,MNP,1984,0.1386102
Northern Mariana Islands,MNP,1985,0.1399306
Northern Mariana Islands,MNP,1986,0.1411646
Northern Mariana Islands,MNP,1987,0.14178395
Northern Mariana Islands,MNP,1988,0.14155975
Northern Mariana Islands,MNP,1989,0.13995303
Northern Mariana Islands,MNP,1990,0.13666685
Northern Mariana Islands,MNP,1991,0.13222724
Northern Mariana Islands,MNP,1992,0.12702316
Northern Mariana Islands,MNP,1993,0.12156757
Northern Mariana Islands,MNP,1994,0.116309986
Northern Mariana Islands,MNP,1995,0.11148801
Northern Mariana Islands,MNP,1996,0.10705132
Northern Mariana Islands,MNP,1997,0.104664475
Northern Mariana Islands,MNP,1998,0.10335279
Northern Mariana Islands,MNP,1999,0.10306985
Northern Mariana Islands,MNP,2000,0.10369148
Northern Mariana Islands,MNP,2001,0.105100915
Northern Mariana Islands,MNP,2002,0.10395728
Northern Mariana Islands,MNP,2003,0.101437
Northern Mariana Islands,MNP,2004,0.1001793
Northern Mariana Islands,MNP,2005,0.09547405
Northern Mariana Islands,MNP,2006,0.092417605
Northern Mariana Islands,MNP,2007,0.09074588
Northern Mariana Islands,MNP,2008,0.08983505
Northern Mariana Islands,MNP,2009,0.08950486
Northern Mariana Islands,MNP,2010,0.089566365
Northern Mariana Islands,MNP,2011,0.08975201
Northern Mariana Islands,MNP,2012,0.09003338
Northern Mariana Islands,MNP,2013,0.090297766
Northern Mariana Islands,MNP,2014,0.09046146
Northern Mariana Islands,MNP,2015,0.090506636
Northern Mariana Islands,MNP,2016,0.09037453
Northern Mariana Islands,MNP,2017,0.09006113
Northern Mariana Islands,MNP,2018,0.09107271
Northern Mariana Islands,MNP,2019,0.08894478
Northern Mariana Islands,MNP,2020,0.08828841
Northern Mariana Islands,MNP,2021,0.08805211
Northern Mariana Islands,MNP,2022,0.08671315
Northern Mariana Islands,MNP,2023,0.085901566
Norway,NOR,1846,0.35331282
Norway,NOR,1847,0.38221598
Norway,NOR,1848,0.36905324
Norway,NOR,1849,0.33492878
Norway,NOR,1850,0.326976
Norway,NOR,1851,0.32648265
Norway,NOR,1852,0.3423264
Norway,NOR,1853,0.336911
Norway,NOR,1854,0.31005907
Norway,NOR,1855,0.31321344
Norway,NOR,1856,0.3262352
Norway,NOR,1857,0.32366538
Norway,NOR,1858,0.31458136
Norway,NOR,1859,0.3361865
Norway,NOR,1860,0.3358659
Norway,NOR,1861,0.38963443
Norway,NOR,1862,0.40580642
Norway,NOR,1863,0.37599322
Norway,NOR,1864,0.34591332
Norway,NOR,1865,0.33509222
Norway,NOR,1866,0.33036923
Norway,NOR,1867,0.34392276
Norway,NOR,1868,0.3593019
Norway,NOR,1869,0.3345013
Norway,NOR,1870,0.31698814
Norway,NOR,1871,0.3289458
Norway,NOR,1872,0.33373547
Norway,NOR,1873,0.33863142
Norway,NOR,1874,0.35865238
Norway,NOR,1875,0.3518195
Norway,NOR,1876,0.36746016
Norway,NOR,1877,0.34230408
Norway,NOR,1878,0.32412478
Norway,NOR,1879,0.30752692
Norway,NOR,1880,0.3150693
Norway,NOR,1881,0.3303295
Norway,NOR,1882,0.37228754
Norway,NOR,1883,0.34641075
Norway,NOR,1884,0.33594242
Norway,NOR,1885,0.33009893
Norway,NOR,1886,0.32677162
Norway,NOR,1887,0.32860702
Norway,NOR,1888,0.3352646
Norway,NOR,1889,0.35631546
Norway,NOR,1890,0.35470778
Norway,NOR,1891,0.3356746
Norway,NOR,1892,0.33260182
Norway,NOR,1893,0.31981698
Norway,NOR,1894,0.3335309
Norway,NOR,1895,0.3106688
Norway,NOR,1896,0.2984576
Norway,NOR,1897,0.2989305
Norway,NOR,1898,0.2969741
Norway,NOR,1899,0.31499416
Norway,NOR,1900,0.29580173
Norway,NOR,1901,0.28940585
Norway,NOR,1902,0.2721104
Norway,NOR,1903,0.28593335
Norway,NOR,1904,0.2753281
Norway,NOR,1905,0.28826877
Norway,NOR,1906,0.27285746
Norway,NOR,1907,0.26502314
Norway,NOR,1908,0.27411288
Norway,NOR,1909,0.26352742
Norway,NOR,1910,0.25302818
Norway,NOR,1911,0.25851774
Norway,NOR,1912,0.25696012
Norway,NOR,1913,0.24839894
Norway,NOR,1914,0.25473526
Norway,NOR,1915,0.2479426
Norway,NOR,1916,0.25510338
Norway,NOR,1917,0.25191918
Norway,NOR,1918,0.31753242
Norway,NOR,1919,0.26616108
Norway,NOR,1920,0.24811226
Norway,NOR,1921,0.22514868
Norway,NOR,1922,0.22714451
Norway,NOR,1923,0.21760112
Norway,NOR,1924,0.21794976
Norway,NOR,1925,0.21221744
Norway,NOR,1926,0.20488435
Norway,NOR,1927,0.20322795
Norway,NOR,1928,0.20325817
Norway,NOR,1929,0.20766872
Norway,NOR,1930,0.19619536
Norway,NOR,1931,0.19171815
Norway,NOR,1932,0.18971299
Norway,NOR,1933,0.18400699
Norway,NOR,1934,0.17599575
Norway,NOR,1935,0.17524157
Norway,NOR,1936,0.1759154
Norway,NOR,1937,0.17273967
Norway,NOR,1938,0.16212696
Norway,NOR,1939,0.15843
Norway,NOR,1940,0.16195896
Norway,NOR,1941,0.17054465
Norway,NOR,1942,0.17317304
Norway,NOR,1943,0.17290013
Norway,NOR,1944,0.17393325
Norway,NOR,1945,0.16019154
Norway,NOR,1946,0.14939708
Norway,NOR,1947,0.14071593
Norway,NOR,1948,0.13328113
Norway,NOR,1949,0.12547724
Norway,NOR,1950,0.12303291
Norway,NOR,1951,0.120324224
Norway,NOR,1952,0.11888095
Norway,NOR,1953,0.11218756
Norway,NOR,1954,0.11043742
Norway,NOR,1955,0.10965871
Norway,NOR,1956,0.108121894
Norway,NOR,1957,0.106667556
Norway,NOR,1958,0.106889
Norway,NOR,1959,0.10520967
Norway,NOR,1960,0.103899896
Norway,NOR,1961,0.10273318
Norway,NOR,1962,0.10173242
Norway,NOR,1963,0.1001163
Norway,NOR,1964,0.101168774
Norway,NOR,1965,0.10058952
Norway,NOR,1966,0.0984247
Norway,NOR,1967,0.098654576
Norway,NOR,1968,0.09773029
Norway,NOR,1969,0.10002705
Norway,NOR,1970,0.095159456
Norway,NOR,1971,0.095724
Norway,NOR,1972,0.094634645
Norway,NOR,1973,0.09357385
Norway,NOR,1974,0.09316749
Norway,NOR,1975,0.093560085
Norway,NOR,1976,0.09369834
Norway,NOR,1977,0.09175151
Norway,NOR,1978,0.09223127
Norway,NOR,1979,0.09043677
Norway,NOR,1980,0.089943714
Norway,NOR,1981,0.08955226
Norway,NOR,1982,0.090739086
Norway,NOR,1983,0.090494476
Norway,NOR,1984,0.09118037
Norway,NOR,1985,0.090962656
Norway,NOR,1986,0.09122215
Norway,NOR,1987,0.09159201
Norway,NOR,1988,0.09076808
Norway,NOR,1989,0.08936198
Norway,NOR,1990,0.08868477
Norway,NOR,1991,0.08853159
Norway,NOR,1992,0.08766549
Norway,NOR,1993,0.08552691
Norway,NOR,1994,0.08660614
Norway,NOR,1995,0.08410482
Norway,NOR,1996,0.08464707
Norway,NOR,1997,0.08460868
Norway,NOR,1998,0.083823554
Norway,NOR,1999,0.08400466
Norway,NOR,2000,0.08361298
Norway,NOR,2001,0.08298568
Norway,NOR,2002,0.08300694
Norway,NOR,2003,0.08227809
Norway,NOR,2004,0.081940755
Norway,NOR,2005,0.08184409
Norway,NOR,2006,0.07952925
Norway,NOR,2007,0.08024057
Norway,NOR,2008,0.07933067
Norway,NOR,2009,0.07909342
Norway,NOR,2010,0.07938187
Norway,NOR,2011,0.07765669
Norway,NOR,2012,0.07650174
Norway,NOR,2013,0.077462144
Norway,NOR,2014,0.07531504
Norway,NOR,2015,0.07437893
Norway,NOR,2016,0.075082764
Norway,NOR,2017,0.074314564
Norway,NOR,2018,0.07335014
Norway,NOR,2019,0.07341036
Norway,NOR,2020,0.07274549
Norway,NOR,2021,0.07223088
Norway,NOR,2022,0.07238002
Norway,NOR,2023,0.070278384
Oceania (UN),UN_OCE,1950,0.2098261
Oceania (UN),UN_OCE,1951,0.22125408
Oceania (UN),UN_OCE,1952,0.203953
Oceania (UN),UN_OCE,1953,0.20034103
Oceania (UN),UN_OCE,1954,0.19713452
Oceania (UN),UN_OCE,1955,0.19363882
Oceania (UN),UN_OCE,1956,0.1908758
Oceania (UN),UN_OCE,1957,0.18846701
Oceania (UN),UN_OCE,1958,0.18565106
Oceania (UN),UN_OCE,1959,0.18311888
Oceania (UN),UN_OCE,1960,0.18076295
Oceania (UN),UN_OCE,1961,0.17713162
Oceania (UN),UN_OCE,1962,0.17572147
Oceania (UN),UN_OCE,1963,0.17363714
Oceania (UN),UN_OCE,1964,0.17220122
Oceania (UN),UN_OCE,1965,0.17083192
Oceania (UN),UN_OCE,1966,0.16826984
Oceania (UN),UN_OCE,1967,0.16642681
Oceania (UN),UN_OCE,1968,0.16369025
Oceania (UN),UN_OCE,1969,0.16171789
Oceania (UN),UN_OCE,1970,0.16037622
Oceania (UN),UN_OCE,1971,0.15672301
Oceania (UN),UN_OCE,1972,0.15388542
Oceania (UN),UN_OCE,1973,0.15203035
Oceania (UN),UN_OCE,1974,0.15058738
Oceania (UN),UN_OCE,1975,0.14981693
Oceania (UN),UN_OCE,1976,0.14712964
Oceania (UN),UN_OCE,1977,0.14619315
Oceania (UN),UN_OCE,1978,0.14484854
Oceania (UN),UN_OCE,1979,0.14199182
Oceania (UN),UN_OCE,1980,0.14021532
Oceania (UN),UN_OCE,1981,0.13829292
Oceania (UN),UN_OCE,1982,0.13677126
Oceania (UN),UN_OCE,1983,0.13623692
Oceania (UN),UN_OCE,1984,0.13447767
Oceania (UN),UN_OCE,1985,0.13303655
Oceania (UN),UN_OCE,1986,0.13231403
Oceania (UN),UN_OCE,1987,0.13117014
Oceania (UN),UN_OCE,1988,0.12980771
Oceania (UN),UN_OCE,1989,0.12802267
Oceania (UN),UN_OCE,1990,0.12749588
Oceania (UN),UN_OCE,1991,0.12678143
Oceania (UN),UN_OCE,1992,0.12524311
Oceania (UN),UN_OCE,1993,0.124966525
Oceania (UN),UN_OCE,1994,0.12401764
Oceania (UN),UN_OCE,1995,0.12420721
Oceania (UN),UN_OCE,1996,0.123831026
Oceania (UN),UN_OCE,1997,0.12370738
Oceania (UN),UN_OCE,1998,0.1267667
Oceania (UN),UN_OCE,1999,0.123343706
Oceania (UN),UN_OCE,2000,0.12320892
Oceania (UN),UN_OCE,2001,0.122501194
Oceania (UN),UN_OCE,2002,0.12274541
Oceania (UN),UN_OCE,2003,0.122292995
Oceania (UN),UN_OCE,2004,0.12212338
Oceania (UN),UN_OCE,2005,0.121592134
Oceania (UN),UN_OCE,2006,0.1206598
Oceania (UN),UN_OCE,2007,0.12009153
Oceania (UN),UN_OCE,2008,0.11783059
Oceania (UN),UN_OCE,2009,0.11801502
Oceania (UN),UN_OCE,2010,0.11617426
Oceania (UN),UN_OCE,2011,0.115098745
Oceania (UN),UN_OCE,2012,0.113589875
Oceania (UN),UN_OCE,2013,0.113356546
Oceania (UN),UN_OCE,2014,0.11243266
Oceania (UN),UN_OCE,2015,0.11108088
Oceania (UN),UN_OCE,2016,0.11039294
Oceania (UN),UN_OCE,2017,0.109944314
Oceania (UN),UN_OCE,2018,0.10975444
Oceania (UN),UN_OCE,2019,0.10905936
Oceania (UN),UN_OCE,2020,0.10918327
Oceania (UN),UN_OCE,2021,0.111129545
Oceania (UN),UN_OCE,2022,0.10704025
Oceania (UN),UN_OCE,2023,0.10507508
Oman,OMN,1950,0.56034696
Oman,OMN,1951,0.55477434
Oman,OMN,1952,0.54915136
Oman,OMN,1953,0.5433427
Oman,OMN,1954,0.5372404
Oman,OMN,1955,0.530786
Oman,OMN,1956,0.5239002
Oman,OMN,1957,0.5165173
Oman,OMN,1958,0.5084205
Oman,OMN,1959,0.4996459
Oman,OMN,1960,0.48994964
Oman,OMN,1961,0.47923204
Oman,OMN,1962,0.4674855
Oman,OMN,1963,0.4548266
Oman,OMN,1964,0.44140628
Oman,OMN,1965,0.42752814
Oman,OMN,1966,0.41337544
Oman,OMN,1967,0.3991087
Oman,OMN,1968,0.38481188
Oman,OMN,1969,0.3705159
Oman,OMN,1970,0.35742122
Oman,OMN,1971,0.34337896
Oman,OMN,1972,0.32836518
Oman,OMN,1973,0.31440327
Oman,OMN,1974,0.3005587
Oman,OMN,1975,0.28682405
Oman,OMN,1976,0.27268338
Oman,OMN,1977,0.26171684
Oman,OMN,1978,0.2457795
Oman,OMN,1979,0.23272331
Oman,OMN,1980,0.22010462
Oman,OMN,1981,0.20861468
Oman,OMN,1982,0.19667904
Oman,OMN,1983,0.18609582
Oman,OMN,1984,0.17635182
Oman,OMN,1985,0.16747853
Oman,OMN,1986,0.15949906
Oman,OMN,1987,0.15237169
Oman,OMN,1988,0.14602338
Oman,OMN,1989,0.14034227
Oman,OMN,1990,0.13520844
Oman,OMN,1991,0.13053364
Oman,OMN,1992,0.12621683
Oman,OMN,1993,0.1221998
Oman,OMN,1994,0.118449725
Oman,OMN,1995,0.114943646
Oman,OMN,1996,0.11169247
Oman,OMN,1997,0.1086555
Oman,OMN,1998,0.105842575
Oman,OMN,1999,0.1033031
Oman,OMN,2000,0.101089135
Oman,OMN,2001,0.09922672
Oman,OMN,2002,0.097941585
Oman,OMN,2003,0.09735264
Oman,OMN,2004,0.09626966
Oman,OMN,2005,0.09594589
Oman,OMN,2006,0.09574589
Oman,OMN,2007,0.09680296
Oman,OMN,2008,0.095271714
Oman,OMN,2009,0.094723895
Oman,OMN,2010,0.09400009
Oman,OMN,2011,0.093150824
Oman,OMN,2012,0.09222285
Oman,OMN,2013,0.09126184
Oman,OMN,2014,0.090300344
Oman,OMN,2015,0.089350544
Oman,OMN,2016,0.08841491
Oman,OMN,2017,0.08750373
Oman,OMN,2018,0.08660279
Oman,OMN,2019,0.08571761
Oman,OMN,2020,0.087993346
Oman,OMN,2021,0.09244921
Oman,OMN,2022,0.084460676
Oman,OMN,2023,0.08229401
Pakistan,PAK,1950,0.51314276
Pakistan,PAK,1951,0.5005138
Pakistan,PAK,1952,0.48931628
Pakistan,PAK,1953,0.4771826
Pakistan,PAK,1954,0.46681494
Pakistan,PAK,1955,0.4571045
Pakistan,PAK,1956,0.44718978
Pakistan,PAK,1957,0.43783104
Pakistan,PAK,1958,0.42861947
Pakistan,PAK,1959,0.42013904
Pakistan,PAK,1960,0.4121187
Pakistan,PAK,1961,0.40362537
Pakistan,PAK,1962,0.39488217
Pakistan,PAK,1963,0.38649848
Pakistan,PAK,1964,0.3751949
Pakistan,PAK,1965,0.36945087
Pakistan,PAK,1966,0.35686907
Pakistan,PAK,1967,0.3473769
Pakistan,PAK,1968,0.33894283
Pakistan,PAK,1969,0.33153757
Pakistan,PAK,1970,0.32493764
Pakistan,PAK,1971,0.34049493
Pakistan,PAK,1972,0.3145327
Pakistan,PAK,1973,0.31056666
Pakistan,PAK,1974,0.30717188
Pakistan,PAK,1975,0.30144387
Pakistan,PAK,1976,0.2967744
Pakistan,PAK,1977,0.29141158
Pakistan,PAK,1978,0.28503752
Pakistan,PAK,1979,0.27841887
Pakistan,PAK,1980,0.27184904
Pakistan,PAK,1981,0.26576775
Pakistan,PAK,1982,0.26055264
Pakistan,PAK,1983,0.2569875
Pakistan,PAK,1984,0.2546115
Pakistan,PAK,1985,0.25326547
Pakistan,PAK,1986,0.2519187
Pakistan,PAK,1987,0.2503357
Pakistan,PAK,1988,0.24803084
Pakistan,PAK,1989,0.24566159
Pakistan,PAK,1990,0.24322045
Pakistan,PAK,1991,0.24180514
Pakistan,PAK,1992,0.24108315
Pakistan,PAK,1993,0.24016285
Pakistan,PAK,1994,0.2382928
Pakistan,PAK,1995,0.23650819
Pakistan,PAK,1996,0.23352025
Pakistan,PAK,1997,0.23045073
Pakistan,PAK,1998,0.22587402
Pakistan,PAK,1999,0.22139722
Pakistan,PAK,2000,0.21724243
Pakistan,PAK,2001,0.21342474
Pakistan,PAK,2002,0.20976162
Pakistan,PAK,2003,0.20623085
Pakistan,PAK,2004,0.20253278
Pakistan,PAK,2005,0.20850034
Pakistan,PAK,2006,0.19461417
Pakistan,PAK,2007,0.19113398
Pakistan,PAK,2008,0.1879191
Pakistan,PAK,2009,0.18544349
Pakistan,PAK,2010,0.1830096
Pakistan,PAK,2011,0.18019266
Pakistan,PAK,2012,0.17769688
Pakistan,PAK,2013,0.17522328
Pakistan,PAK,2014,0.17263244
Pakistan,PAK,2015,0.17003196
Pakistan,PAK,2016,0.16713925
Pakistan,PAK,2017,0.16447514
Pakistan,PAK,2018,0.1619188
Pakistan,PAK,2019,0.15942478
Pakistan,PAK,2020,0.15822726
Pakistan,PAK,2021,0.15794565
Pakistan,PAK,2022,0.15250084
Pakistan,PAK,2023,0.1501962
Palau,PLW,1950,0.25542784
Palau,PLW,1951,0.2535627
Palau,PLW,1952,0.25175327
Palau,PLW,1953,0.2498798
Palau,PLW,1954,0.24790733
Palau,PLW,1955,0.24559875
Palau,PLW,1956,0.24341418
Palau,PLW,1957,0.24114358
Palau,PLW,1958,0.23879384
Palau,PLW,1959,0.23635554
Palau,PLW,1960,0.23376444
Palau,PLW,1961,0.23121512
Palau,PLW,1962,0.22825132
Palau,PLW,1963,0.22613044
Palau,PLW,1964,0.22376828
Palau,PLW,1965,0.22113144
Palau,PLW,1966,0.21813697
Palau,PLW,1967,0.21474345
Palau,PLW,1968,0.21078952
Palau,PLW,1969,0.206626
Palau,PLW,1970,0.20209168
Palau,PLW,1971,0.19729625
Palau,PLW,1972,0.19235215
Palau,PLW,1973,0.18732916
Palau,PLW,1974,0.18237813
Palau,PLW,1975,0.17757045
Palau,PLW,1976,0.173028
Palau,PLW,1977,0.1688239
Palau,PLW,1978,0.16492225
Palau,PLW,1979,0.1615902
Palau,PLW,1980,0.15844788
Palau,PLW,1981,0.15586703
Palau,PLW,1982,0.15349843
Palau,PLW,1983,0.15133616
Palau,PLW,1984,0.14957784
Palau,PLW,1985,0.14812881
Palau,PLW,1986,0.14707012
Palau,PLW,1987,0.14642635
Palau,PLW,1988,0.14634946
Palau,PLW,1989,0.14666966
Palau,PLW,1990,0.14734305
Palau,PLW,1991,0.14827773
Palau,PLW,1992,0.14949134
Palau,PLW,1993,0.15071535
Palau,PLW,1994,0.15176679
Palau,PLW,1995,0.15246038
Palau,PLW,1996,0.15260503
Palau,PLW,1997,0.15206985
Palau,PLW,1998,0.15108874
Palau,PLW,1999,0.14952661
Palau,PLW,2000,0.14788488
Palau,PLW,2001,0.14633398
Palau,PLW,2002,0.14498404
Palau,PLW,2003,0.14364311
Palau,PLW,2004,0.14236642
Palau,PLW,2005,0.14089191
Palau,PLW,2006,0.13905542
Palau,PLW,2007,0.13696796
Palau,PLW,2008,0.13471851
Palau,PLW,2009,0.13243718
Palau,PLW,2010,0.1305019
Palau,PLW,2011,0.12890112
Palau,PLW,2012,0.1277148
Palau,PLW,2013,0.12712093
Palau,PLW,2014,0.12675706
Palau,PLW,2015,0.1269703
Palau,PLW,2016,0.12758183
Palau,PLW,2017,0.12841645
Palau,PLW,2018,0.1294765
Palau,PLW,2019,0.13047118
Palau,PLW,2020,0.13124487
Palau,PLW,2021,0.1341619
Palau,PLW,2022,0.13322175
Palau,PLW,2023,0.13232769
Palestine,PSE,1950,0.3505259
Palestine,PSE,1951,0.34790862
Palestine,PSE,1952,0.3453323
Palestine,PSE,1953,0.3426898
Palestine,PSE,1954,0.3399103
Palestine,PSE,1955,0.3369328
Palestine,PSE,1956,0.333545
Palestine,PSE,1957,0.32979682
Palestine,PSE,1958,0.32578713
Palestine,PSE,1959,0.32153383
Palestine,PSE,1960,0.31706613
Palestine,PSE,1961,0.3124212
Palestine,PSE,1962,0.30716422
Palestine,PSE,1963,0.30138862
Palestine,PSE,1964,0.29557467
Palestine,PSE,1965,0.28977785
Palestine,PSE,1966,0.28376058
Palestine,PSE,1967,0.27918658
Palestine,PSE,1968,0.2712817
Palestine,PSE,1969,0.26555398
Palestine,PSE,1970,0.25999025
Palestine,PSE,1971,0.2542431
Palestine,PSE,1972,0.24875763
Palestine,PSE,1973,0.24316372
Palestine,PSE,1974,0.23795703
Palestine,PSE,1975,0.23133783
Palestine,PSE,1976,0.22454594
Palestine,PSE,1977,0.21797235
Palestine,PSE,1978,0.2113169
Palestine,PSE,1979,0.20445754
Palestine,PSE,1980,0.19832644
Palestine,PSE,1981,0.19296472
Palestine,PSE,1982,0.18731153
Palestine,PSE,1983,0.18150662
Palestine,PSE,1984,0.17620066
Palestine,PSE,1985,0.1713534
Palestine,PSE,1986,0.16689098
Palestine,PSE,1987,0.16163427
Palestine,PSE,1988,0.15714109
Palestine,PSE,1989,0.15316893
Palestine,PSE,1990,0.14947242
Palestine,PSE,1991,0.14637853
Palestine,PSE,1992,0.1435954
Palestine,PSE,1993,0.1403627
Palestine,PSE,1994,0.13728514
Palestine,PSE,1995,0.13477072
Palestine,PSE,1996,0.13246883
Palestine,PSE,1997,0.13023035
Palestine,PSE,1998,0.12835981
Palestine,PSE,1999,0.12660396
Palestine,PSE,2000,0.12559801
Palestine,PSE,2001,0.12445206
Palestine,PSE,2002,0.12264301
Palestine,PSE,2003,0.12019421
Palestine,PSE,2004,0.11868436
Palestine,PSE,2005,0.11656837
Palestine,PSE,2006,0.11547941
Palestine,PSE,2007,0.11409264
Palestine,PSE,2008,0.11570388
Palestine,PSE,2009,0.115195066
Palestine,PSE,2010,0.10977196
Palestine,PSE,2011,0.10826184
Palestine,PSE,2012,0.10704529
Palestine,PSE,2013,0.10516563
Palestine,PSE,2014,0.110686325
Palestine,PSE,2015,0.103004925
Palestine,PSE,2016,0.10156809
Palestine,PSE,2017,0.100317605
Palestine,PSE,2018,0.09978451
Palestine,PSE,2019,0.097882725
Palestine,PSE,2020,0.096781835
Palestine,PSE,2021,0.0995589
Palestine,PSE,2022,0.09470508
Palestine,PSE,2023,0.16656817
Panama,PAN,1950,0.26095402
Panama,PAN,1951,0.25623494
Panama,PAN,1952,0.25150767
Panama,PAN,1953,0.24688792
Panama,PAN,1954,0.2419899
Panama,PAN,1955,0.23817825
Panama,PAN,1956,0.2352865
Panama,PAN,1957,0.2310009
Panama,PAN,1958,0.22606483
Panama,PAN,1959,0.22120954
Panama,PAN,1960,0.21613146
Panama,PAN,1961,0.21091671
Panama,PAN,1962,0.20637818
Panama,PAN,1963,0.20260324
Panama,PAN,1964,0.19934607
Panama,PAN,1965,0.1968193
Panama,PAN,1966,0.19470565
Panama,PAN,1967,0.1914305
Panama,PAN,1968,0.18839556
Panama,PAN,1969,0.18483089
Panama,PAN,1970,0.18102463
Panama,PAN,1971,0.1759721
Panama,PAN,1972,0.17085402
Panama,PAN,1973,0.16501263
Panama,PAN,1974,0.15945102
Panama,PAN,1975,0.1542015
Panama,PAN,1976,0.15009092
Panama,PAN,1977,0.14664295
Panama,PAN,1978,0.14339289
Panama,PAN,1979,0.14070742
Panama,PAN,1980,0.138698
Panama,PAN,1981,0.13650768
Panama,PAN,1982,0.13489945
Panama,PAN,1983,0.13277881
Panama,PAN,1984,0.13112055
Panama,PAN,1985,0.12954438
Panama,PAN,1986,0.12780601
Panama,PAN,1987,0.12650292
Panama,PAN,1988,0.12616374
Panama,PAN,1989,0.12792866
Panama,PAN,1990,0.12357836
Panama,PAN,1991,0.1235231
Panama,PAN,1992,0.1229794
Panama,PAN,1993,0.12167214
Panama,PAN,1994,0.121142566
Panama,PAN,1995,0.12090729
Panama,PAN,1996,0.11990689
Panama,PAN,1997,0.11919942
Panama,PAN,1998,0.118361115
Panama,PAN,1999,0.11689556
Panama,PAN,2000,0.11624491
Panama,PAN,2001,0.11473357
Panama,PAN,2002,0.11323196
Panama,PAN,2003,0.11306663
Panama,PAN,2004,0.11219015
Panama,PAN,2005,0.111503355
Panama,PAN,2006,0.11126371
Panama,PAN,2007,0.11009
Panama,PAN,2008,0.11031052
Panama,PAN,2009,0.10987716
Panama,PAN,2010,0.109180264
Panama,PAN,2011,0.10897896
Panama,PAN,2012,0.10838878
Panama,PAN,2013,0.10884581
Panama,PAN,2014,0.10861601
Panama,PAN,2015,0.10512458
Panama,PAN,2016,0.10411355
Panama,PAN,2017,0.104123496
Panama,PAN,2018,0.10326122
Panama,PAN,2019,0.104164556
Panama,PAN,2020,0.11144961
Panama,PAN,2021,0.110153325
Panama,PAN,2022,0.10208128
Panama,PAN,2023,0.10139344
Papua New Guinea,PNG,1950,0.42045972
Papua New Guinea,PNG,1951,0.45841277
Papua New Guinea,PNG,1952,0.40623623
Papua New Guinea,PNG,1953,0.39922205
Papua New Guinea,PNG,1954,0.3929515
Papua New Guinea,PNG,1955,0.3860771
Papua New Guinea,PNG,1956,0.37914002
Papua New Guinea,PNG,1957,0.3725281
Papua New Guinea,PNG,1958,0.3662292
Papua New Guinea,PNG,1959,0.35961396
Papua New Guinea,PNG,1960,0.35293117
Papua New Guinea,PNG,1961,0.34633017
Papua New Guinea,PNG,1962,0.34262317
Papua New Guinea,PNG,1963,0.33266184
Papua New Guinea,PNG,1964,0.32581908
Papua New Guinea,PNG,1965,0.3189215
Papua New Guinea,PNG,1966,0.31204683
Papua New Guinea,PNG,1967,0.3048269
Papua New Guinea,PNG,1968,0.29811096
Papua New Guinea,PNG,1969,0.29158393
Papua New Guinea,PNG,1970,0.28528717
Papua New Guinea,PNG,1971,0.27971488
Papua New Guinea,PNG,1972,0.27326846
Papua New Guinea,PNG,1973,0.26755285
Papua New Guinea,PNG,1974,0.26197663
Papua New Guinea,PNG,1975,0.2565877
Papua New Guinea,PNG,1976,0.25143224
Papua New Guinea,PNG,1977,0.2462824
Papua New Guinea,PNG,1978,0.24157648
Papua New Guinea,PNG,1979,0.2372843
Papua New Guinea,PNG,1980,0.23317887
Papua New Guinea,PNG,1981,0.22945985
Papua New Guinea,PNG,1982,0.22612438
Papua New Guinea,PNG,1983,0.22371843
Papua New Guinea,PNG,1984,0.22057879
Papua New Guinea,PNG,1985,0.21815279
Papua New Guinea,PNG,1986,0.21597916
Papua New Guinea,PNG,1987,0.21377839
Papua New Guinea,PNG,1988,0.21241377
Papua New Guinea,PNG,1989,0.21017402
Papua New Guinea,PNG,1990,0.20846757
Papua New Guinea,PNG,1991,0.2078987
Papua New Guinea,PNG,1992,0.20493457
Papua New Guinea,PNG,1993,0.20349018
Papua New Guinea,PNG,1994,0.201417
Papua New Guinea,PNG,1995,0.19974764
Papua New Guinea,PNG,1996,0.19860476
Papua New Guinea,PNG,1997,0.19744048
Papua New Guinea,PNG,1998,0.20706984
Papua New Guinea,PNG,1999,0.19555072
Papua New Guinea,PNG,2000,0.19474278
Papua New Guinea,PNG,2001,0.1940666
Papua New Guinea,PNG,2002,0.19406213
Papua New Guinea,PNG,2003,0.19293089
Papua New Guinea,PNG,2004,0.19216368
Papua New Guinea,PNG,2005,0.19135918
Papua New Guinea,PNG,2006,0.18994986
Papua New Guinea,PNG,2007,0.18862785
Papua New Guinea,PNG,2008,0.18534923
Papua New Guinea,PNG,2009,0.18256874
Papua New Guinea,PNG,2010,0.17946601
Papua New Guinea,PNG,2011,0.17570673
Papua New Guinea,PNG,2012,0.17263806
Papua New Guinea,PNG,2013,0.16927148
Papua New Guinea,PNG,2014,0.16634716
Papua New Guinea,PNG,2015,0.16350704
Papua New Guinea,PNG,2016,0.16130966
Papua New Guinea,PNG,2017,0.15932967
Papua New Guinea,PNG,2018,0.15808012
Papua New Guinea,PNG,2019,0.15597323
Papua New Guinea,PNG,2020,0.15402499
Papua New Guinea,PNG,2021,0.15597385
Papua New Guinea,PNG,2022,0.15309829
Papua New Guinea,PNG,2023,0.15051302
Paraguay,PRY,1950,0.2256021
Paraguay,PRY,1951,0.22425206
Paraguay,PRY,1952,0.22342536
Paraguay,PRY,1953,0.22249141
Paraguay,PRY,1954,0.22131608
Paraguay,PRY,1955,0.21989618
Paraguay,PRY,1956,0.21819179
Paraguay,PRY,1957,0.21605839
Paraguay,PRY,1958,0.21366414
Paraguay,PRY,1959,0.21102242
Paraguay,PRY,1960,0.2083407
Paraguay,PRY,1961,0.20568897
Paraguay,PRY,1962,0.20320752
Paraguay,PRY,1963,0.20093872
Paraguay,PRY,1964,0.1989341
Paraguay,PRY,1965,0.19730495
Paraguay,PRY,1966,0.1958655
Paraguay,PRY,1967,0.19473311
Paraguay,PRY,1968,0.1937463
Paraguay,PRY,1969,0.19284858
Paraguay,PRY,1970,0.1920024
Paraguay,PRY,1971,0.19107164
Paraguay,PRY,1972,0.1900834
Paraguay,PRY,1973,0.18894844
Paraguay,PRY,1974,0.18765083
Paraguay,PRY,1975,0.18611276
Paraguay,PRY,1976,0.18443462
Paraguay,PRY,1977,0.18265249
Paraguay,PRY,1978,0.18074344
Paraguay,PRY,1979,0.17871517
Paraguay,PRY,1980,0.17654973
Paraguay,PRY,1981,0.17432702
Paraguay,PRY,1982,0.17203055
Paraguay,PRY,1983,0.17019436
Paraguay,PRY,1984,0.1673139
Paraguay,PRY,1985,0.16490191
Paraguay,PRY,1986,0.1625046
Paraguay,PRY,1987,0.16011117
Paraguay,PRY,1988,0.15774494
Paraguay,PRY,1989,0.15456343
Paraguay,PRY,1990,0.15108116
Paraguay,PRY,1991,0.14798693
Paraguay,PRY,1992,0.14614098
Paraguay,PRY,1993,0.1443827
Paraguay,PRY,1994,0.1427056
Paraguay,PRY,1995,0.14107817
Paraguay,PRY,1996,0.13951571
Paraguay,PRY,1997,0.13832997
Paraguay,PRY,1998,0.13711964
Paraguay,PRY,1999,0.13561645
Paraguay,PRY,2000,0.13433649
Paraguay,PRY,2001,0.13308765
Paraguay,PRY,2002,0.13182907
Paraguay,PRY,2003,0.13059035
Paraguay,PRY,2004,0.12938513
Paraguay,PRY,2005,0.12819473
Paraguay,PRY,2006,0.1270506
Paraguay,PRY,2007,0.12586847
Paraguay,PRY,2008,0.124716975
Paraguay,PRY,2009,0.12350905
Paraguay,PRY,2010,0.122296534
Paraguay,PRY,2011,0.12135171
Paraguay,PRY,2012,0.11931082
Paraguay,PRY,2013,0.11759009
Paraguay,PRY,2014,0.11594365
Paraguay,PRY,2015,0.11500518
Paraguay,PRY,2016,0.114003204
Paraguay,PRY,2017,0.113172516
Paraguay,PRY,2018,0.11240023
Paraguay,PRY,2019,0.11176501
Paraguay,PRY,2020,0.11444501
Paraguay,PRY,2021,0.12286011
Paraguay,PRY,2022,0.11402543
Paraguay,PRY,2023,0.10981679
Peru,PER,1950,0.38263866
Peru,PER,1951,0.37854192
Peru,PER,1952,0.3751312
Peru,PER,1953,0.3714452
Peru,PER,1954,0.36708534
Peru,PER,1955,0.362215
Peru,PER,1956,0.35662344
Peru,PER,1957,0.35041672
Peru,PER,1958,0.34392855
Peru,PER,1959,0.33777282
Peru,PER,1960,0.33184975
Peru,PER,1961,0.32555377
Peru,PER,1962,0.32167932
Peru,PER,1963,0.31019226
Peru,PER,1964,0.30221692
Peru,PER,1965,0.29544494
Peru,PER,1966,0.28932005
Peru,PER,1967,0.2832748
Peru,PER,1968,0.27711532
Peru,PER,1969,0.27186307
Peru,PER,1970,0.35311353
Peru,PER,1971,0.2639063
Peru,PER,1972,0.2586266
Peru,PER,1973,0.25533417
Peru,PER,1974,0.25097635
Peru,PER,1975,0.24676591
Peru,PER,1976,0.24308826
Peru,PER,1977,0.2393193
Peru,PER,1978,0.23478708
Peru,PER,1979,0.2299056
Peru,PER,1980,0.2255049
Peru,PER,1981,0.22130536
Peru,PER,1982,0.21776979
Peru,PER,1983,0.21330577
Peru,PER,1984,0.20777045
Peru,PER,1985,0.20301361
Peru,PER,1986,0.19836415
Peru,PER,1987,0.19387144
Peru,PER,1988,0.1891468
Peru,PER,1989,0.18417713
Peru,PER,1990,0.17970864
Peru,PER,1991,0.1778309
Peru,PER,1992,0.17082904
Peru,PER,1993,0.1658927
Peru,PER,1994,0.16067891
Peru,PER,1995,0.15570977
Peru,PER,1996,0.15090781
Peru,PER,1997,0.14689158
Peru,PER,1998,0.14325109
Peru,PER,1999,0.13826263
Peru,PER,2000,0.13573617
Peru,PER,2001,0.13428743
Peru,PER,2002,0.13327761
Peru,PER,2003,0.13154475
Peru,PER,2004,0.131524
Peru,PER,2005,0.13049208
Peru,PER,2006,0.12934801
Peru,PER,2007,0.12795797
Peru,PER,2008,0.12710449
Peru,PER,2009,0.12714265
Peru,PER,2010,0.12700142
Peru,PER,2011,0.12581986
Peru,PER,2012,0.1250212
Peru,PER,2013,0.12337152
Peru,PER,2014,0.122566395
Peru,PER,2015,0.121178985
Peru,PER,2016,0.12011394
Peru,PER,2017,0.11907498
Peru,PER,2018,0.117695674
Peru,PER,2019,0.11552885
Peru,PER,2020,0.12021776
Peru,PER,2021,0.12060305
Peru,PER,2022,0.10340308
Peru,PER,2023,0.11450643
Philippines,PHL,1950,0.28663334
Philippines,PHL,1951,0.2814217
Philippines,PHL,1952,0.27471253
Philippines,PHL,1953,0.26689985
Philippines,PHL,1954,0.26048872
Philippines,PHL,1955,0.25496897
Philippines,PHL,1956,0.24777459
Philippines,PHL,1957,0.24137111
Philippines,PHL,1958,0.23559889
Philippines,PHL,1959,0.23054384
Philippines,PHL,1960,0.22495997
Philippines,PHL,1961,0.22116339
Philippines,PHL,1962,0.21745853
Philippines,PHL,1963,0.21470875
Philippines,PHL,1964,0.2126
Philippines,PHL,1965,0.20895547
Philippines,PHL,1966,0.20608546
Philippines,PHL,1967,0.20345269
Philippines,PHL,1968,0.20175135
Philippines,PHL,1969,0.20023042
Philippines,PHL,1970,0.20182152
Philippines,PHL,1971,0.19873188
Philippines,PHL,1972,0.19935991
Philippines,PHL,1973,0.20004243
Philippines,PHL,1974,0.19916447
Philippines,PHL,1975,0.19808054
Philippines,PHL,1976,0.19913696
Philippines,PHL,1977,0.19317035
Philippines,PHL,1978,0.19126007
Philippines,PHL,1979,0.18883508
Philippines,PHL,1980,0.1866811
Philippines,PHL,1981,0.18558694
Philippines,PHL,1982,0.18290016
Philippines,PHL,1983,0.18102379
Philippines,PHL,1984,0.1804859
Philippines,PHL,1985,0.17737643
Philippines,PHL,1986,0.1752182
Philippines,PHL,1987,0.17170902
Philippines,PHL,1988,0.16842565
Philippines,PHL,1989,0.16460472
Philippines,PHL,1990,0.1618782
Philippines,PHL,1991,0.16071972
Philippines,PHL,1992,0.15497872
Philippines,PHL,1993,0.15189551
Philippines,PHL,1994,0.14937584
Philippines,PHL,1995,0.1470547
Philippines,PHL,1996,0.14370142
Philippines,PHL,1997,0.14155585
Philippines,PHL,1998,0.1400195
Philippines,PHL,1999,0.13762029
Philippines,PHL,2000,0.13604511
Philippines,PHL,2001,0.13641252
Philippines,PHL,2002,0.13428865
Philippines,PHL,2003,0.13390307
Philippines,PHL,2004,0.13137668
Philippines,PHL,2005,0.12954922
Philippines,PHL,2006,0.13337086
Philippines,PHL,2007,0.13116685
Philippines,PHL,2008,0.13074192
Philippines,PHL,2009,0.1306223
Philippines,PHL,2010,0.12964462
Philippines,PHL,2011,0.12888235
Philippines,PHL,2012,0.12786314
Philippines,PHL,2013,0.1281505
Philippines,PHL,2014,0.12733498
Philippines,PHL,2015,0.12688744
Philippines,PHL,2016,0.12555568
Philippines,PHL,2017,0.12115857
Philippines,PHL,2018,0.12521006
Philippines,PHL,2019,0.12576458
Philippines,PHL,2020,0.124771565
Philippines,PHL,2021,0.12699749
Philippines,PHL,2022,0.12488814
Philippines,PHL,2023,0.12386177
Poland,POL,1950,0.23752648
Poland,POL,1951,0.2322527
Poland,POL,1952,0.2190302
Poland,POL,1953,0.20037855
Poland,POL,1954,0.19047292
Poland,POL,1955,0.1821884
Poland,POL,1956,0.17937717
Poland,POL,1957,0.1723664
Poland,POL,1958,0.1701192
Poland,POL,1959,0.1605365
Poland,POL,1960,0.1537115
Poland,POL,1961,0.14667791
Poland,POL,1962,0.14386234
Poland,POL,1963,0.14069894
Poland,POL,1964,0.13618042
Poland,POL,1965,0.13218607
Poland,POL,1966,0.1285547
Poland,POL,1967,0.12594382
Poland,POL,1968,0.12437919
Poland,POL,1969,0.12424772
Poland,POL,1970,0.12417301
Poland,POL,1971,0.1229252
Poland,POL,1972,0.120228216
Poland,POL,1973,0.11760256
Poland,POL,1974,0.11642
Poland,POL,1975,0.1157891
Poland,POL,1976,0.11614487
Poland,POL,1977,0.1156763
Poland,POL,1978,0.11516503
Poland,POL,1979,0.11427789
Poland,POL,1980,0.11376352
Poland,POL,1981,0.113756396
Poland,POL,1982,0.11312662
Poland,POL,1983,0.11231427
Poland,POL,1984,0.11093329
Poland,POL,1985,0.11004786
Poland,POL,1986,0.10951531
Poland,POL,1987,0.10922232
Poland,POL,1988,0.109303065
Poland,POL,1989,0.10914432
Poland,POL,1990,0.10893348
Poland,POL,1991,0.10809112
Poland,POL,1992,0.10630878
Poland,POL,1993,0.10464493
Poland,POL,1994,0.10275958
Poland,POL,1995,0.10133172
Poland,POL,1996,0.09949156
Poland,POL,1997,0.09807579
Poland,POL,1998,0.096974246
Poland,POL,1999,0.095937654
Poland,POL,2000,0.09483518
Poland,POL,2001,0.09372309
Poland,POL,2002,0.09256585
Poland,POL,2003,0.09185427
Poland,POL,2004,0.091380306
Poland,POL,2005,0.0913492
Poland,POL,2006,0.09117479
Poland,POL,2007,0.09086215
Poland,POL,2008,0.090316765
Poland,POL,2009,0.089245185
Poland,POL,2010,0.08844609
Poland,POL,2011,0.08773201
Poland,POL,2012,0.08751007
Poland,POL,2013,0.087180085
Poland,POL,2014,0.08653669
Poland,POL,2015,0.08613039
Poland,POL,2016,0.08569161
Poland,POL,2017,0.08554341
Poland,POL,2018,0.085877486
Poland,POL,2019,0.08605021
Poland,POL,2020,0.08800821
Poland,POL,2021,0.09085271
Poland,POL,2022,0.085333236
Poland,POL,2023,0.08416012
Portugal,PRT,1940,0.32030895
Portugal,PRT,1941,0.3583324
Portugal,PRT,1942,0.33904544
Portugal,PRT,1943,0.32896852
Portugal,PRT,1944,0.31188312
Portugal,PRT,1945,0.2988858
Portugal,PRT,1946,0.29300606
Portugal,PRT,1947,0.2737766
Portugal,PRT,1948,0.2713768
Portugal,PRT,1949,0.2797249
Portugal,PRT,1950,0.25191337
Portugal,PRT,1951,0.24229108
Portugal,PRT,1952,0.24133644
Portugal,PRT,1953,0.22539268
Portugal,PRT,1954,0.21077245
Portugal,PRT,1955,0.22048496
Portugal,PRT,1956,0.21061808
Portugal,PRT,1957,0.21790041
Portugal,PRT,1958,0.20087233
Portugal,PRT,1959,0.2061418
Portugal,PRT,1960,0.18977197
Portugal,PRT,1961,0.20868082
Portugal,PRT,1962,0.18943414
Portugal,PRT,1963,0.17940208
Portugal,PRT,1964,0.17941485
Portugal,PRT,1965,0.16647156
Portugal,PRT,1966,0.16571693
Portugal,PRT,1967,0.15939203
Portugal,PRT,1968,0.15793513
Portugal,PRT,1969,0.1535002
Portugal,PRT,1970,0.1564484
Portugal,PRT,1971,0.15098606
Portugal,PRT,1972,0.13400425
Portugal,PRT,1973,0.13864718
Portugal,PRT,1974,0.12958802
Portugal,PRT,1975,0.13238832
Portugal,PRT,1976,0.12703441
Portugal,PRT,1977,0.121094525
Portugal,PRT,1978,0.11801222
Portugal,PRT,1979,0.115192786
Portugal,PRT,1980,0.113962084
Portugal,PRT,1981,0.11211287
Portugal,PRT,1982,0.10948892
Portugal,PRT,1983,0.1082657
Portugal,PRT,1984,0.10574758
Portugal,PRT,1985,0.10420488
Portugal,PRT,1986,0.10414384
Portugal,PRT,1987,0.10240475
Portugal,PRT,1988,0.10074359
Portugal,PRT,1989,0.09883046
Portugal,PRT,1990,0.09714782
Portugal,PRT,1991,0.09774857
Portugal,PRT,1992,0.095763564
Portugal,PRT,1993,0.09512071
Portugal,PRT,1994,0.09406465
Portugal,PRT,1995,0.09232572
Portugal,PRT,1996,0.091890596
Portugal,PRT,1997,0.09237772
Portugal,PRT,1998,0.09060281
Portugal,PRT,1999,0.08875477
Portugal,PRT,2000,0.08792175
Portugal,PRT,2001,0.086746685
Portugal,PRT,2002,0.08614544
Portugal,PRT,2003,0.08467298
Portugal,PRT,2004,0.0833161
Portugal,PRT,2005,0.0819934
Portugal,PRT,2006,0.08050992
Portugal,PRT,2007,0.08019163
Portugal,PRT,2008,0.0795145
Portugal,PRT,2009,0.07964771
Portugal,PRT,2010,0.07820146
Portugal,PRT,2011,0.07765707
Portugal,PRT,2012,0.07675189
Portugal,PRT,2013,0.07596286
Portugal,PRT,2014,0.07537488
Portugal,PRT,2015,0.07413642
Portugal,PRT,2016,0.07490423
Portugal,PRT,2017,0.07486425
Portugal,PRT,2018,0.07509214
Portugal,PRT,2019,0.07475825
Portugal,PRT,2020,0.07395577
Portugal,PRT,2021,0.07456415
Portugal,PRT,2022,0.07597495
Portugal,PRT,2023,0.07317301
Puerto Rico,PRI,1950,0.20367046
Puerto Rico,PRI,1951,0.20294347
Puerto Rico,PRI,1952,0.19271174
Puerto Rico,PRI,1953,0.17809601
Puerto Rico,PRI,1954,0.17119823
Puerto Rico,PRI,1955,0.16912177
Puerto Rico,PRI,1956,0.16667365
Puerto Rico,PRI,1957,0.16188578
Puerto Rico,PRI,1958,0.16078088
Puerto Rico,PRI,1959,0.15394174
Puerto Rico,PRI,1960,0.15008043
Puerto Rico,PRI,1961,0.15110196
Puerto Rico,PRI,1962,0.1476057
Puerto Rico,PRI,1963,0.14669314
Puerto Rico,PRI,1964,0.1498042
Puerto Rico,PRI,1965,0.14302619
Puerto Rico,PRI,1966,0.13873444
Puerto Rico,PRI,1967,0.1343023
Puerto Rico,PRI,1968,0.132194
Puerto Rico,PRI,1969,0.13501897
Puerto Rico,PRI,1970,0.13358462
Puerto Rico,PRI,1971,0.12819836
Puerto Rico,PRI,1972,0.12842011
Puerto Rico,PRI,1973,0.12630287
Puerto Rico,PRI,1974,0.12452309
Puerto Rico,PRI,1975,0.12046512
Puerto Rico,PRI,1976,0.11923174
Puerto Rico,PRI,1977,0.11844577
Puerto Rico,PRI,1978,0.11616425
Puerto Rico,PRI,1979,0.11607821
Puerto Rico,PRI,1980,0.11428433
Puerto Rico,PRI,1981,0.113496564
Puerto Rico,PRI,1982,0.114062496
Puerto Rico,PRI,1983,0.11162243
Puerto Rico,PRI,1984,0.1116927
Puerto Rico,PRI,1985,0.116273224
Puerto Rico,PRI,1986,0.10938344
Puerto Rico,PRI,1987,0.108766705
Puerto Rico,PRI,1988,0.108459584
Puerto Rico,PRI,1989,0.11568779
Puerto Rico,PRI,1990,0.11260212
Puerto Rico,PRI,1991,0.104899235
Puerto Rico,PRI,1992,0.105301306
Puerto Rico,PRI,1993,0.10482611
Puerto Rico,PRI,1994,0.103629984
Puerto Rico,PRI,1995,0.10305713
Puerto Rico,PRI,1996,0.10253396
Puerto Rico,PRI,1997,0.10139712
Puerto Rico,PRI,1998,0.09995556
Puerto Rico,PRI,1999,0.09999372
Puerto Rico,PRI,2000,0.098729596
Puerto Rico,PRI,2001,0.09682391
Puerto Rico,PRI,2002,0.09543397
Puerto Rico,PRI,2003,0.095246226
Puerto Rico,PRI,2004,0.094605014
Puerto Rico,PRI,2005,0.095915794
Puerto Rico,PRI,2006,0.09344131
Puerto Rico,PRI,2007,0.09278657
Puerto Rico,PRI,2008,0.09230584
Puerto Rico,PRI,2009,0.09072121
Puerto Rico,PRI,2010,0.09050026
Puerto Rico,PRI,2011,0.090632066
Puerto Rico,PRI,2012,0.09060138
Puerto Rico,PRI,2013,0.08744109
Puerto Rico,PRI,2014,0.08722526
Puerto Rico,PRI,2015,0.08658428
Puerto Rico,PRI,2016,0.08715356
Puerto Rico,PRI,2017,0.09961961
Puerto Rico,PRI,2018,0.08527901
Puerto Rico,PRI,2019,0.08492676
Puerto Rico,PRI,2020,0.092622
Puerto Rico,PRI,2021,0.09276105
Puerto Rico,PRI,2022,0.092939585
Puerto Rico,PRI,2023,0.08344266
Qatar,QAT,1950,0.30982518
Qatar,QAT,1951,0.30295482
Qatar,QAT,1952,0.29621246
Qatar,QAT,1953,0.28952193
Qatar,QAT,1954,0.2828424
Qatar,QAT,1955,0.27614442
Qatar,QAT,1956,0.2694137
Qatar,QAT,1957,0.26264992
Qatar,QAT,1958,0.25584242
Qatar,QAT,1959,0.24898523
Qatar,QAT,1960,0.2420735
Qatar,QAT,1961,0.23510258
Qatar,QAT,1962,0.22808796
Qatar,QAT,1963,0.22105765
Qatar,QAT,1964,0.21405503
Qatar,QAT,1965,0.2071303
Qatar,QAT,1966,0.20035803
Qatar,QAT,1967,0.19376922
Qatar,QAT,1968,0.18739705
Qatar,QAT,1969,0.18125966
Qatar,QAT,1970,0.17536646
Qatar,QAT,1971,0.1696294
Qatar,QAT,1972,0.16406064
Qatar,QAT,1973,0.15868098
Qatar,QAT,1974,0.15356244
Qatar,QAT,1975,0.14866592
Qatar,QAT,1976,0.14410667
Qatar,QAT,1977,0.13985373
Qatar,QAT,1978,0.13596456
Qatar,QAT,1979,0.1323812
Qatar,QAT,1980,0.12910126
Qatar,QAT,1981,0.12566625
Qatar,QAT,1982,0.1229088
Qatar,QAT,1983,0.12038079
Qatar,QAT,1984,0.118052706
Qatar,QAT,1985,0.11590019
Qatar,QAT,1986,0.113897294
Qatar,QAT,1987,0.112032734
Qatar,QAT,1988,0.11029506
Qatar,QAT,1989,0.108667605
Qatar,QAT,1990,0.107141644
Qatar,QAT,1991,0.10571284
Qatar,QAT,1992,0.1043747
Qatar,QAT,1993,0.10312362
Qatar,QAT,1994,0.10196006
Qatar,QAT,1995,0.10087875
Qatar,QAT,1996,0.09986954
Qatar,QAT,1997,0.09891554
Qatar,QAT,1998,0.09800723
Qatar,QAT,1999,0.097114414
Qatar,QAT,2000,0.09624566
Qatar,QAT,2001,0.09539943
Qatar,QAT,2002,0.09457019
Qatar,QAT,2003,0.09375787
Qatar,QAT,2004,0.09295527
Qatar,QAT,2005,0.09214864
Qatar,QAT,2006,0.09133005
Qatar,QAT,2007,0.09048837
Qatar,QAT,2008,0.08961292
Qatar,QAT,2009,0.088694185
Qatar,QAT,2010,0.08772347
Qatar,QAT,2011,0.086692244
Qatar,QAT,2012,0.08560044
Qatar,QAT,2013,0.08443736
Qatar,QAT,2014,0.08322252
Qatar,QAT,2015,0.081968196
Qatar,QAT,2016,0.08071159
Qatar,QAT,2017,0.079477906
Qatar,QAT,2018,0.0782868
Qatar,QAT,2019,0.07715701
Qatar,QAT,2020,0.0713223
Qatar,QAT,2021,0.072316535
Qatar,QAT,2022,0.07519611
Qatar,QAT,2023,0.07410167
Reunion,REU,1950,0.3561081
Reunion,REU,1951,0.34443387
Reunion,REU,1952,0.3285148
Reunion,REU,1953,0.31336042
Reunion,REU,1954,0.29769474
Reunion,REU,1955,0.28585204
Reunion,REU,1956,0.27764142
Reunion,REU,1957,0.2752197
Reunion,REU,1958,0.26907092
Reunion,REU,1959,0.25914028
Reunion,REU,1960,0.24429323
Reunion,REU,1961,0.23249145
Reunion,REU,1962,0.22351827
Reunion,REU,1963,0.21681884
Reunion,REU,1964,0.21204196
Reunion,REU,1965,0.2085376
Reunion,REU,1966,0.20615901
Reunion,REU,1967,0.20091476
Reunion,REU,1968,0.19386122
Reunion,REU,1969,0.18802989
Reunion,REU,1970,0.1833757
Reunion,REU,1971,0.18000856
Reunion,REU,1972,0.17525116
Reunion,REU,1973,0.16826819
Reunion,REU,1974,0.16131607
Reunion,REU,1975,0.15435451
Reunion,REU,1976,0.14959225
Reunion,REU,1977,0.14506264
Reunion,REU,1978,0.14074567
Reunion,REU,1979,0.13428459
Reunion,REU,1980,0.13022934
Reunion,REU,1981,0.122512706
Reunion,REU,1982,0.12127774
Reunion,REU,1983,0.11935361
Reunion,REU,1984,0.11668435
Reunion,REU,1985,0.1114933
Reunion,REU,1986,0.10932672
Reunion,REU,1987,0.10927734
Reunion,REU,1988,0.10907322
Reunion,REU,1989,0.10822593
Reunion,REU,1990,0.10628981
Reunion,REU,1991,0.104909904
Reunion,REU,1992,0.10354263
Reunion,REU,1993,0.10289595
Reunion,REU,1994,0.100831956
Reunion,REU,1995,0.09945919
Reunion,REU,1996,0.09808763
Reunion,REU,1997,0.09675343
Reunion,REU,1998,0.097046435
Reunion,REU,1999,0.09733682
Reunion,REU,2000,0.09761972
Reunion,REU,2001,0.09550148
Reunion,REU,2002,0.093547225
Reunion,REU,2003,0.092393465
Reunion,REU,2004,0.09222699
Reunion,REU,2005,0.09267003
Reunion,REU,2006,0.09268347
Reunion,REU,2007,0.09241364
Reunion,REU,2008,0.0913624
Reunion,REU,2009,0.08977112
Reunion,REU,2010,0.0881308
Reunion,REU,2011,0.086677514
Reunion,REU,2012,0.0859492
Reunion,REU,2013,0.085285746
Reunion,REU,2014,0.0849552
Reunion,REU,2015,0.08449126
Reunion,REU,2016,0.08413839
Reunion,REU,2017,0.08361159
Reunion,REU,2018,0.08206909
Reunion,REU,2019,0.08145936
Reunion,REU,2020,0.088632464
Reunion,REU,2021,0.082628846
Reunion,REU,2022,0.085809246
Reunion,REU,2023,0.077288575
Romania,ROU,1950,0.22669461
Romania,ROU,1951,0.22040096
Romania,ROU,1952,0.21373077
Romania,ROU,1953,0.20758563
Romania,ROU,1954,0.20282042
Romania,ROU,1955,0.19690333
Romania,ROU,1956,0.19299965
Romania,ROU,1957,0.18929838
Romania,ROU,1958,0.18491848
Romania,ROU,1959,0.17962883
Romania,ROU,1960,0.17282048
Romania,ROU,1961,0.16541342
Romania,ROU,1962,0.15796287
Romania,ROU,1963,0.15163954
Romania,ROU,1964,0.14718874
Romania,ROU,1965,0.14641507
Romania,ROU,1966,0.14478277
Romania,ROU,1967,0.14545067
Romania,ROU,1968,0.14505267
Romania,ROU,1969,0.14471951
Romania,ROU,1970,0.14097044
Romania,ROU,1971,0.13440037
Romania,ROU,1972,0.13256852
Romania,ROU,1973,0.13034882
Romania,ROU,1974,0.13035665
Romania,ROU,1975,0.12807848
Romania,ROU,1976,0.12444629
Romania,ROU,1977,0.12889269
Romania,ROU,1978,0.12517263
Romania,ROU,1979,0.12557057
Romania,ROU,1980,0.12207381
Romania,ROU,1981,0.12231886
Romania,ROU,1982,0.12167116
Romania,ROU,1983,0.117564775
Romania,ROU,1984,0.11989857
Romania,ROU,1985,0.12034842
Romania,ROU,1986,0.11903529
Romania,ROU,1987,0.12497316
Romania,ROU,1988,0.12229948
Romania,ROU,1989,0.12274485
Romania,ROU,1990,0.119972914
Romania,ROU,1991,0.115674324
Romania,ROU,1992,0.11608177
Romania,ROU,1993,0.11673886
Romania,ROU,1994,0.119029194
Romania,ROU,1995,0.11653261
Romania,ROU,1996,0.118169695
Romania,ROU,1997,0.11790568
Romania,ROU,1998,0.11549733
Romania,ROU,1999,0.11124324
Romania,ROU,2000,0.11043144
Romania,ROU,2001,0.10937617
Romania,ROU,2002,0.106977135
Romania,ROU,2003,0.10197371
Romania,ROU,2004,0.09990926
Romania,ROU,2005,0.099428095
Romania,ROU,2006,0.09898618
Romania,ROU,2007,0.097843826
Romania,ROU,2008,0.10077602
Romania,ROU,2009,0.10133632
Romania,ROU,2010,0.09846566
Romania,ROU,2011,0.094305106
Romania,ROU,2012,0.09409245
Romania,ROU,2013,0.09228426
Romania,ROU,2014,0.09198478
Romania,ROU,2015,0.091034494
Romania,ROU,2016,0.09093681
Romania,ROU,2017,0.09028999
Romania,ROU,2018,0.08975831
Romania,ROU,2019,0.08898047
Romania,ROU,2020,0.09203054
Romania,ROU,2021,0.095228806
Romania,ROU,2022,0.08938903
Romania,ROU,2023,0.086923406
Russia,RUS,1950,0.2695081
Russia,RUS,1951,0.27565813
Russia,RUS,1952,0.24617624
Russia,RUS,1953,0.23179266
Russia,RUS,1954,0.22350036
Russia,RUS,1955,0.20376083
Russia,RUS,1956,0.16067018
Russia,RUS,1957,0.16138217
Russia,RUS,1958,0.14950101
Russia,RUS,1959,0.14866768
Russia,RUS,1960,0.14197513
Russia,RUS,1961,0.13640048
Russia,RUS,1962,0.13462205
Russia,RUS,1963,0.13280103
Russia,RUS,1964,0.12843741
Russia,RUS,1965,0.12630445
Russia,RUS,1966,0.12536666
Russia,RUS,1967,0.12480143
Russia,RUS,1968,0.12457448
Russia,RUS,1969,0.123964116
Russia,RUS,1970,0.122427255
Russia,RUS,1971,0.12030451
Russia,RUS,1972,0.120369695
Russia,RUS,1973,0.12042889
Russia,RUS,1974,0.120939314
Russia,RUS,1975,0.12304517
Russia,RUS,1976,0.12480145
Russia,RUS,1977,0.12429014
Russia,RUS,1978,0.12406955
Russia,RUS,1979,0.123902135
Russia,RUS,1980,0.12419793
Russia,RUS,1981,0.12326956
Russia,RUS,1982,0.12063406
Russia,RUS,1983,0.120605916
Russia,RUS,1984,0.12219714
Russia,RUS,1985,0.11929016
Russia,RUS,1986,0.116103314
Russia,RUS,1987,0.11450314
Russia,RUS,1988,0.11419066
Russia,RUS,1989,0.114802256
Russia,RUS,1990,0.11430279
Russia,RUS,1991,0.11603754
Russia,RUS,1992,0.11941617
Russia,RUS,1993,0.12777571
Russia,RUS,1994,0.1303757
Russia,RUS,1995,0.12908302
Russia,RUS,1996,0.12382516
Russia,RUS,1997,0.12039995
Russia,RUS,1998,0.11937187
Russia,RUS,1999,0.12260067
Russia,RUS,2000,0.1234809
Russia,RUS,2001,0.124046706
Russia,RUS,2002,0.1245212
Russia,RUS,2003,0.12454119
Russia,RUS,2004,0.124330595
Russia,RUS,2005,0.12413765
Russia,RUS,2006,0.12014336
Russia,RUS,2007,0.11779964
Russia,RUS,2008,0.11596885
Russia,RUS,2009,0.11421146
Russia,RUS,2010,0.11757182
Russia,RUS,2011,0.11226541
Russia,RUS,2012,0.11171245
Russia,RUS,2013,0.1098471
Russia,RUS,2014,0.10945165
Russia,RUS,2015,0.10813038
Russia,RUS,2016,0.1064971
Russia,RUS,2017,0.10374739
Russia,RUS,2018,0.10348396
Russia,RUS,2019,0.104850724
Russia,RUS,2020,0.10775955
Russia,RUS,2021,0.108746216
Russia,RUS,2022,0.10368422
Russia,RUS,2023,0.101297855
Rwanda,RWA,1950,0.40829825
Rwanda,RWA,1951,0.40525296
Rwanda,RWA,1952,0.40250173
Rwanda,RWA,1953,0.39948702
Rwanda,RWA,1954,0.39598456
Rwanda,RWA,1955,0.39217305
Rwanda,RWA,1956,0.3882053
Rwanda,RWA,1957,0.3837511
Rwanda,RWA,1958,0.3790005
Rwanda,RWA,1959,0.37396753
Rwanda,RWA,1960,0.3690295
Rwanda,RWA,1961,0.36448866
Rwanda,RWA,1962,0.36072418
Rwanda,RWA,1963,0.38628098
Rwanda,RWA,1964,0.35674956
Rwanda,RWA,1965,0.35627013
Rwanda,RWA,1966,0.3572455
Rwanda,RWA,1967,0.35848233
Rwanda,RWA,1968,0.36061782
Rwanda,RWA,1969,0.3635334
Rwanda,RWA,1970,0.36728308
Rwanda,RWA,1971,0.37148464
Rwanda,RWA,1972,0.37607318
Rwanda,RWA,1973,0.38120234
Rwanda,RWA,1974,0.38597733
Rwanda,RWA,1975,0.3891888
Rwanda,RWA,1976,0.3897698
Rwanda,RWA,1977,0.38722116
Rwanda,RWA,1978,0.38078532
Rwanda,RWA,1979,0.37014475
Rwanda,RWA,1980,0.35803047
Rwanda,RWA,1981,0.3442447
Rwanda,RWA,1982,0.3314843
Rwanda,RWA,1983,0.32061175
Rwanda,RWA,1984,0.31213272
Rwanda,RWA,1985,0.30588192
Rwanda,RWA,1986,0.3022368
Rwanda,RWA,1987,0.3012096
Rwanda,RWA,1988,0.3030477
Rwanda,RWA,1989,0.30792436
Rwanda,RWA,1990,0.31606376
Rwanda,RWA,1991,0.32581025
Rwanda,RWA,1992,0.3389365
Rwanda,RWA,1993,0.35235456
Rwanda,RWA,1994,0.48005933
Rwanda,RWA,1995,0.375244
Rwanda,RWA,1996,0.37293932
Rwanda,RWA,1997,0.37475112
Rwanda,RWA,1998,0.36425823
Rwanda,RWA,1999,0.3507871
Rwanda,RWA,2000,0.3342289
Rwanda,RWA,2001,0.31640083
Rwanda,RWA,2002,0.3013812
Rwanda,RWA,2003,0.2800246
Rwanda,RWA,2004,0.26115847
Rwanda,RWA,2005,0.24496965
Rwanda,RWA,2006,0.23062226
Rwanda,RWA,2007,0.21884075
Rwanda,RWA,2008,0.20666143
Rwanda,RWA,2009,0.19672373
Rwanda,RWA,2010,0.18956046
Rwanda,RWA,2011,0.1826394
Rwanda,RWA,2012,0.17693341
Rwanda,RWA,2013,0.17216684
Rwanda,RWA,2014,0.1680986
Rwanda,RWA,2015,0.16471238
Rwanda,RWA,2016,0.1618309
Rwanda,RWA,2017,0.15952854
Rwanda,RWA,2018,0.1570535
Rwanda,RWA,2019,0.15469962
Rwanda,RWA,2020,0.15266335
Rwanda,RWA,2021,0.15144318
Rwanda,RWA,2022,0.1482864
Rwanda,RWA,2023,0.14623904
Saint Barthelemy,BLM,1950,0.27983436
Saint Barthelemy,BLM,1951,0.27042794
Saint Barthelemy,BLM,1952,0.25706086
Saint Barthelemy,BLM,1953,0.24882455
Saint Barthelemy,BLM,1954,0.24341922
Saint Barthelemy,BLM,1955,0.24058825
Saint Barthelemy,BLM,1956,0.23717897
Saint Barthelemy,BLM,1957,0.23415542
Saint Barthelemy,BLM,1958,0.23058237
Saint Barthelemy,BLM,1959,0.22738071
Saint Barthelemy,BLM,1960,0.22607669
Saint Barthelemy,BLM,1961,0.22168286
Saint Barthelemy,BLM,1962,0.21811256
Saint Barthelemy,BLM,1963,0.21807845
Saint Barthelemy,BLM,1964,0.21368448
Saint Barthelemy,BLM,1965,0.20690718
Saint Barthelemy,BLM,1966,0.20311722
Saint Barthelemy,BLM,1967,0.19645794
Saint Barthelemy,BLM,1968,0.18534999
Saint Barthelemy,BLM,1969,0.17753154
Saint Barthelemy,BLM,1970,0.17063774
Saint Barthelemy,BLM,1971,0.16266231
Saint Barthelemy,BLM,1972,0.15544692
Saint Barthelemy,BLM,1973,0.1484618
Saint Barthelemy,BLM,1974,0.13899095
Saint Barthelemy,BLM,1975,0.12932086
Saint Barthelemy,BLM,1976,0.12075138
Saint Barthelemy,BLM,1977,0.11349906
Saint Barthelemy,BLM,1978,0.10751058
Saint Barthelemy,BLM,1979,0.10365723
Saint Barthelemy,BLM,1980,0.10080313
Saint Barthelemy,BLM,1981,0.09880888
Saint Barthelemy,BLM,1982,0.09726395
Saint Barthelemy,BLM,1983,0.09591257
Saint Barthelemy,BLM,1984,0.094397016
Saint Barthelemy,BLM,1985,0.09299052
Saint Barthelemy,BLM,1986,0.09162344
Saint Barthelemy,BLM,1987,0.09026782
Saint Barthelemy,BLM,1988,0.08928795
Saint Barthelemy,BLM,1989,0.088449456
Saint Barthelemy,BLM,1990,0.08767311
Saint Barthelemy,BLM,1991,0.086983584
Saint Barthelemy,BLM,1992,0.08637546
Saint Barthelemy,BLM,1993,0.08567349
Saint Barthelemy,BLM,1994,0.08498019
Saint Barthelemy,BLM,1995,0.084274404
Saint Barthelemy,BLM,1996,0.08351651
Saint Barthelemy,BLM,1997,0.0827655
Saint Barthelemy,BLM,1998,0.082025
Saint Barthelemy,BLM,1999,0.081298456
Saint Barthelemy,BLM,2000,0.08058575
Saint Barthelemy,BLM,2001,0.079889916
Saint Barthelemy,BLM,2002,0.079210274
Saint Barthelemy,BLM,2003,0.078546256
Saint Barthelemy,BLM,2004,0.077573664
Saint Barthelemy,BLM,2005,0.07655973
Saint Barthelemy,BLM,2006,0.075578734
Saint Barthelemy,BLM,2007,0.074575454
Saint Barthelemy,BLM,2008,0.07371681
Saint Barthelemy,BLM,2009,0.07335844
Saint Barthelemy,BLM,2010,0.07301678
Saint Barthelemy,BLM,2011,0.07270342
Saint Barthelemy,BLM,2012,0.07253313
Saint Barthelemy,BLM,2013,0.072432466
Saint Barthelemy,BLM,2014,0.07208916
Saint Barthelemy,BLM,2015,0.07172779
Saint Barthelemy,BLM,2016,0.07149801
Saint Barthelemy,BLM,2017,0.08923254
Saint Barthelemy,BLM,2018,0.071280465
Saint Barthelemy,BLM,2019,0.07153755
Saint Barthelemy,BLM,2020,0.07209983
Saint Barthelemy,BLM,2021,0.07263662
Saint Barthelemy,BLM,2022,0.0729533
Saint Barthelemy,BLM,2023,0.07331849
Saint Helena,SHN,1950,0.16315769
Saint Helena,SHN,1951,0.16069885
Saint Helena,SHN,1952,0.15850481
Saint Helena,SHN,1953,0.1554344
Saint Helena,SHN,1954,0.1515544
Saint Helena,SHN,1955,0.14966935
Saint Helena,SHN,1956,0.14794561
Saint Helena,SHN,1957,0.14676186
Saint Helena,SHN,1958,0.14512803
Saint Helena,SHN,1959,0.14433284
Saint Helena,SHN,1960,0.14364776
Saint Helena,SHN,1961,0.14332326
Saint Helena,SHN,1962,0.14182054
Saint Helena,SHN,1963,0.1407694
Saint Helena,SHN,1964,0.13947526
Saint Helena,SHN,1965,0.13751827
Saint Helena,SHN,1966,0.13602747
Saint Helena,SHN,1967,0.1356969
Saint Helena,SHN,1968,0.1350781
Saint Helena,SHN,1969,0.13389511
Saint Helena,SHN,1970,0.13391842
Saint Helena,SHN,1971,0.13313755
Saint Helena,SHN,1972,0.13220207
Saint Helena,SHN,1973,0.13122621
Saint Helena,SHN,1974,0.13074678
Saint Helena,SHN,1975,0.12930731
Saint Helena,SHN,1976,0.12825905
Saint Helena,SHN,1977,0.1273211
Saint Helena,SHN,1978,0.1262203
Saint Helena,SHN,1979,0.12471038
Saint Helena,SHN,1980,0.123761974
Saint Helena,SHN,1981,0.12244902
Saint Helena,SHN,1982,0.120904654
Saint Helena,SHN,1983,0.1200422
Saint Helena,SHN,1984,0.119196974
Saint Helena,SHN,1985,0.118124664
Saint Helena,SHN,1986,0.11725566
Saint Helena,SHN,1987,0.116726354
Saint Helena,SHN,1988,0.11557333
Saint Helena,SHN,1989,0.1146398
Saint Helena,SHN,1990,0.113532975
Saint Helena,SHN,1991,0.112823345
Saint Helena,SHN,1992,0.11055907
Saint Helena,SHN,1993,0.10868631
Saint Helena,SHN,1994,0.10824688
Saint Helena,SHN,1995,0.10269009
Saint Helena,SHN,1996,0.10011454
Saint Helena,SHN,1997,0.09936321
Saint Helena,SHN,1998,0.09655784
Saint Helena,SHN,1999,0.09441255
Saint Helena,SHN,2000,0.096405245
Saint Helena,SHN,2001,0.09470955
Saint Helena,SHN,2002,0.09652243
Saint Helena,SHN,2003,0.09447448
Saint Helena,SHN,2004,0.09054219
Saint Helena,SHN,2005,0.09119583
Saint Helena,SHN,2006,0.0912456
Saint Helena,SHN,2007,0.094357945
Saint Helena,SHN,2008,0.09469637
Saint Helena,SHN,2009,0.094201155
Saint Helena,SHN,2010,0.09084427
Saint Helena,SHN,2011,0.09150885
Saint Helena,SHN,2012,0.0915602
Saint Helena,SHN,2013,0.09199383
Saint Helena,SHN,2014,0.09400379
Saint Helena,SHN,2015,0.09593571
Saint Helena,SHN,2016,0.09543388
Saint Helena,SHN,2017,0.09233261
Saint Helena,SHN,2018,0.09131257
Saint Helena,SHN,2019,0.090334274
Saint Helena,SHN,2020,0.08962372
Saint Helena,SHN,2021,0.0906951
Saint Helena,SHN,2022,0.08911657
Saint Helena,SHN,2023,0.089898735
Saint Kitts and Nevis,KNA,1950,0.25443
Saint Kitts and Nevis,KNA,1951,0.25188354
Saint Kitts and Nevis,KNA,1952,0.24940486
Saint Kitts and Nevis,KNA,1953,0.24746807
Saint Kitts and Nevis,KNA,1954,0.24706012
Saint Kitts and Nevis,KNA,1955,0.24780294
Saint Kitts and Nevis,KNA,1956,0.24930228
Saint Kitts and Nevis,KNA,1957,0.250642
Saint Kitts and Nevis,KNA,1958,0.25110173
Saint Kitts and Nevis,KNA,1959,0.24991998
Saint Kitts and Nevis,KNA,1960,0.24690914
Saint Kitts and Nevis,KNA,1961,0.24155407
Saint Kitts and Nevis,KNA,1962,0.23573773
Saint Kitts and Nevis,KNA,1963,0.22897013
Saint Kitts and Nevis,KNA,1964,0.22206138
Saint Kitts and Nevis,KNA,1965,0.21574318
Saint Kitts and Nevis,KNA,1966,0.21017843
Saint Kitts and Nevis,KNA,1967,0.20582208
Saint Kitts and Nevis,KNA,1968,0.20283581
Saint Kitts and Nevis,KNA,1969,0.199709
Saint Kitts and Nevis,KNA,1970,0.19624363
Saint Kitts and Nevis,KNA,1971,0.19164546
Saint Kitts and Nevis,KNA,1972,0.1868869
Saint Kitts and Nevis,KNA,1973,0.18213736
Saint Kitts and Nevis,KNA,1974,0.17824896
Saint Kitts and Nevis,KNA,1975,0.1751198
Saint Kitts and Nevis,KNA,1976,0.17226423
Saint Kitts and Nevis,KNA,1977,0.16996856
Saint Kitts and Nevis,KNA,1978,0.16987857
Saint Kitts and Nevis,KNA,1979,0.16831812
Saint Kitts and Nevis,KNA,1980,0.16656902
Saint Kitts and Nevis,KNA,1981,0.16498461
Saint Kitts and Nevis,KNA,1982,0.1630092
Saint Kitts and Nevis,KNA,1983,0.16065034
Saint Kitts and Nevis,KNA,1984,0.15804052
Saint Kitts and Nevis,KNA,1985,0.1566501
Saint Kitts and Nevis,KNA,1986,0.15695542
Saint Kitts and Nevis,KNA,1987,0.1585117
Saint Kitts and Nevis,KNA,1988,0.16028893
Saint Kitts and Nevis,KNA,1989,0.16100688
Saint Kitts and Nevis,KNA,1990,0.15854746
Saint Kitts and Nevis,KNA,1991,0.1547944
Saint Kitts and Nevis,KNA,1992,0.15033706
Saint Kitts and Nevis,KNA,1993,0.1465029
Saint Kitts and Nevis,KNA,1994,0.14484085
Saint Kitts and Nevis,KNA,1995,0.14383212
Saint Kitts and Nevis,KNA,1996,0.1428136
Saint Kitts and Nevis,KNA,1997,0.14078829
Saint Kitts and Nevis,KNA,1998,0.14131352
Saint Kitts and Nevis,KNA,1999,0.13321993
Saint Kitts and Nevis,KNA,2000,0.12848824
Saint Kitts and Nevis,KNA,2001,0.124025844
Saint Kitts and Nevis,KNA,2002,0.12083104
Saint Kitts and Nevis,KNA,2003,0.11793082
Saint Kitts and Nevis,KNA,2004,0.116275266
Saint Kitts and Nevis,KNA,2005,0.11539152
Saint Kitts and Nevis,KNA,2006,0.11449381
Saint Kitts and Nevis,KNA,2007,0.11398082
Saint Kitts and Nevis,KNA,2008,0.11415042
Saint Kitts and Nevis,KNA,2009,0.114188276
Saint Kitts and Nevis,KNA,2010,0.11417717
Saint Kitts and Nevis,KNA,2011,0.114167206
Saint Kitts and Nevis,KNA,2012,0.11380584
Saint Kitts and Nevis,KNA,2013,0.11320581
Saint Kitts and Nevis,KNA,2014,0.11259294
Saint Kitts and Nevis,KNA,2015,0.111833006
Saint Kitts and Nevis,KNA,2016,0.11135004
Saint Kitts and Nevis,KNA,2017,0.11091981
Saint Kitts and Nevis,KNA,2018,0.110695764
Saint Kitts and Nevis,KNA,2019,0.10984958
Saint Kitts and Nevis,KNA,2020,0.10976217
Saint Kitts and Nevis,KNA,2021,0.11339144
Saint Kitts and Nevis,KNA,2022,0.11112444
Saint Kitts and Nevis,KNA,2023,0.107176594
Saint Lucia,LCA,1950,0.3351978
Saint Lucia,LCA,1951,0.32179224
Saint Lucia,LCA,1952,0.3009076
Saint Lucia,LCA,1953,0.2894136
Saint Lucia,LCA,1954,0.27752993
Saint Lucia,LCA,1955,0.27213788
Saint Lucia,LCA,1956,0.26817408
Saint Lucia,LCA,1957,0.2663402
Saint Lucia,LCA,1958,0.25794083
Saint Lucia,LCA,1959,0.25155368
Saint Lucia,LCA,1960,0.244937
Saint Lucia,LCA,1961,0.23278548
Saint Lucia,LCA,1962,0.22507128
Saint Lucia,LCA,1963,0.21913722
Saint Lucia,LCA,1964,0.21064965
Saint Lucia,LCA,1965,0.20463471
Saint Lucia,LCA,1966,0.19839635
Saint Lucia,LCA,1967,0.19209601
Saint Lucia,LCA,1968,0.18649909
Saint Lucia,LCA,1969,0.18206942
Saint Lucia,LCA,1970,0.1778908
Saint Lucia,LCA,1971,0.17441224
Saint Lucia,LCA,1972,0.17118712
Saint Lucia,LCA,1973,0.17234585
Saint Lucia,LCA,1974,0.16418946
Saint Lucia,LCA,1975,0.15761654
Saint Lucia,LCA,1976,0.15291321
Saint Lucia,LCA,1977,0.14563331
Saint Lucia,LCA,1978,0.1451823
Saint Lucia,LCA,1979,0.14644922
Saint Lucia,LCA,1980,0.14653133
Saint Lucia,LCA,1981,0.13865745
Saint Lucia,LCA,1982,0.1380087
Saint Lucia,LCA,1983,0.13096344
Saint Lucia,LCA,1984,0.12432364
Saint Lucia,LCA,1985,0.123889804
Saint Lucia,LCA,1986,0.12439109
Saint Lucia,LCA,1987,0.12990205
Saint Lucia,LCA,1988,0.13108183
Saint Lucia,LCA,1989,0.12869328
Saint Lucia,LCA,1990,0.1301623
Saint Lucia,LCA,1991,0.12764731
Saint Lucia,LCA,1992,0.121729486
Saint Lucia,LCA,1993,0.12046046
Saint Lucia,LCA,1994,0.121634334
Saint Lucia,LCA,1995,0.120715216
Saint Lucia,LCA,1996,0.12549232
Saint Lucia,LCA,1997,0.13095473
Saint Lucia,LCA,1998,0.13208352
Saint Lucia,LCA,1999,0.12900755
Saint Lucia,LCA,2000,0.12507458
Saint Lucia,LCA,2001,0.11819056
Saint Lucia,LCA,2002,0.11362581
Saint Lucia,LCA,2003,0.110270016
Saint Lucia,LCA,2004,0.10863408
Saint Lucia,LCA,2005,0.10798113
Saint Lucia,LCA,2006,0.10643722
Saint Lucia,LCA,2007,0.106725104
Saint Lucia,LCA,2008,0.10645511
Saint Lucia,LCA,2009,0.10522131
Saint Lucia,LCA,2010,0.10929044
Saint Lucia,LCA,2011,0.10842133
Saint Lucia,LCA,2012,0.10956573
Saint Lucia,LCA,2013,0.10908128
Saint Lucia,LCA,2014,0.10712012
Saint Lucia,LCA,2015,0.10577765
Saint Lucia,LCA,2016,0.10692871
Saint Lucia,LCA,2017,0.10515081
Saint Lucia,LCA,2018,0.10446224
Saint Lucia,LCA,2019,0.10561528
Saint Lucia,LCA,2020,0.10506711
Saint Lucia,LCA,2021,0.10963298
Saint Lucia,LCA,2022,0.10439673
Saint Lucia,LCA,2023,0.10436051
Saint Martin (French part),MAF,1950,0.16102874
Saint Martin (French part),MAF,1951,0.15785067
Saint Martin (French part),MAF,1952,0.15778816
Saint Martin (French part),MAF,1953,0.1545186
Saint Martin (French part),MAF,1954,0.15172385
Saint Martin (French part),MAF,1955,0.14833829
Saint Martin (French part),MAF,1956,0.14534388
Saint Martin (French part),MAF,1957,0.14240444
Saint Martin (French part),MAF,1958,0.13956946
Saint Martin (French part),MAF,1959,0.13681039
Saint Martin (French part),MAF,1960,0.13411872
Saint Martin (French part),MAF,1961,0.131663
Saint Martin (French part),MAF,1962,0.12913343
Saint Martin (French part),MAF,1963,0.12634617
Saint Martin (French part),MAF,1964,0.12366216
Saint Martin (French part),MAF,1965,0.1210004
Saint Martin (French part),MAF,1966,0.11800996
Saint Martin (French part),MAF,1967,0.11513829
Saint Martin (French part),MAF,1968,0.11254012
Saint Martin (French part),MAF,1969,0.1101132
Saint Martin (French part),MAF,1970,0.1082044
Saint Martin (French part),MAF,1971,0.10672667
Saint Martin (French part),MAF,1972,0.10548786
Saint Martin (French part),MAF,1973,0.10448982
Saint Martin (French part),MAF,1974,0.103739396
Saint Martin (French part),MAF,1975,0.10315801
Saint Martin (French part),MAF,1976,0.10268591
Saint Martin (French part),MAF,1977,0.10230326
Saint Martin (French part),MAF,1978,0.10187728
Saint Martin (French part),MAF,1979,0.10140161
Saint Martin (French part),MAF,1980,0.10086852
Saint Martin (French part),MAF,1981,0.10031236
Saint Martin (French part),MAF,1982,0.09972751
Saint Martin (French part),MAF,1983,0.09928031
Saint Martin (French part),MAF,1984,0.09883391
Saint Martin (French part),MAF,1985,0.098399006
Saint Martin (French part),MAF,1986,0.097923346
Saint Martin (French part),MAF,1987,0.097392246
Saint Martin (French part),MAF,1988,0.09679847
Saint Martin (French part),MAF,1989,0.096215665
Saint Martin (French part),MAF,1990,0.09560872
Saint Martin (French part),MAF,1991,0.0949921
Saint Martin (French part),MAF,1992,0.094458975
Saint Martin (French part),MAF,1993,0.0939162
Saint Martin (French part),MAF,1994,0.09333344
Saint Martin (French part),MAF,1995,0.09272102
Saint Martin (French part),MAF,1996,0.09209445
Saint Martin (French part),MAF,1997,0.09138382
Saint Martin (French part),MAF,1998,0.09065546
Saint Martin (French part),MAF,1999,0.08997206
Saint Martin (French part),MAF,2000,0.08935312
Saint Martin (French part),MAF,2001,0.08879008
Saint Martin (French part),MAF,2002,0.08826604
Saint Martin (French part),MAF,2003,0.087766565
Saint Martin (French part),MAF,2004,0.08727437
Saint Martin (French part),MAF,2005,0.08678674
Saint Martin (French part),MAF,2006,0.086315356
Saint Martin (French part),MAF,2007,0.08580264
Saint Martin (French part),MAF,2008,0.08531014
Saint Martin (French part),MAF,2009,0.084865876
Saint Martin (French part),MAF,2010,0.08432207
Saint Martin (French part),MAF,2011,0.0836822
Saint Martin (French part),MAF,2012,0.08313833
Saint Martin (French part),MAF,2013,0.082572445
Saint Martin (French part),MAF,2014,0.08192687
Saint Martin (French part),MAF,2015,0.081502
Saint Martin (French part),MAF,2016,0.08119563
Saint Martin (French part),MAF,2017,0.09427433
Saint Martin (French part),MAF,2018,0.08079656
Saint Martin (French part),MAF,2019,0.080812916
Saint Martin (French part),MAF,2020,0.08079136
Saint Martin (French part),MAF,2021,0.080793515
Saint Martin (French part),MAF,2022,0.08080835
Saint Martin (French part),MAF,2023,0.08082243
Saint Pierre and Miquelon,SPM,1950,0.15090494
Saint Pierre and Miquelon,SPM,1951,0.14881893
Saint Pierre and Miquelon,SPM,1952,0.14689817
Saint Pierre and Miquelon,SPM,1953,0.14495008
Saint Pierre and Miquelon,SPM,1954,0.14291102
Saint Pierre and Miquelon,SPM,1955,0.14072812
Saint Pierre and Miquelon,SPM,1956,0.1384642
Saint Pierre and Miquelon,SPM,1957,0.13616195
Saint Pierre and Miquelon,SPM,1958,0.13390687
Saint Pierre and Miquelon,SPM,1959,0.13172655
Saint Pierre and Miquelon,SPM,1960,0.12980855
Saint Pierre and Miquelon,SPM,1961,0.12827659
Saint Pierre and Miquelon,SPM,1962,0.12716796
Saint Pierre and Miquelon,SPM,1963,0.12636779
Saint Pierre and Miquelon,SPM,1964,0.12595487
Saint Pierre and Miquelon,SPM,1965,0.1257029
Saint Pierre and Miquelon,SPM,1966,0.12541746
Saint Pierre and Miquelon,SPM,1967,0.12491211
Saint Pierre and Miquelon,SPM,1968,0.124057665
Saint Pierre and Miquelon,SPM,1969,0.12262988
Saint Pierre and Miquelon,SPM,1970,0.12084923
Saint Pierre and Miquelon,SPM,1971,0.11869655
Saint Pierre and Miquelon,SPM,1972,0.11658366
Saint Pierre and Miquelon,SPM,1973,0.11458879
Saint Pierre and Miquelon,SPM,1974,0.11275766
Saint Pierre and Miquelon,SPM,1975,0.11125796
Saint Pierre and Miquelon,SPM,1976,0.11022589
Saint Pierre and Miquelon,SPM,1977,0.109584026
Saint Pierre and Miquelon,SPM,1978,0.10923055
Saint Pierre and Miquelon,SPM,1979,0.10916402
Saint Pierre and Miquelon,SPM,1980,0.1091494
Saint Pierre and Miquelon,SPM,1981,0.10863596
Saint Pierre and Miquelon,SPM,1982,0.10760049
Saint Pierre and Miquelon,SPM,1983,0.10606314
Saint Pierre and Miquelon,SPM,1984,0.104246005
Saint Pierre and Miquelon,SPM,1985,0.102371395
Saint Pierre and Miquelon,SPM,1986,0.10030237
Saint Pierre and Miquelon,SPM,1987,0.09828085
Saint Pierre and Miquelon,SPM,1988,0.09650042
Saint Pierre and Miquelon,SPM,1989,0.09487151
Saint Pierre and Miquelon,SPM,1990,0.09341539
Saint Pierre and Miquelon,SPM,1991,0.092195235
Saint Pierre and Miquelon,SPM,1992,0.0912959
Saint Pierre and Miquelon,SPM,1993,0.090357214
Saint Pierre and Miquelon,SPM,1994,0.08947893
Saint Pierre and Miquelon,SPM,1995,0.08861424
Saint Pierre and Miquelon,SPM,1996,0.087718904
Saint Pierre and Miquelon,SPM,1997,0.08675458
Saint Pierre and Miquelon,SPM,1998,0.08579019
Saint Pierre and Miquelon,SPM,1999,0.08483479
Saint Pierre and Miquelon,SPM,2000,0.08391654
Saint Pierre and Miquelon,SPM,2001,0.08305618
Saint Pierre and Miquelon,SPM,2002,0.082307436
Saint Pierre and Miquelon,SPM,2003,0.08166052
Saint Pierre and Miquelon,SPM,2004,0.08111568
Saint Pierre and Miquelon,SPM,2005,0.08066659
Saint Pierre and Miquelon,SPM,2006,0.08028201
Saint Pierre and Miquelon,SPM,2007,0.07998348
Saint Pierre and Miquelon,SPM,2008,0.079746515
Saint Pierre and Miquelon,SPM,2009,0.07961905
Saint Pierre and Miquelon,SPM,2010,0.07956934
Saint Pierre and Miquelon,SPM,2011,0.07958033
Saint Pierre and Miquelon,SPM,2012,0.07961648
Saint Pierre and Miquelon,SPM,2013,0.079667784
Saint Pierre and Miquelon,SPM,2014,0.07967256
Saint Pierre and Miquelon,SPM,2015,0.079658605
Saint Pierre and Miquelon,SPM,2016,0.07961504
Saint Pierre and Miquelon,SPM,2017,0.07954185
Saint Pierre and Miquelon,SPM,2018,0.07944307
Saint Pierre and Miquelon,SPM,2019,0.07931755
Saint Pierre and Miquelon,SPM,2020,0.07919123
Saint Pierre and Miquelon,SPM,2021,0.07905031
Saint Pierre and Miquelon,SPM,2022,0.07891562
Saint Pierre and Miquelon,SPM,2023,0.07878006
Saint Vincent and the Grenadines,VCT,1950,0.34746474
Saint Vincent and the Grenadines,VCT,1951,0.33104354
Saint Vincent and the Grenadines,VCT,1952,0.32183057
Saint Vincent and the Grenadines,VCT,1953,0.30503216
Saint Vincent and the Grenadines,VCT,1954,0.29181266
Saint Vincent and the Grenadines,VCT,1955,0.2801259
Saint Vincent and the Grenadines,VCT,1956,0.2733232
Saint Vincent and the Grenadines,VCT,1957,0.2653342
Saint Vincent and the Grenadines,VCT,1958,0.25780082
Saint Vincent and the Grenadines,VCT,1959,0.25268072
Saint Vincent and the Grenadines,VCT,1960,0.247892
Saint Vincent and the Grenadines,VCT,1961,0.24164613
Saint Vincent and the Grenadines,VCT,1962,0.2353104
Saint Vincent and the Grenadines,VCT,1963,0.22889057
Saint Vincent and the Grenadines,VCT,1964,0.22250631
Saint Vincent and the Grenadines,VCT,1965,0.21506552
Saint Vincent and the Grenadines,VCT,1966,0.2093069
Saint Vincent and the Grenadines,VCT,1967,0.20421425
Saint Vincent and the Grenadines,VCT,1968,0.19829334
Saint Vincent and the Grenadines,VCT,1969,0.19309822
Saint Vincent and the Grenadines,VCT,1970,0.18765303
Saint Vincent and the Grenadines,VCT,1971,0.18295759
Saint Vincent and the Grenadines,VCT,1972,0.17927627
Saint Vincent and the Grenadines,VCT,1973,0.17595679
Saint Vincent and the Grenadines,VCT,1974,0.17296562
Saint Vincent and the Grenadines,VCT,1975,0.16901705
Saint Vincent and the Grenadines,VCT,1976,0.1641447
Saint Vincent and the Grenadines,VCT,1977,0.15999718
Saint Vincent and the Grenadines,VCT,1978,0.15618746
Saint Vincent and the Grenadines,VCT,1979,0.14164314
Saint Vincent and the Grenadines,VCT,1980,0.1495013
Saint Vincent and the Grenadines,VCT,1981,0.14658913
Saint Vincent and the Grenadines,VCT,1982,0.14394316
Saint Vincent and the Grenadines,VCT,1983,0.14247167
Saint Vincent and the Grenadines,VCT,1984,0.13826866
Saint Vincent and the Grenadines,VCT,1985,0.13381419
Saint Vincent and the Grenadines,VCT,1986,0.13027006
Saint Vincent and the Grenadines,VCT,1987,0.1266482
Saint Vincent and the Grenadines,VCT,1988,0.12421976
Saint Vincent and the Grenadines,VCT,1989,0.12391574
Saint Vincent and the Grenadines,VCT,1990,0.12409946
Saint Vincent and the Grenadines,VCT,1991,0.12438881
Saint Vincent and the Grenadines,VCT,1992,0.12925987
Saint Vincent and the Grenadines,VCT,1993,0.1252933
Saint Vincent and the Grenadines,VCT,1994,0.12591311
Saint Vincent and the Grenadines,VCT,1995,0.12664852
Saint Vincent and the Grenadines,VCT,1996,0.1264505
Saint Vincent and the Grenadines,VCT,1997,0.12615229
Saint Vincent and the Grenadines,VCT,1998,0.12646338
Saint Vincent and the Grenadines,VCT,1999,0.12568976
Saint Vincent and the Grenadines,VCT,2000,0.12500627
Saint Vincent and the Grenadines,VCT,2001,0.12438093
Saint Vincent and the Grenadines,VCT,2002,0.12631416
Saint Vincent and the Grenadines,VCT,2003,0.123297654
Saint Vincent and the Grenadines,VCT,2004,0.122838594
Saint Vincent and the Grenadines,VCT,2005,0.122432664
Saint Vincent and the Grenadines,VCT,2006,0.122655645
Saint Vincent and the Grenadines,VCT,2007,0.12279772
Saint Vincent and the Grenadines,VCT,2008,0.122483686
Saint Vincent and the Grenadines,VCT,2009,0.12176074
Saint Vincent and the Grenadines,VCT,2010,0.1216362
Saint Vincent and the Grenadines,VCT,2011,0.121196486
Saint Vincent and the Grenadines,VCT,2012,0.120949835
Saint Vincent and the Grenadines,VCT,2013,0.124546304
Saint Vincent and the Grenadines,VCT,2014,0.12096229
Saint Vincent and the Grenadines,VCT,2015,0.12025459
Saint Vincent and the Grenadines,VCT,2016,0.12053867
Saint Vincent and the Grenadines,VCT,2017,0.11995941
Saint Vincent and the Grenadines,VCT,2018,0.120530486
Saint Vincent and the Grenadines,VCT,2019,0.121775344
Saint Vincent and the Grenadines,VCT,2020,0.11702747
Saint Vincent and the Grenadines,VCT,2021,0.12702164
Saint Vincent and the Grenadines,VCT,2022,0.11991648
Saint Vincent and the Grenadines,VCT,2023,0.11977852
Samoa,WSM,1950,0.31241766
Samoa,WSM,1951,0.3063904
Samoa,WSM,1952,0.30046013
Samoa,WSM,1953,0.29411086
Samoa,WSM,1954,0.28802496
Samoa,WSM,1955,0.28177476
Samoa,WSM,1956,0.27541482
Samoa,WSM,1957,0.269018
Samoa,WSM,1958,0.26302394
Samoa,WSM,1959,0.2568248
Samoa,WSM,1960,0.25088277
Samoa,WSM,1961,0.24514309
Samoa,WSM,1962,0.23940814
Samoa,WSM,1963,0.23416452
Samoa,WSM,1964,0.2685156
Samoa,WSM,1965,0.22421849
Samoa,WSM,1966,0.22123094
Samoa,WSM,1967,0.21453996
Samoa,WSM,1968,0.20967428
Samoa,WSM,1969,0.20484595
Samoa,WSM,1970,0.1999949
Samoa,WSM,1971,0.19522855
Samoa,WSM,1972,0.1907189
Samoa,WSM,1973,0.18599297
Samoa,WSM,1974,0.18154238
Samoa,WSM,1975,0.17727566
Samoa,WSM,1976,0.17313473
Samoa,WSM,1977,0.16920884
Samoa,WSM,1978,0.16549261
Samoa,WSM,1979,0.16201985
Samoa,WSM,1980,0.15875553
Samoa,WSM,1981,0.15572323
Samoa,WSM,1982,0.15281296
Samoa,WSM,1983,0.15016867
Samoa,WSM,1984,0.14767894
Samoa,WSM,1985,0.14535666
Samoa,WSM,1986,0.14316583
Samoa,WSM,1987,0.1411114
Samoa,WSM,1988,0.13916664
Samoa,WSM,1989,0.1372844
Samoa,WSM,1990,0.13687073
Samoa,WSM,1991,0.13582516
Samoa,WSM,1992,0.13150723
Samoa,WSM,1993,0.12944697
Samoa,WSM,1994,0.12734641
Samoa,WSM,1995,0.12537137
Samoa,WSM,1996,0.12355624
Samoa,WSM,1997,0.12194843
Samoa,WSM,1998,0.120518245
Samoa,WSM,1999,0.119200654
Samoa,WSM,2000,0.11801463
Samoa,WSM,2001,0.11690815
Samoa,WSM,2002,0.11597074
Samoa,WSM,2003,0.115157366
Samoa,WSM,2004,0.115054004
Samoa,WSM,2005,0.11619759
Samoa,WSM,2006,0.11490772
Samoa,WSM,2007,0.115353085
Samoa,WSM,2008,0.11615911
Samoa,WSM,2009,0.13892527
Samoa,WSM,2010,0.117704995
Samoa,WSM,2011,0.11872237
Samoa,WSM,2012,0.12183022
Samoa,WSM,2013,0.121241525
Samoa,WSM,2014,0.1225887
Samoa,WSM,2015,0.12385679
Samoa,WSM,2016,0.124876715
Samoa,WSM,2017,0.12545455
Samoa,WSM,2018,0.1255459
Samoa,WSM,2019,0.13316737
Samoa,WSM,2020,0.12571084
Samoa,WSM,2021,0.124437675
Samoa,WSM,2022,0.123228975
Samoa,WSM,2023,0.12240753
San Marino,SMR,1950,0.11155909
San Marino,SMR,1951,0.11054762
San Marino,SMR,1952,0.10957527
San Marino,SMR,1953,0.10862467
San Marino,SMR,1954,0.10766293
San Marino,SMR,1955,0.10659144
San Marino,SMR,1956,0.105607115
San Marino,SMR,1957,0.10458865
San Marino,SMR,1958,0.103488654
San Marino,SMR,1959,0.10248104
San Marino,SMR,1960,0.101475164
San Marino,SMR,1961,0.10036937
San Marino,SMR,1962,0.09941474
San Marino,SMR,1963,0.098897405
San Marino,SMR,1964,0.09830954
San Marino,SMR,1965,0.0980326
San Marino,SMR,1966,0.097604126
San Marino,SMR,1967,0.09722888
San Marino,SMR,1968,0.09664079
San Marino,SMR,1969,0.09592572
San Marino,SMR,1970,0.09518347
San Marino,SMR,1971,0.09439759
San Marino,SMR,1972,0.093420185
San Marino,SMR,1973,0.092504926
San Marino,SMR,1974,0.09160955
San Marino,SMR,1975,0.09104823
San Marino,SMR,1976,0.0905066
San Marino,SMR,1977,0.08975315
San Marino,SMR,1978,0.08882833
San Marino,SMR,1979,0.08785547
San Marino,SMR,1980,0.086884215
San Marino,SMR,1981,0.086015806
San Marino,SMR,1982,0.08513891
San Marino,SMR,1983,0.08448543
San Marino,SMR,1984,0.08409968
San Marino,SMR,1985,0.0838371
San Marino,SMR,1986,0.08360751
San Marino,SMR,1987,0.08339029
San Marino,SMR,1988,0.08319406
San Marino,SMR,1989,0.0827626
San Marino,SMR,1990,0.08228195
San Marino,SMR,1991,0.08171975
San Marino,SMR,1992,0.08094703
San Marino,SMR,1993,0.08013069
San Marino,SMR,1994,0.07924986
San Marino,SMR,1995,0.078373425
San Marino,SMR,1996,0.07765242
San Marino,SMR,1997,0.0769479
San Marino,SMR,1998,0.076482266
San Marino,SMR,1999,0.076253965
San Marino,SMR,2000,0.07602082
San Marino,SMR,2001,0.07584411
San Marino,SMR,2002,0.07567646
San Marino,SMR,2003,0.075517416
San Marino,SMR,2004,0.075077005
San Marino,SMR,2005,0.0740255
San Marino,SMR,2006,0.072966166
San Marino,SMR,2007,0.07187997
San Marino,SMR,2008,0.07092844
San Marino,SMR,2009,0.07002483
San Marino,SMR,2010,0.06934989
San Marino,SMR,2011,0.06874247
San Marino,SMR,2012,0.06829332
San Marino,SMR,2013,0.06792994
San Marino,SMR,2014,0.06763072
San Marino,SMR,2015,0.06743329
San Marino,SMR,2016,0.06728088
San Marino,SMR,2017,0.06721623
San Marino,SMR,2018,0.067110956
San Marino,SMR,2019,0.06697157
San Marino,SMR,2020,0.06813681
San Marino,SMR,2021,0.069930635
San Marino,SMR,2022,0.066629946
San Marino,SMR,2023,0.066703275
Sao Tome and Principe,STP,1950,0.44347647
Sao Tome and Principe,STP,1951,0.4435646
Sao Tome and Principe,STP,1952,0.4436663
Sao Tome and Principe,STP,1953,0.44366828
Sao Tome and Principe,STP,1954,0.44337898
Sao Tome and Principe,STP,1955,0.44206646
Sao Tome and Principe,STP,1956,0.43917677
Sao Tome and Principe,STP,1957,0.43346223
Sao Tome and Principe,STP,1958,0.4239148
Sao Tome and Principe,STP,1959,0.41116938
Sao Tome and Principe,STP,1960,0.3948891
Sao Tome and Principe,STP,1961,0.37682402
Sao Tome and Principe,STP,1962,0.35829794
Sao Tome and Principe,STP,1963,0.3410509
Sao Tome and Principe,STP,1964,0.3251239
Sao Tome and Principe,STP,1965,0.31006178
Sao Tome and Principe,STP,1966,0.29634714
Sao Tome and Principe,STP,1967,0.28385612
Sao Tome and Principe,STP,1968,0.2720208
Sao Tome and Principe,STP,1969,0.26162934
Sao Tome and Principe,STP,1970,0.25214785
Sao Tome and Principe,STP,1971,0.24438977
Sao Tome and Principe,STP,1972,0.23914175
Sao Tome and Principe,STP,1973,0.23481727
Sao Tome and Principe,STP,1974,0.23163076
Sao Tome and Principe,STP,1975,0.22964244
Sao Tome and Principe,STP,1976,0.2286757
Sao Tome and Principe,STP,1977,0.22803387
Sao Tome and Principe,STP,1978,0.2277912
Sao Tome and Principe,STP,1979,0.22785878
Sao Tome and Principe,STP,1980,0.22793256
Sao Tome and Principe,STP,1981,0.22801974
Sao Tome and Principe,STP,1982,0.22772652
Sao Tome and Principe,STP,1983,0.22683151
Sao Tome and Principe,STP,1984,0.225346
Sao Tome and Principe,STP,1985,0.22347146
Sao Tome and Principe,STP,1986,0.24799468
Sao Tome and Principe,STP,1987,0.21861549
Sao Tome and Principe,STP,1988,0.21674742
Sao Tome and Principe,STP,1989,0.2264738
Sao Tome and Principe,STP,1990,0.21610305
Sao Tome and Principe,STP,1991,0.21436258
Sao Tome and Principe,STP,1992,0.21407649
Sao Tome and Principe,STP,1993,0.21381873
Sao Tome and Principe,STP,1994,0.21325219
Sao Tome and Principe,STP,1995,0.21223345
Sao Tome and Principe,STP,1996,0.21077177
Sao Tome and Principe,STP,1997,0.20890088
Sao Tome and Principe,STP,1998,0.20663913
Sao Tome and Principe,STP,1999,0.20398869
Sao Tome and Principe,STP,2000,0.20099914
Sao Tome and Principe,STP,2001,0.19759396
Sao Tome and Principe,STP,2002,0.19384222
Sao Tome and Principe,STP,2003,0.18996185
Sao Tome and Principe,STP,2004,0.18571423
Sao Tome and Principe,STP,2005,0.18605088
Sao Tome and Principe,STP,2006,0.17935446
Sao Tome and Principe,STP,2007,0.17519125
Sao Tome and Principe,STP,2008,0.17310338
Sao Tome and Principe,STP,2009,0.17015456
Sao Tome and Principe,STP,2010,0.16787273
Sao Tome and Principe,STP,2011,0.16508919
Sao Tome and Principe,STP,2012,0.1615502
Sao Tome and Principe,STP,2013,0.15761352
Sao Tome and Principe,STP,2014,0.15325171
Sao Tome and Principe,STP,2015,0.14882612
Sao Tome and Principe,STP,2016,0.14450267
Sao Tome and Principe,STP,2017,0.14048119
Sao Tome and Principe,STP,2018,0.13649465
Sao Tome and Principe,STP,2019,0.13323289
Sao Tome and Principe,STP,2020,0.12990011
Sao Tome and Principe,STP,2021,0.13046148
Sao Tome and Principe,STP,2022,0.12506184
Sao Tome and Principe,STP,2023,0.122601636
Saudi Arabia,SAU,1950,0.43853027
Saudi Arabia,SAU,1951,0.4325742
Saudi Arabia,SAU,1952,0.4266543
Saudi Arabia,SAU,1953,0.42075443
Saudi Arabia,SAU,1954,0.41486266
Saudi Arabia,SAU,1955,0.4089659
Saudi Arabia,SAU,1956,0.40305036
Saudi Arabia,SAU,1957,0.39709765
Saudi Arabia,SAU,1958,0.39108685
Saudi Arabia,SAU,1959,0.38499162
Saudi Arabia,SAU,1960,0.37877834
Saudi Arabia,SAU,1961,0.37240368
Saudi Arabia,SAU,1962,0.36581352
Saudi Arabia,SAU,1963,0.3589429
Saudi Arabia,SAU,1964,0.35182813
Saudi Arabia,SAU,1965,0.34424657
Saudi Arabia,SAU,1966,0.3363345
Saudi Arabia,SAU,1967,0.3279643
Saudi Arabia,SAU,1968,0.3190994
Saudi Arabia,SAU,1969,0.30964655
Saudi Arabia,SAU,1970,0.29963827
Saudi Arabia,SAU,1971,0.28903168
Saudi Arabia,SAU,1972,0.27812573
Saudi Arabia,SAU,1973,0.2670983
Saudi Arabia,SAU,1974,0.2561779
Saudi Arabia,SAU,1975,0.24566019
Saudi Arabia,SAU,1976,0.2353128
Saudi Arabia,SAU,1977,0.22553204
Saudi Arabia,SAU,1978,0.21622765
Saudi Arabia,SAU,1979,0.20748605
Saudi Arabia,SAU,1980,0.19916193
Saudi Arabia,SAU,1981,0.19142768
Saudi Arabia,SAU,1982,0.18421295
Saudi Arabia,SAU,1983,0.1774875
Saudi Arabia,SAU,1984,0.17119685
Saudi Arabia,SAU,1985,0.16536115
Saudi Arabia,SAU,1986,0.15978663
Saudi Arabia,SAU,1987,0.15460522
Saudi Arabia,SAU,1988,0.14976808
Saudi Arabia,SAU,1989,0.14527123
Saudi Arabia,SAU,1990,0.14111614
Saudi Arabia,SAU,1991,0.13737318
Saudi Arabia,SAU,1992,0.13381018
Saudi Arabia,SAU,1993,0.13062969
Saudi Arabia,SAU,1994,0.12771282
Saudi Arabia,SAU,1995,0.12500477
Saudi Arabia,SAU,1996,0.1224527
Saudi Arabia,SAU,1997,0.12001485
Saudi Arabia,SAU,1998,0.11764579
Saudi Arabia,SAU,1999,0.115383044
Saudi Arabia,SAU,2000,0.11346951
Saudi Arabia,SAU,2001,0.11149934
Saudi Arabia,SAU,2002,0.10994305
Saudi Arabia,SAU,2003,0.10877973
Saudi Arabia,SAU,2004,0.10794079
Saudi Arabia,SAU,2005,0.10722959
Saudi Arabia,SAU,2006,0.10633926
Saudi Arabia,SAU,2007,0.10532942
Saudi Arabia,SAU,2008,0.103966996
Saudi Arabia,SAU,2009,0.10239878
Saudi Arabia,SAU,2010,0.10024615
Saudi Arabia,SAU,2011,0.098152965
Saudi Arabia,SAU,2012,0.09615531
Saudi Arabia,SAU,2013,0.09435774
Saudi Arabia,SAU,2014,0.092848696
Saudi Arabia,SAU,2015,0.091621704
Saudi Arabia,SAU,2016,0.090664126
Saudi Arabia,SAU,2017,0.089989044
Saudi Arabia,SAU,2018,0.08961664
Saudi Arabia,SAU,2019,0.08952606
Saudi Arabia,SAU,2020,0.08947255
Saudi Arabia,SAU,2021,0.08910696
Saudi Arabia,SAU,2022,0.08813946
Saudi Arabia,SAU,2023,0.08615505
Scotland,,1855,0.39403465
Scotland,,1856,0.39266914
Scotland,,1857,0.39340687
Scotland,,1858,0.40108484
Scotland,,1859,0.39592093
Scotland,,1860,0.41622755
Scotland,,1861,0.39171526
Scotland,,1862,0.40390626
Scotland,,1863,0.43250242
Scotland,,1864,0.42695627
Scotland,,1865,0.40715808
Scotland,,1866,0.40168238
Scotland,,1867,0.38784277
Scotland,,1868,0.39633822
Scotland,,1869,0.41656303
Scotland,,1870,0.40734026
Scotland,,1871,0.41886693
Scotland,,1872,0.40605834
Scotland,,1873,0.39694056
Scotland,,1874,0.4172203
Scotland,,1875,0.41391572
Scotland,,1876,0.38684803
Scotland,,1877,0.37075242
Scotland,,1878,0.38954383
Scotland,,1879,0.36481893
Scotland,,1880,0.3885444
Scotland,,1881,0.36529687
Scotland,,1882,0.37675422
Scotland,,1883,0.37812346
Scotland,,1884,0.37438443
Scotland,,1885,0.36771724
Scotland,,1886,0.3579628
Scotland,,1887,0.36855453
Scotland,,1888,0.34908292
Scotland,,1889,0.36133003
Scotland,,1890,0.37850076
Scotland,,1891,0.37051463
Scotland,,1892,0.35430306
Scotland,,1893,0.37691578
Scotland,,1894,0.3447719
Scotland,,1895,0.36116648
Scotland,,1896,0.33785495
Scotland,,1897,0.35722893
Scotland,,1898,0.35629228
Scotland,,1899,0.34597918
Scotland,,1900,0.34331417
Scotland,,1901,0.35169607
Scotland,,1902,0.3251908
Scotland,,1903,0.32340708
Scotland,,1904,0.33318096
Scotland,,1905,0.3220643
Scotland,,1906,0.3195197
Scotland,,1907,0.3206408
Scotland,,1908,0.32667357
Scotland,,1909,0.30888703
Scotland,,1910,0.30587903
Scotland,,1911,0.30575997
Scotland,,1912,0.30104637
Scotland,,1913,0.30112344
Scotland,,1914,0.30464205
Scotland,,1915,0.3235128
Scotland,,1916,0.28704974
Scotland,,1917,0.29315495
Scotland,,1918,0.33369562
Scotland,,1919,0.3071063
Scotland,,1920,0.280232
Scotland,,1921,0.25994372
Scotland,,1922,0.28156006
Scotland,,1923,0.24490447
Scotland,,1924,0.268721
Scotland,,1925,0.25210175
Scotland,,1926,0.24456885
Scotland,,1927,0.24549794
Scotland,,1928,0.24808785
Scotland,,1929,0.24630563
Scotland,,1930,0.2411069
Scotland,,1931,0.23500088
Scotland,,1932,0.24284895
Scotland,,1933,0.22758077
Scotland,,1934,0.23088609
Scotland,,1935,0.21899487
Scotland,,1936,0.22418557
Scotland,,1937,0.22000444
Scotland,,1938,0.2109408
Scotland,,1939,0.19765814
Scotland,,1940,0.21478474
Scotland,,1941,0.22701849
Scotland,,1942,0.20422256
Scotland,,1943,0.20363885
Scotland,,1944,0.19611514
Scotland,,1945,0.18126884
Scotland,,1946,0.18466543
Scotland,,1947,0.18375082
Scotland,,1948,0.16517666
Scotland,,1949,0.15938236
Senegal,SEN,1950,0.47372806
Senegal,SEN,1951,0.4691316
Senegal,SEN,1952,0.4641777
Senegal,SEN,1953,0.45902416
Senegal,SEN,1954,0.45482743
Senegal,SEN,1955,0.4508882
Senegal,SEN,1956,0.4474003
Senegal,SEN,1957,0.4443569
Senegal,SEN,1958,0.441562
Senegal,SEN,1959,0.4396318
Senegal,SEN,1960,0.4386621
Senegal,SEN,1961,0.43820137
Senegal,SEN,1962,0.4381072
Senegal,SEN,1963,0.43823656
Senegal,SEN,1964,0.43837124
Senegal,SEN,1965,0.4384946
Senegal,SEN,1966,0.4376293
Senegal,SEN,1967,0.43652663
Senegal,SEN,1968,0.43465126
Senegal,SEN,1969,0.43207997
Senegal,SEN,1970,0.4280151
Senegal,SEN,1971,0.42297068
Senegal,SEN,1972,0.41674387
Senegal,SEN,1973,0.4090332
Senegal,SEN,1974,0.4021554
Senegal,SEN,1975,0.39293012
Senegal,SEN,1976,0.38291582
Senegal,SEN,1977,0.37271747
Senegal,SEN,1978,0.36289608
Senegal,SEN,1979,0.3528716
Senegal,SEN,1980,0.34379637
Senegal,SEN,1981,0.3350338
Senegal,SEN,1982,0.32674947
Senegal,SEN,1983,0.31712732
Senegal,SEN,1984,0.30769882
Senegal,SEN,1985,0.29880264
Senegal,SEN,1986,0.2875849
Senegal,SEN,1987,0.27848354
Senegal,SEN,1988,0.27013513
Senegal,SEN,1989,0.2628188
Senegal,SEN,1990,0.25853106
Senegal,SEN,1991,0.25522137
Senegal,SEN,1992,0.2531051
Senegal,SEN,1993,0.25246653
Senegal,SEN,1994,0.25203374
Senegal,SEN,1995,0.2537605
Senegal,SEN,1996,0.25632408
Senegal,SEN,1997,0.2555138
Senegal,SEN,1998,0.25526062
Senegal,SEN,1999,0.25320792
Senegal,SEN,2000,0.24776709
Senegal,SEN,2001,0.24138431
Senegal,SEN,2002,0.23299177
Senegal,SEN,2003,0.2261425
Senegal,SEN,2004,0.2181522
Senegal,SEN,2005,0.21166922
Senegal,SEN,2006,0.20315681
Senegal,SEN,2007,0.19521374
Senegal,SEN,2008,0.1891498
Senegal,SEN,2009,0.18207356
Senegal,SEN,2010,0.17748193
Senegal,SEN,2011,0.1718467
Senegal,SEN,2012,0.16769496
Senegal,SEN,2013,0.1637489
Senegal,SEN,2014,0.16053694
Senegal,SEN,2015,0.15707481
Senegal,SEN,2016,0.1547285
Senegal,SEN,2017,0.15140915
Senegal,SEN,2018,0.1482702
Senegal,SEN,2019,0.14532724
Senegal,SEN,2020,0.14252968
Senegal,SEN,2021,0.14328742
Senegal,SEN,2022,0.13923734
Senegal,SEN,2023,0.13537915
Serbia,SRB,1950,0.26742974
Serbia,SRB,1951,0.2613185
Serbia,SRB,1952,0.24413155
Serbia,SRB,1953,0.22262362
Serbia,SRB,1954,0.21437436
Serbia,SRB,1955,0.20908314
Serbia,SRB,1956,0.20464331
Serbia,SRB,1957,0.19381692
Serbia,SRB,1958,0.18742537
Serbia,SRB,1959,0.18009816
Serbia,SRB,1960,0.1765455
Serbia,SRB,1961,0.17034902
Serbia,SRB,1962,0.16385908
Serbia,SRB,1963,0.15901776
Serbia,SRB,1964,0.15463313
Serbia,SRB,1965,0.14798675
Serbia,SRB,1966,0.14298426
Serbia,SRB,1967,0.13706577
Serbia,SRB,1968,0.13541901
Serbia,SRB,1969,0.1321858
Serbia,SRB,1970,0.13182782
Serbia,SRB,1971,0.12940058
Serbia,SRB,1972,0.12765391
Serbia,SRB,1973,0.12433586
Serbia,SRB,1974,0.12221893
Serbia,SRB,1975,0.1199039
Serbia,SRB,1976,0.11764
Serbia,SRB,1977,0.116348594
Serbia,SRB,1978,0.115912236
Serbia,SRB,1979,0.11537252
Serbia,SRB,1980,0.114354804
Serbia,SRB,1981,0.11372226
Serbia,SRB,1982,0.11353599
Serbia,SRB,1983,0.11320081
Serbia,SRB,1984,0.112878434
Serbia,SRB,1985,0.11211641
Serbia,SRB,1986,0.11099144
Serbia,SRB,1987,0.10995837
Serbia,SRB,1988,0.10903208
Serbia,SRB,1989,0.10833266
Serbia,SRB,1990,0.107503146
Serbia,SRB,1991,0.107269116
Serbia,SRB,1992,0.10772461
Serbia,SRB,1993,0.10793405
Serbia,SRB,1994,0.107320115
Serbia,SRB,1995,0.10663984
Serbia,SRB,1996,0.105756745
Serbia,SRB,1997,0.10553126
Serbia,SRB,1998,0.108824044
Serbia,SRB,1999,0.12506504
Serbia,SRB,2000,0.103569485
Serbia,SRB,2001,0.10238078
Serbia,SRB,2002,0.1014536
Serbia,SRB,2003,0.099747136
Serbia,SRB,2004,0.0982771
Serbia,SRB,2005,0.0971572
Serbia,SRB,2006,0.09633275
Serbia,SRB,2007,0.09615038
Serbia,SRB,2008,0.09565924
Serbia,SRB,2009,0.09549574
Serbia,SRB,2010,0.094930604
Serbia,SRB,2011,0.09444546
Serbia,SRB,2012,0.094008364
Serbia,SRB,2013,0.09380306
Serbia,SRB,2014,0.09386403
Serbia,SRB,2015,0.09355893
Serbia,SRB,2016,0.09327907
Serbia,SRB,2017,0.09284658
Serbia,SRB,2018,0.0927399
Serbia,SRB,2019,0.09219087
Serbia,SRB,2020,0.093561314
Serbia,SRB,2021,0.09323842
Serbia,SRB,2022,0.090883024
Serbia,SRB,2023,0.09157664
Seychelles,SYC,1950,0.2382832
Seychelles,SYC,1951,0.23629656
Seychelles,SYC,1952,0.2337772
Seychelles,SYC,1953,0.23127677
Seychelles,SYC,1954,0.22883302
Seychelles,SYC,1955,0.2248559
Seychelles,SYC,1956,0.22036162
Seychelles,SYC,1957,0.21602228
Seychelles,SYC,1958,0.21359694
Seychelles,SYC,1959,0.2120734
Seychelles,SYC,1960,0.21058287
Seychelles,SYC,1961,0.20901668
Seychelles,SYC,1962,0.20730472
Seychelles,SYC,1963,0.20420824
Seychelles,SYC,1964,0.20030421
Seychelles,SYC,1965,0.19627011
Seychelles,SYC,1966,0.19332777
Seychelles,SYC,1967,0.19030203
Seychelles,SYC,1968,0.18621945
Seychelles,SYC,1969,0.18152034
Seychelles,SYC,1970,0.17552555
Seychelles,SYC,1971,0.1691803
Seychelles,SYC,1972,0.16200042
Seychelles,SYC,1973,0.15560184
Seychelles,SYC,1974,0.1498469
Seychelles,SYC,1975,0.14487559
Seychelles,SYC,1976,0.14060399
Seychelles,SYC,1977,0.13674045
Seychelles,SYC,1978,0.13336222
Seychelles,SYC,1979,0.13056363
Seychelles,SYC,1980,0.12832187
Seychelles,SYC,1981,0.12637524
Seychelles,SYC,1982,0.12435449
Seychelles,SYC,1983,0.1226652
Seychelles,SYC,1984,0.1212472
Seychelles,SYC,1985,0.120130904
Seychelles,SYC,1986,0.11889048
Seychelles,SYC,1987,0.11766982
Seychelles,SYC,1988,0.116466135
Seychelles,SYC,1989,0.11516851
Seychelles,SYC,1990,0.11348065
Seychelles,SYC,1991,0.111654125
Seychelles,SYC,1992,0.11005665
Seychelles,SYC,1993,0.108860746
Seychelles,SYC,1994,0.10803768
Seychelles,SYC,1995,0.10742538
Seychelles,SYC,1996,0.107124224
Seychelles,SYC,1997,0.10904605
Seychelles,SYC,1998,0.10739654
Seychelles,SYC,1999,0.1076891
Seychelles,SYC,2000,0.10802575
Seychelles,SYC,2001,0.108224146
Seychelles,SYC,2002,0.108415686
Seychelles,SYC,2003,0.108327754
Seychelles,SYC,2004,0.10946258
Seychelles,SYC,2005,0.108247556
Seychelles,SYC,2006,0.10799639
Seychelles,SYC,2007,0.10782021
Seychelles,SYC,2008,0.10691486
Seychelles,SYC,2009,0.1064867
Seychelles,SYC,2010,0.10620739
Seychelles,SYC,2011,0.10614184
Seychelles,SYC,2012,0.106328666
Seychelles,SYC,2013,0.10677847
Seychelles,SYC,2014,0.10729804
Seychelles,SYC,2015,0.10775903
Seychelles,SYC,2016,0.10820579
Seychelles,SYC,2017,0.108791254
Seychelles,SYC,2018,0.10941212
Seychelles,SYC,2019,0.109975986
Seychelles,SYC,2020,0.10934362
Seychelles,SYC,2021,0.11683287
Seychelles,SYC,2022,0.116847746
Seychelles,SYC,2023,0.10449058
Sierra Leone,SLE,1950,0.5672476
Sierra Leone,SLE,1951,0.5627299
Sierra Leone,SLE,1952,0.55782986
Sierra Leone,SLE,1953,0.5531258
Sierra Leone,SLE,1954,0.54870915
Sierra Leone,SLE,1955,0.5436658
Sierra Leone,SLE,1956,0.53889924
Sierra Leone,SLE,1957,0.5338022
Sierra Leone,SLE,1958,0.52891916
Sierra Leone,SLE,1959,0.524123
Sierra Leone,SLE,1960,0.5178029
Sierra Leone,SLE,1961,0.5119381
Sierra Leone,SLE,1962,0.50626075
Sierra Leone,SLE,1963,0.5007105
Sierra Leone,SLE,1964,0.4945614
Sierra Leone,SLE,1965,0.48827016
Sierra Leone,SLE,1966,0.48198387
Sierra Leone,SLE,1967,0.47558203
Sierra Leone,SLE,1968,0.47009078
Sierra Leone,SLE,1969,0.46506223
Sierra Leone,SLE,1970,0.45987695
Sierra Leone,SLE,1971,0.453989
Sierra Leone,SLE,1972,0.44858113
Sierra Leone,SLE,1973,0.44294718
Sierra Leone,SLE,1974,0.43694523
Sierra Leone,SLE,1975,0.43103117
Sierra Leone,SLE,1976,0.42612824
Sierra Leone,SLE,1977,0.42171326
Sierra Leone,SLE,1978,0.41738665
Sierra Leone,SLE,1979,0.41352376
Sierra Leone,SLE,1980,0.4099971
Sierra Leone,SLE,1981,0.40709057
Sierra Leone,SLE,1982,0.40443802
Sierra Leone,SLE,1983,0.4023797
Sierra Leone,SLE,1984,0.40089005
Sierra Leone,SLE,1985,0.40045756
Sierra Leone,SLE,1986,0.40043053
Sierra Leone,SLE,1987,0.39767092
Sierra Leone,SLE,1988,0.39691037
Sierra Leone,SLE,1989,0.39655316
Sierra Leone,SLE,1990,0.396163
Sierra Leone,SLE,1991,0.39753613
Sierra Leone,SLE,1992,0.39539924
Sierra Leone,SLE,1993,0.39473724
Sierra Leone,SLE,1994,0.39789417
Sierra Leone,SLE,1995,0.39731303
Sierra Leone,SLE,1996,0.3919788
Sierra Leone,SLE,1997,0.3895834
Sierra Leone,SLE,1998,0.390103
Sierra Leone,SLE,1999,0.3824577
Sierra Leone,SLE,2000,0.3776669
Sierra Leone,SLE,2001,0.3712556
Sierra Leone,SLE,2002,0.36549827
Sierra Leone,SLE,2003,0.35925025
Sierra Leone,SLE,2004,0.3518702
Sierra Leone,SLE,2005,0.34373045
Sierra Leone,SLE,2006,0.33169848
Sierra Leone,SLE,2007,0.32523066
Sierra Leone,SLE,2008,0.3178922
Sierra Leone,SLE,2009,0.31099287
Sierra Leone,SLE,2010,0.3041065
Sierra Leone,SLE,2011,0.2972208
Sierra Leone,SLE,2012,0.29075354
Sierra Leone,SLE,2013,0.28207844
Sierra Leone,SLE,2014,0.2795528
Sierra Leone,SLE,2015,0.26863033
Sierra Leone,SLE,2016,0.25491044
Sierra Leone,SLE,2017,0.2470075
Sierra Leone,SLE,2018,0.23435429
Sierra Leone,SLE,2019,0.22841057
Sierra Leone,SLE,2020,0.22237559
Sierra Leone,SLE,2021,0.21779087
Sierra Leone,SLE,2022,0.2090797
Sierra Leone,SLE,2023,0.20445421
Singapore,SGP,1950,0.25076398
Singapore,SGP,1951,0.23871736
Singapore,SGP,1952,0.2270783
Singapore,SGP,1953,0.21597633
Singapore,SGP,1954,0.20316471
Singapore,SGP,1955,0.19234489
Singapore,SGP,1956,0.18313533
Singapore,SGP,1957,0.17351086
Singapore,SGP,1958,0.16813217
Singapore,SGP,1959,0.16066806
Singapore,SGP,1960,0.15632814
Singapore,SGP,1961,0.15071495
Singapore,SGP,1962,0.14693402
Singapore,SGP,1963,0.14432666
Singapore,SGP,1964,0.14049262
Singapore,SGP,1965,0.13614593
Singapore,SGP,1966,0.13195483
Singapore,SGP,1967,0.12911364
Singapore,SGP,1968,0.12705494
Singapore,SGP,1969,0.12484038
Singapore,SGP,1970,0.124199316
Singapore,SGP,1971,0.12305205
Singapore,SGP,1972,0.12132565
Singapore,SGP,1973,0.11801124
Singapore,SGP,1974,0.11600835
Singapore,SGP,1975,0.113787726
Singapore,SGP,1976,0.11312537
Singapore,SGP,1977,0.11192229
Singapore,SGP,1978,0.11168617
Singapore,SGP,1979,0.10974107
Singapore,SGP,1980,0.10965017
Singapore,SGP,1981,0.10892005
Singapore,SGP,1982,0.10823725
Singapore,SGP,1983,0.106429435
Singapore,SGP,1984,0.10424939
Singapore,SGP,1985,0.1032207
Singapore,SGP,1986,0.10241343
Singapore,SGP,1987,0.10314748
Singapore,SGP,1988,0.1016322
Singapore,SGP,1989,0.100608125
Singapore,SGP,1990,0.09862984
Singapore,SGP,1991,0.09879007
Singapore,SGP,1992,0.09735608
Singapore,SGP,1993,0.0961352
Singapore,SGP,1994,0.0945385
Singapore,SGP,1995,0.09278901
Singapore,SGP,1996,0.092369355
Singapore,SGP,1997,0.09163598
Singapore,SGP,1998,0.09194227
Singapore,SGP,1999,0.091024965
Singapore,SGP,2000,0.09000826
Singapore,SGP,2001,0.08897953
Singapore,SGP,2002,0.08793823
Singapore,SGP,2003,0.08724443
Singapore,SGP,2004,0.08716126
Singapore,SGP,2005,0.087332286
Singapore,SGP,2006,0.08655426
Singapore,SGP,2007,0.08511532
Singapore,SGP,2008,0.08284774
Singapore,SGP,2009,0.080995016
Singapore,SGP,2010,0.0797533
Singapore,SGP,2011,0.0796141
Singapore,SGP,2012,0.079344355
Singapore,SGP,2013,0.07845688
Singapore,SGP,2014,0.07712613
Singapore,SGP,2015,0.076136254
Singapore,SGP,2016,0.07572736
Singapore,SGP,2017,0.075231865
Singapore,SGP,2018,0.07454463
Singapore,SGP,2019,0.0738535
Singapore,SGP,2020,0.073707
Singapore,SGP,2021,0.07582646
Singapore,SGP,2022,0.07910827
Singapore,SGP,2023,0.07594155
Sint Maarten (Dutch part),SXM,1950,0.20355532
Sint Maarten (Dutch part),SXM,1951,0.19755687
Sint Maarten (Dutch part),SXM,1952,0.19794899
Sint Maarten (Dutch part),SXM,1953,0.19271493
Sint Maarten (Dutch part),SXM,1954,0.18893658
Sint Maarten (Dutch part),SXM,1955,0.18364052
Sint Maarten (Dutch part),SXM,1956,0.17958222
Sint Maarten (Dutch part),SXM,1957,0.17614776
Sint Maarten (Dutch part),SXM,1958,0.1731819
Sint Maarten (Dutch part),SXM,1959,0.17011102
Sint Maarten (Dutch part),SXM,1960,0.16694418
Sint Maarten (Dutch part),SXM,1961,0.164064
Sint Maarten (Dutch part),SXM,1962,0.16087085
Sint Maarten (Dutch part),SXM,1963,0.15666215
Sint Maarten (Dutch part),SXM,1964,0.15296291
Sint Maarten (Dutch part),SXM,1965,0.1491588
Sint Maarten (Dutch part),SXM,1966,0.1438368
Sint Maarten (Dutch part),SXM,1967,0.13834722
Sint Maarten (Dutch part),SXM,1968,0.1338083
Sint Maarten (Dutch part),SXM,1969,0.12936056
Sint Maarten (Dutch part),SXM,1970,0.12562084
Sint Maarten (Dutch part),SXM,1971,0.123313
Sint Maarten (Dutch part),SXM,1972,0.12123624
Sint Maarten (Dutch part),SXM,1973,0.11958559
Sint Maarten (Dutch part),SXM,1974,0.11859394
Sint Maarten (Dutch part),SXM,1975,0.11804766
Sint Maarten (Dutch part),SXM,1976,0.11793916
Sint Maarten (Dutch part),SXM,1977,0.118367285
Sint Maarten (Dutch part),SXM,1978,0.11862584
Sint Maarten (Dutch part),SXM,1979,0.11846555
Sint Maarten (Dutch part),SXM,1980,0.11796043
Sint Maarten (Dutch part),SXM,1981,0.11695205
Sint Maarten (Dutch part),SXM,1982,0.11565223
Sint Maarten (Dutch part),SXM,1983,0.11468714
Sint Maarten (Dutch part),SXM,1984,0.11404032
Sint Maarten (Dutch part),SXM,1985,0.113637276
Sint Maarten (Dutch part),SXM,1986,0.11345493
Sint Maarten (Dutch part),SXM,1987,0.11348849
Sint Maarten (Dutch part),SXM,1988,0.11334123
Sint Maarten (Dutch part),SXM,1989,0.11320307
Sint Maarten (Dutch part),SXM,1990,0.112957485
Sint Maarten (Dutch part),SXM,1991,0.112707905
Sint Maarten (Dutch part),SXM,1992,0.11227172
Sint Maarten (Dutch part),SXM,1993,0.11169664
Sint Maarten (Dutch part),SXM,1994,0.11089394
Sint Maarten (Dutch part),SXM,1995,0.10969616
Sint Maarten (Dutch part),SXM,1996,0.1082729
Sint Maarten (Dutch part),SXM,1997,0.10673701
Sint Maarten (Dutch part),SXM,1998,0.10526958
Sint Maarten (Dutch part),SXM,1999,0.103920445
Sint Maarten (Dutch part),SXM,2000,0.103159085
Sint Maarten (Dutch part),SXM,2001,0.10258694
Sint Maarten (Dutch part),SXM,2002,0.102070116
Sint Maarten (Dutch part),SXM,2003,0.101708844
Sint Maarten (Dutch part),SXM,2004,0.10118479
Sint Maarten (Dutch part),SXM,2005,0.100316204
Sint Maarten (Dutch part),SXM,2006,0.09943049
Sint Maarten (Dutch part),SXM,2007,0.09891604
Sint Maarten (Dutch part),SXM,2008,0.09849962
Sint Maarten (Dutch part),SXM,2009,0.09846772
Sint Maarten (Dutch part),SXM,2010,0.09829062
Sint Maarten (Dutch part),SXM,2011,0.09809624
Sint Maarten (Dutch part),SXM,2012,0.09720142
Sint Maarten (Dutch part),SXM,2013,0.0962318
Sint Maarten (Dutch part),SXM,2014,0.095149755
Sint Maarten (Dutch part),SXM,2015,0.09476675
Sint Maarten (Dutch part),SXM,2016,0.094728164
Sint Maarten (Dutch part),SXM,2017,0.09924812
Sint Maarten (Dutch part),SXM,2018,0.0960827
Sint Maarten (Dutch part),SXM,2019,0.09613814
Sint Maarten (Dutch part),SXM,2020,0.09622298
Sint Maarten (Dutch part),SXM,2021,0.097968616
Sint Maarten (Dutch part),SXM,2022,0.09394026
Sint Maarten (Dutch part),SXM,2023,0.09318585
Slovakia,SVK,1950,0.2265631
Slovakia,SVK,1951,0.21721631
Slovakia,SVK,1952,0.18006234
Slovakia,SVK,1953,0.16477598
Slovakia,SVK,1954,0.15173012
Slovakia,SVK,1955,0.14313032
Slovakia,SVK,1956,0.13794531
Slovakia,SVK,1957,0.14236021
Slovakia,SVK,1958,0.13024546
Slovakia,SVK,1959,0.12634024
Slovakia,SVK,1960,0.1201609
Slovakia,SVK,1961,0.11825271
Slovakia,SVK,1962,0.11389105
Slovakia,SVK,1963,0.11654338
Slovakia,SVK,1964,0.115751944
Slovakia,SVK,1965,0.11827294
Slovakia,SVK,1966,0.115322515
Slovakia,SVK,1967,0.11366842
Slovakia,SVK,1968,0.11303287
Slovakia,SVK,1969,0.11680589
Slovakia,SVK,1970,0.1151975
Slovakia,SVK,1971,0.11339821
Slovakia,SVK,1972,0.11374941
Slovakia,SVK,1973,0.115105845
Slovakia,SVK,1974,0.11181047
Slovakia,SVK,1975,0.11125674
Slovakia,SVK,1976,0.111308105
Slovakia,SVK,1977,0.1077971
Slovakia,SVK,1978,0.111354895
Slovakia,SVK,1979,0.10743026
Slovakia,SVK,1980,0.10702745
Slovakia,SVK,1981,0.10619313
Slovakia,SVK,1982,0.1047215
Slovakia,SVK,1983,0.10521523
Slovakia,SVK,1984,0.1043155
Slovakia,SVK,1985,0.10436302
Slovakia,SVK,1986,0.10168053
Slovakia,SVK,1987,0.103640296
Slovakia,SVK,1988,0.101733446
Slovakia,SVK,1989,0.101704136
Slovakia,SVK,1990,0.10180265
Slovakia,SVK,1991,0.10347476
Slovakia,SVK,1992,0.10046115
Slovakia,SVK,1993,0.098178826
Slovakia,SVK,1994,0.09681634
Slovakia,SVK,1995,0.09688411
Slovakia,SVK,1996,0.096030764
Slovakia,SVK,1997,0.09606031
Slovakia,SVK,1998,0.09593188
Slovakia,SVK,1999,0.09409991
Slovakia,SVK,2000,0.091406606
Slovakia,SVK,2001,0.09051593
Slovakia,SVK,2002,0.092997275
Slovakia,SVK,2003,0.09190655
Slovakia,SVK,2004,0.09150861
Slovakia,SVK,2005,0.08960555
Slovakia,SVK,2006,0.08859218
Slovakia,SVK,2007,0.08986846
Slovakia,SVK,2008,0.08768942
Slovakia,SVK,2009,0.08762342
Slovakia,SVK,2010,0.086270526
Slovakia,SVK,2011,0.08545899
Slovakia,SVK,2012,0.08476639
Slovakia,SVK,2013,0.08581827
Slovakia,SVK,2014,0.085415505
Slovakia,SVK,2015,0.08523805
Slovakia,SVK,2016,0.08521203
Slovakia,SVK,2017,0.083779044
Slovakia,SVK,2018,0.08537736
Slovakia,SVK,2019,0.08599674
Slovakia,SVK,2020,0.08438063
Slovakia,SVK,2021,0.0880775
Slovakia,SVK,2022,0.08642382
Slovakia,SVK,2023,0.083960354
Slovenia,SVN,1950,0.1867658
Slovenia,SVN,1951,0.18252218
Slovenia,SVN,1952,0.16972978
Slovenia,SVN,1953,0.1573647
Slovenia,SVN,1954,0.15180868
Slovenia,SVN,1955,0.14750558
Slovenia,SVN,1956,0.14278285
Slovenia,SVN,1957,0.13612427
Slovenia,SVN,1958,0.13165574
Slovenia,SVN,1959,0.12620816
Slovenia,SVN,1960,0.122039065
Slovenia,SVN,1961,0.11872453
Slovenia,SVN,1962,0.11863295
Slovenia,SVN,1963,0.11824034
Slovenia,SVN,1964,0.119895615
Slovenia,SVN,1965,0.118844956
Slovenia,SVN,1966,0.119394556
Slovenia,SVN,1967,0.118612565
Slovenia,SVN,1968,0.118456654
Slovenia,SVN,1969,0.118555464
Slovenia,SVN,1970,0.11852811
Slovenia,SVN,1971,0.117455326
Slovenia,SVN,1972,0.1157662
Slovenia,SVN,1973,0.11253535
Slovenia,SVN,1974,0.11067241
Slovenia,SVN,1975,0.108745374
Slovenia,SVN,1976,0.10864636
Slovenia,SVN,1977,0.10860497
Slovenia,SVN,1978,0.10901445
Slovenia,SVN,1979,0.10766468
Slovenia,SVN,1980,0.107224055
Slovenia,SVN,1981,0.10645074
Slovenia,SVN,1982,0.10576942
Slovenia,SVN,1983,0.10405412
Slovenia,SVN,1984,0.10148187
Slovenia,SVN,1985,0.0993991
Slovenia,SVN,1986,0.098426685
Slovenia,SVN,1987,0.09836467
Slovenia,SVN,1988,0.097999275
Slovenia,SVN,1989,0.095632456
Slovenia,SVN,1990,0.093899205
Slovenia,SVN,1991,0.09336841
Slovenia,SVN,1992,0.0936246
Slovenia,SVN,1993,0.094084315
Slovenia,SVN,1994,0.09279207
Slovenia,SVN,1995,0.091736026
Slovenia,SVN,1996,0.08953999
Slovenia,SVN,1997,0.0886591
Slovenia,SVN,1998,0.088471055
Slovenia,SVN,1999,0.0887637
Slovenia,SVN,2000,0.0880203
Slovenia,SVN,2001,0.08660636
Slovenia,SVN,2002,0.08569372
Slovenia,SVN,2003,0.08763524
Slovenia,SVN,2004,0.08551458
Slovenia,SVN,2005,0.084113196
Slovenia,SVN,2006,0.08243516
Slovenia,SVN,2007,0.0809594
Slovenia,SVN,2008,0.07993834
Slovenia,SVN,2009,0.07896286
Slovenia,SVN,2010,0.07852
Slovenia,SVN,2011,0.07807851
Slovenia,SVN,2012,0.077578604
Slovenia,SVN,2013,0.07668566
Slovenia,SVN,2014,0.07635589
Slovenia,SVN,2015,0.075702116
Slovenia,SVN,2016,0.076244965
Slovenia,SVN,2017,0.07686063
Slovenia,SVN,2018,0.07590641
Slovenia,SVN,2019,0.07487704
Slovenia,SVN,2020,0.07179909
Slovenia,SVN,2021,0.07512717
Slovenia,SVN,2022,0.0757749
Slovenia,SVN,2023,0.07314874
Small Island Developing States (SIDS),,1950,0.33102092
Small Island Developing States (SIDS),,1951,0.32965046
Small Island Developing States (SIDS),,1952,0.31794253
Small Island Developing States (SIDS),,1953,0.31130475
Small Island Developing States (SIDS),,1954,0.3052733
Small Island Developing States (SIDS),,1955,0.2984993
Small Island Developing States (SIDS),,1956,0.29275024
Small Island Developing States (SIDS),,1957,0.28721273
Small Island Developing States (SIDS),,1958,0.28237626
Small Island Developing States (SIDS),,1959,0.27724406
Small Island Developing States (SIDS),,1960,0.27220848
Small Island Developing States (SIDS),,1961,0.26761615
Small Island Developing States (SIDS),,1962,0.26287392
Small Island Developing States (SIDS),,1963,0.26352313
Small Island Developing States (SIDS),,1964,0.2543272
Small Island Developing States (SIDS),,1965,0.25002506
Small Island Developing States (SIDS),,1966,0.24651639
Small Island Developing States (SIDS),,1967,0.24253932
Small Island Developing States (SIDS),,1968,0.2392443
Small Island Developing States (SIDS),,1969,0.23609614
Small Island Developing States (SIDS),,1970,0.2327808
Small Island Developing States (SIDS),,1971,0.22945015
Small Island Developing States (SIDS),,1972,0.22638495
Small Island Developing States (SIDS),,1973,0.2235079
Small Island Developing States (SIDS),,1974,0.22155948
Small Island Developing States (SIDS),,1975,0.22236794
Small Island Developing States (SIDS),,1976,0.21978104
Small Island Developing States (SIDS),,1977,0.21870753
Small Island Developing States (SIDS),,1978,0.21913384
Small Island Developing States (SIDS),,1979,0.2182063
Small Island Developing States (SIDS),,1980,0.21322171
Small Island Developing States (SIDS),,1981,0.21081671
Small Island Developing States (SIDS),,1982,0.207413
Small Island Developing States (SIDS),,1983,0.20485063
Small Island Developing States (SIDS),,1984,0.20166098
Small Island Developing States (SIDS),,1985,0.19993362
Small Island Developing States (SIDS),,1986,0.19791307
Small Island Developing States (SIDS),,1987,0.19525184
Small Island Developing States (SIDS),,1988,0.19272912
Small Island Developing States (SIDS),,1989,0.1904825
Small Island Developing States (SIDS),,1990,0.18808974
Small Island Developing States (SIDS),,1991,0.18614495
Small Island Developing States (SIDS),,1992,0.18366434
Small Island Developing States (SIDS),,1993,0.18165633
Small Island Developing States (SIDS),,1994,0.18043026
Small Island Developing States (SIDS),,1995,0.17801252
Small Island Developing States (SIDS),,1996,0.17609821
Small Island Developing States (SIDS),,1997,0.1745849
Small Island Developing States (SIDS),,1998,0.1746174
Small Island Developing States (SIDS),,1999,0.17230982
Small Island Developing States (SIDS),,2000,0.16669804
Small Island Developing States (SIDS),,2001,0.16531244
Small Island Developing States (SIDS),,2002,0.16415967
Small Island Developing States (SIDS),,2003,0.16338581
Small Island Developing States (SIDS),,2004,0.16560642
Small Island Developing States (SIDS),,2005,0.1612739
Small Island Developing States (SIDS),,2006,0.1593541
Small Island Developing States (SIDS),,2007,0.15787537
Small Island Developing States (SIDS),,2008,0.15601513
Small Island Developing States (SIDS),,2009,0.15371664
Small Island Developing States (SIDS),,2010,0.19429176
Small Island Developing States (SIDS),,2011,0.15142524
Small Island Developing States (SIDS),,2012,0.14911032
Small Island Developing States (SIDS),,2013,0.14758359
Small Island Developing States (SIDS),,2014,0.1459175
Small Island Developing States (SIDS),,2015,0.14489266
Small Island Developing States (SIDS),,2016,0.1442161
Small Island Developing States (SIDS),,2017,0.14229167
Small Island Developing States (SIDS),,2018,0.14132063
Small Island Developing States (SIDS),,2019,0.14077763
Small Island Developing States (SIDS),,2020,0.13958935
Small Island Developing States (SIDS),,2021,0.14307615
Small Island Developing States (SIDS),,2022,0.1389084
Small Island Developing States (SIDS),,2023,0.13695827
Solomon Islands,SLB,1950,0.38907987
Solomon Islands,SLB,1951,0.38312754
Solomon Islands,SLB,1952,0.37723577
Solomon Islands,SLB,1953,0.37131482
Solomon Islands,SLB,1954,0.36537746
Solomon Islands,SLB,1955,0.35937694
Solomon Islands,SLB,1956,0.37836924
Solomon Islands,SLB,1957,0.3462649
Solomon Islands,SLB,1958,0.33995768
Solomon Islands,SLB,1959,0.33342054
Solomon Islands,SLB,1960,0.32680467
Solomon Islands,SLB,1961,0.32118428
Solomon Islands,SLB,1962,0.31412256
Solomon Islands,SLB,1963,0.30698094
Solomon Islands,SLB,1964,0.2997873
Solomon Islands,SLB,1965,0.2921355
Solomon Islands,SLB,1966,0.28432515
Solomon Islands,SLB,1967,0.27723908
Solomon Islands,SLB,1968,0.26722452
Solomon Islands,SLB,1969,0.25831524
Solomon Islands,SLB,1970,0.24959712
Solomon Islands,SLB,1971,0.24067749
Solomon Islands,SLB,1972,0.23212348
Solomon Islands,SLB,1973,0.2237649
Solomon Islands,SLB,1974,0.21572725
Solomon Islands,SLB,1975,0.22958386
Solomon Islands,SLB,1976,0.2008826
Solomon Islands,SLB,1977,0.19771682
Solomon Islands,SLB,1978,0.18778355
Solomon Islands,SLB,1979,0.18180959
Solomon Islands,SLB,1980,0.17638296
Solomon Islands,SLB,1981,0.17225586
Solomon Islands,SLB,1982,0.16839986
Solomon Islands,SLB,1983,0.16513841
Solomon Islands,SLB,1984,0.16238897
Solomon Islands,SLB,1985,0.15983562
Solomon Islands,SLB,1986,0.16724807
Solomon Islands,SLB,1987,0.15587051
Solomon Islands,SLB,1988,0.15417399
Solomon Islands,SLB,1989,0.15244865
Solomon Islands,SLB,1990,0.15107587
Solomon Islands,SLB,1991,0.14957783
Solomon Islands,SLB,1992,0.14827168
Solomon Islands,SLB,1993,0.14729586
Solomon Islands,SLB,1994,0.14583512
Solomon Islands,SLB,1995,0.14483239
Solomon Islands,SLB,1996,0.14396995
Solomon Islands,SLB,1997,0.14314826
Solomon Islands,SLB,1998,0.14241265
Solomon Islands,SLB,1999,0.14174871
Solomon Islands,SLB,2000,0.14114615
Solomon Islands,SLB,2001,0.14055903
Solomon Islands,SLB,2002,0.13999344
Solomon Islands,SLB,2003,0.13937648
Solomon Islands,SLB,2004,0.13871332
Solomon Islands,SLB,2005,0.13787681
Solomon Islands,SLB,2006,0.13695699
Solomon Islands,SLB,2007,0.13879798
Solomon Islands,SLB,2008,0.13489397
Solomon Islands,SLB,2009,0.1349071
Solomon Islands,SLB,2010,0.1331405
Solomon Islands,SLB,2011,0.13229306
Solomon Islands,SLB,2012,0.13170795
Solomon Islands,SLB,2013,0.13197938
Solomon Islands,SLB,2014,0.13256949
Solomon Islands,SLB,2015,0.1304314
Solomon Islands,SLB,2016,0.1292535
Solomon Islands,SLB,2017,0.12838152
Solomon Islands,SLB,2018,0.12738606
Solomon Islands,SLB,2019,0.12629293
Solomon Islands,SLB,2020,0.12748037
Solomon Islands,SLB,2021,0.12756142
Solomon Islands,SLB,2022,0.12276505
Solomon Islands,SLB,2023,0.12166087
Somalia,SOM,1950,0.4112956
Somalia,SOM,1951,0.40925753
Somalia,SOM,1952,0.40723738
Somalia,SOM,1953,0.40522796
Somalia,SOM,1954,0.40322638
Somalia,SOM,1955,0.40123174
Somalia,SOM,1956,0.39924565
Somalia,SOM,1957,0.3972707
Somalia,SOM,1958,0.39530888
Somalia,SOM,1959,0.39336056
Somalia,SOM,1960,0.39138386
Somalia,SOM,1961,0.39018887
Somalia,SOM,1962,0.38717228
Somalia,SOM,1963,0.38509208
Somalia,SOM,1964,0.3832517
Somalia,SOM,1965,0.38101307
Somalia,SOM,1966,0.3790303
Somalia,SOM,1967,0.37709388
Somalia,SOM,1968,0.3752055
Somalia,SOM,1969,0.37336192
Somalia,SOM,1970,0.3715902
Somalia,SOM,1971,0.36980855
Somalia,SOM,1972,0.36800697
Somalia,SOM,1973,0.36615065
Somalia,SOM,1974,0.38597414
Somalia,SOM,1975,0.3836889
Somalia,SOM,1976,0.38136512
Somalia,SOM,1977,0.35855424
Somalia,SOM,1978,0.35675025
Somalia,SOM,1979,0.35468802
Somalia,SOM,1980,0.35271013
Somalia,SOM,1981,0.35075375
Somalia,SOM,1982,0.348765
Somalia,SOM,1983,0.3467787
Somalia,SOM,1984,0.34480706
Somalia,SOM,1985,0.34613276
Somalia,SOM,1986,0.3443804
Somalia,SOM,1987,0.33907118
Somalia,SOM,1988,0.3512047
Somalia,SOM,1989,0.33415103
Somalia,SOM,1990,0.33115256
Somalia,SOM,1991,0.57587385
Somalia,SOM,1992,0.5879182
Somalia,SOM,1993,0.32345846
Somalia,SOM,1994,0.32555237
Somalia,SOM,1995,0.321885
Somalia,SOM,1996,0.32292187
Somalia,SOM,1997,0.32649
Somalia,SOM,1998,0.32193685
Somalia,SOM,1999,0.32303166
Somalia,SOM,2000,0.3223487
Somalia,SOM,2001,0.32159492
Somalia,SOM,2002,0.32169014
Somalia,SOM,2003,0.32182878
Somalia,SOM,2004,0.32178736
Somalia,SOM,2005,0.32009616
Somalia,SOM,2006,0.31874773
Somalia,SOM,2007,0.31797144
Somalia,SOM,2008,0.3124866
Somalia,SOM,2009,0.30743927
Somalia,SOM,2010,0.33581614
Somalia,SOM,2011,0.50970185
Somalia,SOM,2012,0.3338587
Somalia,SOM,2013,0.2860963
Somalia,SOM,2014,0.28044367
Somalia,SOM,2015,0.27506104
Somalia,SOM,2016,0.27094048
Somalia,SOM,2017,0.3025613
Somalia,SOM,2018,0.2774713
Somalia,SOM,2019,0.25470388
Somalia,SOM,2020,0.24897332
Somalia,SOM,2021,0.2496389
Somalia,SOM,2022,0.28545856
Somalia,SOM,2023,0.23560835
South Africa,ZAF,1950,0.39116195
South Africa,ZAF,1951,0.3811487
South Africa,ZAF,1952,0.37089846
South Africa,ZAF,1953,0.3602386
South Africa,ZAF,1954,0.34912768
South Africa,ZAF,1955,0.33844638
South Africa,ZAF,1956,0.3272691
South Africa,ZAF,1957,0.3168483
South Africa,ZAF,1958,0.3074446
South Africa,ZAF,1959,0.29979196
South Africa,ZAF,1960,0.29312074
South Africa,ZAF,1961,0.28764597
South Africa,ZAF,1962,0.2835739
South Africa,ZAF,1963,0.28036168
South Africa,ZAF,1964,0.2776419
South Africa,ZAF,1965,0.27544838
South Africa,ZAF,1966,0.27282226
South Africa,ZAF,1967,0.27044368
South Africa,ZAF,1968,0.2679558
South Africa,ZAF,1969,0.26535186
South Africa,ZAF,1970,0.2625284
South Africa,ZAF,1971,0.25932106
South Africa,ZAF,1972,0.2560514
South Africa,ZAF,1973,0.2528205
South Africa,ZAF,1974,0.24898958
South Africa,ZAF,1975,0.2448186
South Africa,ZAF,1976,0.2403578
South Africa,ZAF,1977,0.2353278
South Africa,ZAF,1978,0.2304039
South Africa,ZAF,1979,0.22556897
South Africa,ZAF,1980,0.2200351
South Africa,ZAF,1981,0.21508107
South Africa,ZAF,1982,0.20984353
South Africa,ZAF,1983,0.2047155
South Africa,ZAF,1984,0.20008644
South Africa,ZAF,1985,0.1955194
South Africa,ZAF,1986,0.19171904
South Africa,ZAF,1987,0.18830034
South Africa,ZAF,1988,0.1851619
South Africa,ZAF,1989,0.18310574
South Africa,ZAF,1990,0.18200572
South Africa,ZAF,1991,0.18098614
South Africa,ZAF,1992,0.18142194
South Africa,ZAF,1993,0.18281548
South Africa,ZAF,1994,0.18546061
South Africa,ZAF,1995,0.18975498
South Africa,ZAF,1996,0.20258427
South Africa,ZAF,1997,0.21067204
South Africa,ZAF,1998,0.21854444
South Africa,ZAF,1999,0.22655156
South Africa,ZAF,2000,0.2387383
South Africa,ZAF,2001,0.24983579
South Africa,ZAF,2002,0.26367903
South Africa,ZAF,2003,0.27267662
South Africa,ZAF,2004,0.27818272
South Africa,ZAF,2005,0.277133
South Africa,ZAF,2006,0.27078474
South Africa,ZAF,2007,0.26388162
South Africa,ZAF,2008,0.25726864
South Africa,ZAF,2009,0.24289832
South Africa,ZAF,2010,0.23354134
South Africa,ZAF,2011,0.2136511
South Africa,ZAF,2012,0.20739524
South Africa,ZAF,2013,0.19897582
South Africa,ZAF,2014,0.19210437
South Africa,ZAF,2015,0.18809828
South Africa,ZAF,2016,0.18326427
South Africa,ZAF,2017,0.17849657
South Africa,ZAF,2018,0.17712215
South Africa,ZAF,2019,0.17552195
South Africa,ZAF,2020,0.16747428
South Africa,ZAF,2021,0.17330757
South Africa,ZAF,2022,0.17256227
South Africa,ZAF,2023,0.16563518
South Korea,KOR,1950,0.49320412
South Korea,KOR,1951,0.45536965
South Korea,KOR,1952,0.40831086
South Korea,KOR,1953,0.39026687
South Korea,KOR,1954,0.35170007
South Korea,KOR,1955,0.32729664
South Korea,KOR,1956,0.3079572
South Korea,KOR,1957,0.29459023
South Korea,KOR,1958,0.28612432
South Korea,KOR,1959,0.27350202
South Korea,KOR,1960,0.26496077
South Korea,KOR,1961,0.25762987
South Korea,KOR,1962,0.25114614
South Korea,KOR,1963,0.2468845
South Korea,KOR,1964,0.24064977
South Korea,KOR,1965,0.23382422
South Korea,KOR,1966,0.23085485
South Korea,KOR,1967,0.2029153
South Korea,KOR,1968,0.19837494
South Korea,KOR,1969,0.19341828
South Korea,KOR,1970,0.1860148
South Korea,KOR,1971,0.1820493
South Korea,KOR,1972,0.17682669
South Korea,KOR,1973,0.17168404
South Korea,KOR,1974,0.16731793
South Korea,KOR,1975,0.16326186
South Korea,KOR,1976,0.16018876
South Korea,KOR,1977,0.15821432
South Korea,KOR,1978,0.15399967
South Korea,KOR,1979,0.14819878
South Korea,KOR,1980,0.15012746
South Korea,KOR,1981,0.14071254
South Korea,KOR,1982,0.13875046
South Korea,KOR,1983,0.13764887
South Korea,KOR,1984,0.13179502
South Korea,KOR,1985,0.12854853
South Korea,KOR,1986,0.12472484
South Korea,KOR,1987,0.12235042
South Korea,KOR,1988,0.11804515
South Korea,KOR,1989,0.11510378
South Korea,KOR,1990,0.11301705
South Korea,KOR,1991,0.11027762
South Korea,KOR,1992,0.10723457
South Korea,KOR,1993,0.104659654
South Korea,KOR,1994,0.102779955
South Korea,KOR,1995,0.10064986
South Korea,KOR,1996,0.098283395
South Korea,KOR,1997,0.09613511
South Korea,KOR,1998,0.094409786
South Korea,KOR,1999,0.09228604
South Korea,KOR,2000,0.09035834
South Korea,KOR,2001,0.08843238
South Korea,KOR,2002,0.08726797
South Korea,KOR,2003,0.08603015
South Korea,KOR,2004,0.08442753
South Korea,KOR,2005,0.08304047
South Korea,KOR,2006,0.08152805
South Korea,KOR,2007,0.080306366
South Korea,KOR,2008,0.078839354
South Korea,KOR,2009,0.07757946
South Korea,KOR,2010,0.07666519
South Korea,KOR,2011,0.0756409
South Korea,KOR,2012,0.07485703
South Korea,KOR,2013,0.073856294
South Korea,KOR,2014,0.07289967
South Korea,KOR,2015,0.07229454
South Korea,KOR,2016,0.071504
South Korea,KOR,2017,0.07077246
South Korea,KOR,2018,0.07026079
South Korea,KOR,2019,0.06957984
South Korea,KOR,2020,0.07050003
South Korea,KOR,2021,0.06904424
South Korea,KOR,2022,0.07096636
South Korea,KOR,2023,0.06833133
South Sudan,SSD,1950,0.5260396
South Sudan,SSD,1951,0.5214028
South Sudan,SSD,1952,0.5181949
South Sudan,SSD,1953,0.51417345
South Sudan,SSD,1954,0.51090896
South Sudan,SSD,1955,0.5083619
South Sudan,SSD,1956,0.5095303
South Sudan,SSD,1957,0.5145819
South Sudan,SSD,1958,0.5366148
South Sudan,SSD,1959,0.5346063
South Sudan,SSD,1960,0.53256553
South Sudan,SSD,1961,0.5304768
South Sudan,SSD,1962,0.5285288
South Sudan,SSD,1963,0.5232696
South Sudan,SSD,1964,0.4972345
South Sudan,SSD,1965,0.5184497
South Sudan,SSD,1966,0.5387536
South Sudan,SSD,1967,0.53646964
South Sudan,SSD,1968,0.5341024
South Sudan,SSD,1969,0.5383441
South Sudan,SSD,1970,0.53590125
South Sudan,SSD,1971,0.49945804
South Sudan,SSD,1972,0.4966772
South Sudan,SSD,1973,0.46882802
South Sudan,SSD,1974,0.46635577
South Sudan,SSD,1975,0.4638946
South Sudan,SSD,1976,0.46184087
South Sudan,SSD,1977,0.45821223
South Sudan,SSD,1978,0.4566389
South Sudan,SSD,1979,0.45458788
South Sudan,SSD,1980,0.452529
South Sudan,SSD,1981,0.44978982
South Sudan,SSD,1982,0.44622493
South Sudan,SSD,1983,0.47088853
South Sudan,SSD,1984,0.48775002
South Sudan,SSD,1985,0.48274803
South Sudan,SSD,1986,0.4781929
South Sudan,SSD,1987,0.540768
South Sudan,SSD,1988,0.75207734
South Sudan,SSD,1989,0.50029874
South Sudan,SSD,1990,0.49587822
South Sudan,SSD,1991,0.49070638
South Sudan,SSD,1992,0.5260541
South Sudan,SSD,1993,0.5222228
South Sudan,SSD,1994,0.38054863
South Sudan,SSD,1995,0.4697371
South Sudan,SSD,1996,0.46444067
South Sudan,SSD,1997,0.45647988
South Sudan,SSD,1998,0.58314633
South Sudan,SSD,1999,0.3776848
South Sudan,SSD,2000,0.3535931
South Sudan,SSD,2001,0.34404415
South Sudan,SSD,2002,0.33591264
South Sudan,SSD,2003,0.31282163
South Sudan,SSD,2004,0.30538505
South Sudan,SSD,2005,0.29609495
South Sudan,SSD,2006,0.28829086
South Sudan,SSD,2007,0.28010246
South Sudan,SSD,2008,0.27102304
South Sudan,SSD,2009,0.26476017
South Sudan,SSD,2010,0.25824082
South Sudan,SSD,2011,0.25398228
South Sudan,SSD,2012,0.24929821
South Sudan,SSD,2013,0.24717645
South Sudan,SSD,2014,0.34832707
South Sudan,SSD,2015,0.40697354
South Sudan,SSD,2016,0.43542087
South Sudan,SSD,2017,0.44940165
South Sudan,SSD,2018,0.2935935
South Sudan,SSD,2019,0.24043262
South Sudan,SSD,2020,0.23849727
South Sudan,SSD,2021,0.24188124
South Sudan,SSD,2022,0.24094677
South Sudan,SSD,2023,0.23934792
Spain,ESP,1908,0.42152378
Spain,ESP,1909,0.41743937
Spain,ESP,1910,0.4252502
Spain,ESP,1911,0.44224158
Spain,ESP,1912,0.39594644
Spain,ESP,1913,0.40806434
Spain,ESP,1914,0.40369973
Spain,ESP,1915,0.4037314
Spain,ESP,1916,0.39406803
Spain,ESP,1917,0.40373477
Spain,ESP,1918,0.5176354
Spain,ESP,1919,0.41786355
Spain,ESP,1920,0.44583538
Spain,ESP,1921,0.41863534
Spain,ESP,1922,0.39055464
Spain,ESP,1923,0.38407087
Spain,ESP,1924,0.36703604
Spain,ESP,1925,0.35781437
Spain,ESP,1926,0.3541851
Spain,ESP,1927,0.3391587
Spain,ESP,1928,0.3480222
Spain,ESP,1929,0.33298725
Spain,ESP,1930,0.34128317
Spain,ESP,1931,0.33232844
Spain,ESP,1932,0.31730503
Spain,ESP,1933,0.31109667
Spain,ESP,1934,0.303947
Spain,ESP,1935,0.30025953
Spain,ESP,1936,0.29369372
Spain,ESP,1937,0.32363233
Spain,ESP,1938,0.31288174
Spain,ESP,1939,0.32220498
Spain,ESP,1940,0.32661545
Spain,ESP,1941,0.32423547
Spain,ESP,1942,0.29200342
Spain,ESP,1943,0.27910492
Spain,ESP,1944,0.25954297
Spain,ESP,1945,0.252028
Spain,ESP,1946,0.2441324
Spain,ESP,1947,0.23396787
Spain,ESP,1948,0.22008924
Spain,ESP,1949,0.21804427
Spain,ESP,1950,0.21356827
Spain,ESP,1951,0.20511563
Spain,ESP,1952,0.18654855
Spain,ESP,1953,0.17274483
Spain,ESP,1954,0.16552986
Spain,ESP,1955,0.16497746
Spain,ESP,1956,0.15641011
Spain,ESP,1957,0.15980075
Spain,ESP,1958,0.14791557
Spain,ESP,1959,0.14650355
Spain,ESP,1960,0.14011675
Spain,ESP,1961,0.14223753
Spain,ESP,1962,0.13582584
Spain,ESP,1963,0.13241619
Spain,ESP,1964,0.13058922
Spain,ESP,1965,0.12641571
Spain,ESP,1966,0.12534805
Spain,ESP,1967,0.12261762
Spain,ESP,1968,0.1192252
Spain,ESP,1969,0.11974261
Spain,ESP,1970,0.11559739
Spain,ESP,1971,0.113994814
Spain,ESP,1972,0.1106562
Spain,ESP,1973,0.10790974
Spain,ESP,1974,0.10587241
Spain,ESP,1975,0.10390139
Spain,ESP,1976,0.10149412
Spain,ESP,1977,0.09971476
Spain,ESP,1978,0.09915594
Spain,ESP,1979,0.09765714
Spain,ESP,1980,0.09460628
Spain,ESP,1981,0.09312919
Spain,ESP,1982,0.09222807
Spain,ESP,1983,0.09148292
Spain,ESP,1984,0.09016954
Spain,ESP,1985,0.08825809
Spain,ESP,1986,0.088886365
Spain,ESP,1987,0.08904693
Spain,ESP,1988,0.088513836
Spain,ESP,1989,0.0876653
Spain,ESP,1990,0.087458186
Spain,ESP,1991,0.086649686
Spain,ESP,1992,0.08596823
Spain,ESP,1993,0.08503731
Spain,ESP,1994,0.08405653
Spain,ESP,1995,0.08352781
Spain,ESP,1996,0.0827635
Spain,ESP,1997,0.08109525
Spain,ESP,1998,0.07951045
Spain,ESP,1999,0.07875728
Spain,ESP,2000,0.078805804
Spain,ESP,2001,0.078287035
Spain,ESP,2002,0.07732482
Spain,ESP,2003,0.07697294
Spain,ESP,2004,0.07630437
Spain,ESP,2005,0.075061664
Spain,ESP,2006,0.07483336
Spain,ESP,2007,0.07453337
Spain,ESP,2008,0.073977806
Spain,ESP,2009,0.073312946
Spain,ESP,2010,0.07272525
Spain,ESP,2011,0.072780766
Spain,ESP,2012,0.07134122
Spain,ESP,2013,0.07163211
Spain,ESP,2014,0.0715216
Spain,ESP,2015,0.070163764
Spain,ESP,2016,0.07055085
Spain,ESP,2017,0.07042698
Spain,ESP,2018,0.070416525
Spain,ESP,2019,0.07035503
Spain,ESP,2020,0.070843674
Spain,ESP,2021,0.07154022
Spain,ESP,2022,0.074430496
Spain,ESP,2023,0.069398195
Sri Lanka,LKA,1950,0.284024
Sri Lanka,LKA,1951,0.2756583
Sri Lanka,LKA,1952,0.26713565
Sri Lanka,LKA,1953,0.26034763
Sri Lanka,LKA,1954,0.25229523
Sri Lanka,LKA,1955,0.2453312
Sri Lanka,LKA,1956,0.2387209
Sri Lanka,LKA,1957,0.23276149
Sri Lanka,LKA,1958,0.22578925
Sri Lanka,LKA,1959,0.21935675
Sri Lanka,LKA,1960,0.21357578
Sri Lanka,LKA,1961,0.20838891
Sri Lanka,LKA,1962,0.20381483
Sri Lanka,LKA,1963,0.19974455
Sri Lanka,LKA,1964,0.19649363
Sri Lanka,LKA,1965,0.1924418
Sri Lanka,LKA,1966,0.18911731
Sri Lanka,LKA,1967,0.18575159
Sri Lanka,LKA,1968,0.18285926
Sri Lanka,LKA,1969,0.18043676
Sri Lanka,LKA,1970,0.17813355
Sri Lanka,LKA,1971,0.17645119
Sri Lanka,LKA,1972,0.17431067
Sri Lanka,LKA,1973,0.17216326
Sri Lanka,LKA,1974,0.17010212
Sri Lanka,LKA,1975,0.16640589
Sri Lanka,LKA,1976,0.16255234
Sri Lanka,LKA,1977,0.15822753
Sri Lanka,LKA,1978,0.15527356
Sri Lanka,LKA,1979,0.14920808
Sri Lanka,LKA,1980,0.14490905
Sri Lanka,LKA,1981,0.14091296
Sri Lanka,LKA,1982,0.13708867
Sri Lanka,LKA,1983,0.1341671
Sri Lanka,LKA,1984,0.13026163
Sri Lanka,LKA,1985,0.12699693
Sri Lanka,LKA,1986,0.12426815
Sri Lanka,LKA,1987,0.12190117
Sri Lanka,LKA,1988,0.11984644
Sri Lanka,LKA,1989,0.12707132
Sri Lanka,LKA,1990,0.116707966
Sri Lanka,LKA,1991,0.11609763
Sri Lanka,LKA,1992,0.11455951
Sri Lanka,LKA,1993,0.113070704
Sri Lanka,LKA,1994,0.11176131
Sri Lanka,LKA,1995,0.11117436
Sri Lanka,LKA,1996,0.11077677
Sri Lanka,LKA,1997,0.10898583
Sri Lanka,LKA,1998,0.10768557
Sri Lanka,LKA,1999,0.10621195
Sri Lanka,LKA,2000,0.10446879
Sri Lanka,LKA,2001,0.103090554
Sri Lanka,LKA,2002,0.10169817
Sri Lanka,LKA,2003,0.10139849
Sri Lanka,LKA,2004,0.15347083
Sri Lanka,LKA,2005,0.09888134
Sri Lanka,LKA,2006,0.098343454
Sri Lanka,LKA,2007,0.09734461
Sri Lanka,LKA,2008,0.096769765
Sri Lanka,LKA,2009,0.11589389
Sri Lanka,LKA,2010,0.09352155
Sri Lanka,LKA,2011,0.092891194
Sri Lanka,LKA,2012,0.09163347
Sri Lanka,LKA,2013,0.09060093
Sri Lanka,LKA,2014,0.08981256
Sri Lanka,LKA,2015,0.08857261
Sri Lanka,LKA,2016,0.08801714
Sri Lanka,LKA,2017,0.08782511
Sri Lanka,LKA,2018,0.086319044
Sri Lanka,LKA,2019,0.085874565
Sri Lanka,LKA,2020,0.08496552
Sri Lanka,LKA,2021,0.08521579
Sri Lanka,LKA,2022,0.083544195
Sri Lanka,LKA,2023,0.082901135
Sudan,SDN,1950,0.3721713
Sudan,SDN,1951,0.3684507
Sudan,SDN,1952,0.36578456
Sudan,SDN,1953,0.36204475
Sudan,SDN,1954,0.35826185
Sudan,SDN,1955,0.35441777
Sudan,SDN,1956,0.35063007
Sudan,SDN,1957,0.34669185
Sudan,SDN,1958,0.34291917
Sudan,SDN,1959,0.3393166
Sudan,SDN,1960,0.33584026
Sudan,SDN,1961,0.33238623
Sudan,SDN,1962,0.32890093
Sudan,SDN,1963,0.32341054
Sudan,SDN,1964,0.32163432
Sudan,SDN,1965,0.31909433
Sudan,SDN,1966,0.31624478
Sudan,SDN,1967,0.31370813
Sudan,SDN,1968,0.31112993
Sudan,SDN,1969,0.3086989
Sudan,SDN,1970,0.30649307
Sudan,SDN,1971,0.30444223
Sudan,SDN,1972,0.3020697
Sudan,SDN,1973,0.30028608
Sudan,SDN,1974,0.29882085
Sudan,SDN,1975,0.29761514
Sudan,SDN,1976,0.2968109
Sudan,SDN,1977,0.29552245
Sudan,SDN,1978,0.29595286
Sudan,SDN,1979,0.2938908
Sudan,SDN,1980,0.28635857
Sudan,SDN,1981,0.2827062
Sudan,SDN,1982,0.2836071
Sudan,SDN,1983,0.32612947
Sudan,SDN,1984,0.32313514
Sudan,SDN,1985,0.32046455
Sudan,SDN,1986,0.2741858
Sudan,SDN,1987,0.27195233
Sudan,SDN,1988,0.26895225
Sudan,SDN,1989,0.2688903
Sudan,SDN,1990,0.26345184
Sudan,SDN,1991,0.26493305
Sudan,SDN,1992,0.26298538
Sudan,SDN,1993,0.2611772
Sudan,SDN,1994,0.25328872
Sudan,SDN,1995,0.24811187
Sudan,SDN,1996,0.24524422
Sudan,SDN,1997,0.24181241
Sudan,SDN,1998,0.2389692
Sudan,SDN,1999,0.23808256
Sudan,SDN,2000,0.2347134
Sudan,SDN,2001,0.2303106
Sudan,SDN,2002,0.22705296
Sudan,SDN,2003,0.23062755
Sudan,SDN,2004,0.23708394
Sudan,SDN,2005,0.23435193
Sudan,SDN,2006,0.21585453
Sudan,SDN,2007,0.20900692
Sudan,SDN,2008,0.20828211
Sudan,SDN,2009,0.19906265
Sudan,SDN,2010,0.19629674
Sudan,SDN,2011,0.19377543
Sudan,SDN,2012,0.19103864
Sudan,SDN,2013,0.1882295
Sudan,SDN,2014,0.18490155
Sudan,SDN,2015,0.18177345
Sudan,SDN,2016,0.17887524
Sudan,SDN,2017,0.17599145
Sudan,SDN,2018,0.17280857
Sudan,SDN,2019,0.17031465
Sudan,SDN,2020,0.16788544
Sudan,SDN,2021,0.16914949
Sudan,SDN,2022,0.16463281
Sudan,SDN,2023,0.1614153
Suriname,SUR,1950,0.2535877
Suriname,SUR,1951,0.25053558
Suriname,SUR,1952,0.24753444
Suriname,SUR,1953,0.2434784
Suriname,SUR,1954,0.239298
Suriname,SUR,1955,0.2351526
Suriname,SUR,1956,0.23101933
Suriname,SUR,1957,0.22691268
Suriname,SUR,1958,0.22292475
Suriname,SUR,1959,0.21942274
Suriname,SUR,1960,0.21569242
Suriname,SUR,1961,0.21198033
Suriname,SUR,1962,0.20804714
Suriname,SUR,1963,0.20416597
Suriname,SUR,1964,0.20043357
Suriname,SUR,1965,0.197554
Suriname,SUR,1966,0.19511174
Suriname,SUR,1967,0.1935094
Suriname,SUR,1968,0.19231598
Suriname,SUR,1969,0.1911832
Suriname,SUR,1970,0.1900522
Suriname,SUR,1971,0.18891832
Suriname,SUR,1972,0.187757
Suriname,SUR,1973,0.18655425
Suriname,SUR,1974,0.18530338
Suriname,SUR,1975,0.18404223
Suriname,SUR,1976,0.18277685
Suriname,SUR,1977,0.18147588
Suriname,SUR,1978,0.1801506
Suriname,SUR,1979,0.17888871
Suriname,SUR,1980,0.17759469
Suriname,SUR,1981,0.17624195
Suriname,SUR,1982,0.17486715
Suriname,SUR,1983,0.17348342
Suriname,SUR,1984,0.17201869
Suriname,SUR,1985,0.1705196
Suriname,SUR,1986,0.16929467
Suriname,SUR,1987,0.16777991
Suriname,SUR,1988,0.1662541
Suriname,SUR,1989,0.16427357
Suriname,SUR,1990,0.16196139
Suriname,SUR,1991,0.16002043
Suriname,SUR,1992,0.15831473
Suriname,SUR,1993,0.15658666
Suriname,SUR,1994,0.15489024
Suriname,SUR,1995,0.15402849
Suriname,SUR,1996,0.15270905
Suriname,SUR,1997,0.15100484
Suriname,SUR,1998,0.14921713
Suriname,SUR,1999,0.14753659
Suriname,SUR,2000,0.14579932
Suriname,SUR,2001,0.14419773
Suriname,SUR,2002,0.14286192
Suriname,SUR,2003,0.14153495
Suriname,SUR,2004,0.1401904
Suriname,SUR,2005,0.138931
Suriname,SUR,2006,0.13781287
Suriname,SUR,2007,0.13629733
Suriname,SUR,2008,0.1350967
Suriname,SUR,2009,0.13361531
Suriname,SUR,2010,0.1322428
Suriname,SUR,2011,0.13102719
Suriname,SUR,2012,0.1300839
Suriname,SUR,2013,0.12933499
Suriname,SUR,2014,0.12883227
Suriname,SUR,2015,0.12846072
Suriname,SUR,2016,0.12829971
Suriname,SUR,2017,0.12884219
Suriname,SUR,2018,0.12859643
Suriname,SUR,2019,0.12857318
Suriname,SUR,2020,0.13465111
Suriname,SUR,2021,0.13890068
Suriname,SUR,2022,0.123585045
Suriname,SUR,2023,0.12266771
Sweden,SWE,1751,0.44588387
Sweden,SWE,1752,0.5041074
Sweden,SWE,1753,0.44887984
Sweden,SWE,1754,0.46846527
Sweden,SWE,1755,0.48316213
Sweden,SWE,1756,0.476778
Sweden,SWE,1757,0.50087327
Sweden,SWE,1758,0.4817231
Sweden,SWE,1759,0.43649742
Sweden,SWE,1760,0.42697185
Sweden,SWE,1761,0.46438175
Sweden,SWE,1762,0.51951367
Sweden,SWE,1763,0.5352458
Sweden,SWE,1764,0.46069974
Sweden,SWE,1765,0.45997742
Sweden,SWE,1766,0.450918
Sweden,SWE,1767,0.4363498
Sweden,SWE,1768,0.4971138
Sweden,SWE,1769,0.50658697
Sweden,SWE,1770,0.47296533
Sweden,SWE,1771,0.4693903
Sweden,SWE,1772,0.52576476
Sweden,SWE,1773,0.63628995
Sweden,SWE,1774,0.42857543
Sweden,SWE,1775,0.45019063
Sweden,SWE,1776,0.40479636
Sweden,SWE,1777,0.45000142
Sweden,SWE,1778,0.49103174
Sweden,SWE,1779,0.53673023
Sweden,SWE,1780,0.40228835
Sweden,SWE,1781,0.44957516
Sweden,SWE,1782,0.44961044
Sweden,SWE,1783,0.49522614
Sweden,SWE,1784,0.5348258
Sweden,SWE,1785,0.5030476
Sweden,SWE,1786,0.43858916
Sweden,SWE,1787,0.41128832
Sweden,SWE,1788,0.46125838
Sweden,SWE,1789,0.49142623
Sweden,SWE,1790,0.48338702
Sweden,SWE,1791,0.4321421
Sweden,SWE,1792,0.43133166
Sweden,SWE,1793,0.4358341
Sweden,SWE,1794,0.4228632
Sweden,SWE,1795,0.45360157
Sweden,SWE,1796,0.44628274
Sweden,SWE,1797,0.4249246
Sweden,SWE,1798,0.41006556
Sweden,SWE,1799,0.42215565
Sweden,SWE,1800,0.5123411
Sweden,SWE,1801,0.46357352
Sweden,SWE,1802,0.41647646
Sweden,SWE,1803,0.41497776
Sweden,SWE,1804,0.41314366
Sweden,SWE,1805,0.40725484
Sweden,SWE,1806,0.4718865
Sweden,SWE,1807,0.42636782
Sweden,SWE,1808,0.50370497
Sweden,SWE,1809,0.5239062
Sweden,SWE,1810,0.49390578
Sweden,SWE,1811,0.47305664
Sweden,SWE,1812,0.45052794
Sweden,SWE,1813,0.44380847
Sweden,SWE,1814,0.43552372
Sweden,SWE,1815,0.4174318
Sweden,SWE,1816,0.40432602
Sweden,SWE,1817,0.41408476
Sweden,SWE,1818,0.4111686
Sweden,SWE,1819,0.44121823
Sweden,SWE,1820,0.40697262
Sweden,SWE,1821,0.44858378
Sweden,SWE,1822,0.3854965
Sweden,SWE,1823,0.354412
Sweden,SWE,1824,0.36433128
Sweden,SWE,1825,0.36412194
Sweden,SWE,1826,0.37621915
Sweden,SWE,1827,0.37450048
Sweden,SWE,1828,0.424068
Sweden,SWE,1829,0.436956
Sweden,SWE,1830,0.3910149
Sweden,SWE,1831,0.40915033
Sweden,SWE,1832,0.39993045
Sweden,SWE,1833,0.38568386
Sweden,SWE,1834,0.40794498
Sweden,SWE,1835,0.3387761
Sweden,SWE,1836,0.35994273
Sweden,SWE,1837,0.4086158
Sweden,SWE,1838,0.40043986
Sweden,SWE,1839,0.40591133
Sweden,SWE,1840,0.36492807
Sweden,SWE,1841,0.35877118
Sweden,SWE,1842,0.38302797
Sweden,SWE,1843,0.37710738
Sweden,SWE,1844,0.36276627
Sweden,SWE,1845,0.3500069
Sweden,SWE,1846,0.3925057
Sweden,SWE,1847,0.40885863
Sweden,SWE,1848,0.35122818
Sweden,SWE,1849,0.36492193
Sweden,SWE,1850,0.359633
Sweden,SWE,1851,0.3703792
Sweden,SWE,1852,0.39151084
Sweden,SWE,1853,0.40589797
Sweden,SWE,1854,0.36887494
Sweden,SWE,1855,0.37609586
Sweden,SWE,1856,0.3931048
Sweden,SWE,1857,0.47457322
Sweden,SWE,1858,0.40273672
Sweden,SWE,1859,0.38089886
Sweden,SWE,1860,0.33648336
Sweden,SWE,1861,0.35114133
Sweden,SWE,1862,0.40544263
Sweden,SWE,1863,0.37727872
Sweden,SWE,1864,0.37444946
Sweden,SWE,1865,0.3728532
Sweden,SWE,1866,0.37083143
Sweden,SWE,1867,0.34739983
Sweden,SWE,1868,0.38948196
Sweden,SWE,1869,0.4161838
Sweden,SWE,1870,0.36410648
Sweden,SWE,1871,0.3264952
Sweden,SWE,1872,0.3265183
Sweden,SWE,1873,0.34246832
Sweden,SWE,1874,0.38234973
Sweden,SWE,1875,0.3786771
Sweden,SWE,1876,0.38956368
Sweden,SWE,1877,0.37639827
Sweden,SWE,1878,0.37785295
Sweden,SWE,1879,0.34804687
Sweden,SWE,1880,0.35535446
Sweden,SWE,1881,0.34777895
Sweden,SWE,1882,0.35647637
Sweden,SWE,1883,0.34879637
Sweden,SWE,1884,0.34325027
Sweden,SWE,1885,0.3448142
Sweden,SWE,1886,0.3325759
Sweden,SWE,1887,0.32443273
Sweden,SWE,1888,0.3123712
Sweden,SWE,1889,0.31478414
Sweden,SWE,1890,0.32942504
Sweden,SWE,1891,0.32475823
Sweden,SWE,1892,0.3193144
Sweden,SWE,1893,0.32377237
Sweden,SWE,1894,0.31826633
Sweden,SWE,1895,0.29906383
Sweden,SWE,1896,0.30598918
Sweden,SWE,1897,0.29910237
Sweden,SWE,1898,0.29100698
Sweden,SWE,1899,0.32293016
Sweden,SWE,1900,0.30930078
Sweden,SWE,1901,0.3119546
Sweden,SWE,1902,0.2890223
Sweden,SWE,1903,0.28790516
Sweden,SWE,1904,0.28112856
Sweden,SWE,1905,0.2903726
Sweden,SWE,1906,0.27391908
Sweden,SWE,1907,0.26438498
Sweden,SWE,1908,0.27052003
Sweden,SWE,1909,0.25202692
Sweden,SWE,1910,0.25655758
Sweden,SWE,1911,0.25349864
Sweden,SWE,1912,0.25255117
Sweden,SWE,1913,0.24603818
Sweden,SWE,1914,0.2511599
Sweden,SWE,1915,0.25552702
Sweden,SWE,1916,0.25458565
Sweden,SWE,1917,0.24478793
Sweden,SWE,1918,0.32129824
Sweden,SWE,1919,0.26387572
Sweden,SWE,1920,0.24445514
Sweden,SWE,1921,0.22373967
Sweden,SWE,1922,0.2178694
Sweden,SWE,1923,0.20763052
Sweden,SWE,1924,0.21458298
Sweden,SWE,1925,0.20836553
Sweden,SWE,1926,0.20599143
Sweden,SWE,1927,0.21130754
Sweden,SWE,1928,0.21170525
Sweden,SWE,1929,0.20595787
Sweden,SWE,1930,0.20115551
Sweden,SWE,1931,0.19809563
Sweden,SWE,1932,0.1922925
Sweden,SWE,1933,0.18316692
Sweden,SWE,1934,0.1819345
Sweden,SWE,1935,0.17725518
Sweden,SWE,1936,0.17850745
Sweden,SWE,1937,0.17737724
Sweden,SWE,1938,0.16912414
Sweden,SWE,1939,0.1590405
Sweden,SWE,1940,0.15476789
Sweden,SWE,1941,0.15499206
Sweden,SWE,1942,0.14634891
Sweden,SWE,1943,0.14818718
Sweden,SWE,1944,0.15036434
Sweden,SWE,1945,0.14742532
Sweden,SWE,1946,0.13489534
Sweden,SWE,1947,0.13148908
Sweden,SWE,1948,0.123375505
Sweden,SWE,1949,0.121180534
Sweden,SWE,1950,0.11700965
Sweden,SWE,1951,0.11635482
Sweden,SWE,1952,0.11334582
Sweden,SWE,1953,0.11134955
Sweden,SWE,1954,0.108640246
Sweden,SWE,1955,0.109578505
Sweden,SWE,1956,0.10709197
Sweden,SWE,1957,0.106398195
Sweden,SWE,1958,0.1043181
Sweden,SWE,1959,0.1030616
Sweden,SWE,1960,0.103684776
Sweden,SWE,1961,0.10206653
Sweden,SWE,1962,0.10060321
Sweden,SWE,1963,0.10155558
Sweden,SWE,1964,0.10177211
Sweden,SWE,1965,0.09993867
Sweden,SWE,1966,0.097825
Sweden,SWE,1967,0.097794205
Sweden,SWE,1968,0.09797645
Sweden,SWE,1969,0.09731936
Sweden,SWE,1970,0.098212406
Sweden,SWE,1971,0.09763144
Sweden,SWE,1972,0.0964271
Sweden,SWE,1973,0.09545448
Sweden,SWE,1974,0.09542217
Sweden,SWE,1975,0.09474904
Sweden,SWE,1976,0.09399546
Sweden,SWE,1977,0.093001224
Sweden,SWE,1978,0.0922005
Sweden,SWE,1979,0.092682675
Sweden,SWE,1980,0.09149733
Sweden,SWE,1981,0.089577675
Sweden,SWE,1982,0.09050911
Sweden,SWE,1983,0.08988271
Sweden,SWE,1984,0.08866849
Sweden,SWE,1985,0.08925582
Sweden,SWE,1986,0.08802412
Sweden,SWE,1987,0.08861764
Sweden,SWE,1988,0.088251874
Sweden,SWE,1989,0.08708379
Sweden,SWE,1990,0.08719502
Sweden,SWE,1991,0.08746935
Sweden,SWE,1992,0.08577461
Sweden,SWE,1993,0.08442651
Sweden,SWE,1994,0.08440429
Sweden,SWE,1995,0.083057545
Sweden,SWE,1996,0.0827506
Sweden,SWE,1997,0.081794165
Sweden,SWE,1998,0.08160414
Sweden,SWE,1999,0.08049599
Sweden,SWE,2000,0.08090737
Sweden,SWE,2001,0.08046111
Sweden,SWE,2002,0.079499006
Sweden,SWE,2003,0.07948572
Sweden,SWE,2004,0.07950063
Sweden,SWE,2005,0.0789417
Sweden,SWE,2006,0.07849041
Sweden,SWE,2007,0.07741507
Sweden,SWE,2008,0.077106215
Sweden,SWE,2009,0.07724189
Sweden,SWE,2010,0.07599561
Sweden,SWE,2011,0.075429246
Sweden,SWE,2012,0.07536147
Sweden,SWE,2013,0.07579249
Sweden,SWE,2014,0.075024255
Sweden,SWE,2015,0.074633084
Sweden,SWE,2016,0.07461452
Sweden,SWE,2017,0.07418879
Sweden,SWE,2018,0.0740711
Sweden,SWE,2019,0.07358734
Sweden,SWE,2020,0.07214425
Sweden,SWE,2021,0.07324126
Sweden,SWE,2022,0.0725793
Sweden,SWE,2023,0.07251261
Switzerland,CHE,1876,0.40530357
Switzerland,CHE,1877,0.41757107
Switzerland,CHE,1878,0.41122106
Switzerland,CHE,1879,0.38803038
Switzerland,CHE,1880,0.38516003
Switzerland,CHE,1881,0.39656213
Switzerland,CHE,1882,0.37730548
Switzerland,CHE,1883,0.36026102
Switzerland,CHE,1884,0.35898888
Switzerland,CHE,1885,0.36878607
Switzerland,CHE,1886,0.36108452
Switzerland,CHE,1887,0.3510865
Switzerland,CHE,1888,0.34247604
Switzerland,CHE,1889,0.35873607
Switzerland,CHE,1890,0.34958014
Switzerland,CHE,1891,0.358851
Switzerland,CHE,1892,0.33280644
Switzerland,CHE,1893,0.3423927
Switzerland,CHE,1894,0.34612665
Switzerland,CHE,1895,0.3339124
Switzerland,CHE,1896,0.31569007
Switzerland,CHE,1897,0.31823957
Switzerland,CHE,1898,0.32648805
Switzerland,CHE,1899,0.31127012
Switzerland,CHE,1900,0.32597166
Switzerland,CHE,1901,0.31475687
Switzerland,CHE,1902,0.30417293
Switzerland,CHE,1903,0.30576676
Switzerland,CHE,1904,0.3202468
Switzerland,CHE,1905,0.3058328
Switzerland,CHE,1906,0.29985544
Switzerland,CHE,1907,0.2899545
Switzerland,CHE,1908,0.27608198
Switzerland,CHE,1909,0.2849492
Switzerland,CHE,1910,0.2740956
Switzerland,CHE,1911,0.28574082
Switzerland,CHE,1912,0.2588935
Switzerland,CHE,1913,0.2568143
Switzerland,CHE,1914,0.24988283
Switzerland,CHE,1915,0.2430314
Switzerland,CHE,1916,0.23608851
Switzerland,CHE,1917,0.23979187
Switzerland,CHE,1918,0.3189185
Switzerland,CHE,1919,0.25440413
Switzerland,CHE,1920,0.25871956
Switzerland,CHE,1921,0.22604468
Switzerland,CHE,1922,0.21612227
Switzerland,CHE,1923,0.20583466
Switzerland,CHE,1924,0.2050603
Switzerland,CHE,1925,0.20596221
Switzerland,CHE,1926,0.20220011
Switzerland,CHE,1927,0.20149338
Switzerland,CHE,1928,0.20030327
Switzerland,CHE,1929,0.19702283
Switzerland,CHE,1930,0.1907328
Switzerland,CHE,1931,0.18943578
Switzerland,CHE,1932,0.1895612
Switzerland,CHE,1933,0.18325399
Switzerland,CHE,1934,0.17785949
Switzerland,CHE,1935,0.18277477
Switzerland,CHE,1936,0.17607771
Switzerland,CHE,1937,0.17661929
Switzerland,CHE,1938,0.17058523
Switzerland,CHE,1939,0.16549729
Switzerland,CHE,1940,0.16942519
Switzerland,CHE,1941,0.1644431
Switzerland,CHE,1942,0.15953067
Switzerland,CHE,1943,0.15809827
Switzerland,CHE,1944,0.16038178
Switzerland,CHE,1945,0.1598577
Switzerland,CHE,1946,0.15678766
Switzerland,CHE,1947,0.14974344
Switzerland,CHE,1948,0.14306399
Switzerland,CHE,1949,0.13708241
Switzerland,CHE,1950,0.13200967
Switzerland,CHE,1951,0.12964201
Switzerland,CHE,1952,0.126417
Switzerland,CHE,1953,0.12385916
Switzerland,CHE,1954,0.12248724
Switzerland,CHE,1955,0.1212289
Switzerland,CHE,1956,0.11676596
Switzerland,CHE,1957,0.11585786
Switzerland,CHE,1958,0.11239264
Switzerland,CHE,1959,0.11172706
Switzerland,CHE,1960,0.109335765
Switzerland,CHE,1961,0.11156484
Switzerland,CHE,1962,0.11084362
Switzerland,CHE,1963,0.108164884
Switzerland,CHE,1964,0.10707135
Switzerland,CHE,1965,0.10492789
Switzerland,CHE,1966,0.104125164
Switzerland,CHE,1967,0.103398286
Switzerland,CHE,1968,0.10334
Switzerland,CHE,1969,0.10372411
Switzerland,CHE,1970,0.10124887
Switzerland,CHE,1971,0.101311736
Switzerland,CHE,1972,0.09949102
Switzerland,CHE,1973,0.09744319
Switzerland,CHE,1974,0.096795686
Switzerland,CHE,1975,0.09557982
Switzerland,CHE,1976,0.09384942
Switzerland,CHE,1977,0.09397661
Switzerland,CHE,1978,0.09267082
Switzerland,CHE,1979,0.09410297
Switzerland,CHE,1980,0.092775784
Switzerland,CHE,1981,0.0909903
Switzerland,CHE,1982,0.09054748
Switzerland,CHE,1983,0.0892534
Switzerland,CHE,1984,0.08998277
Switzerland,CHE,1985,0.08972618
Switzerland,CHE,1986,0.08851523
Switzerland,CHE,1987,0.08828589
Switzerland,CHE,1988,0.0884318
Switzerland,CHE,1989,0.08816052
Switzerland,CHE,1990,0.08750715
Switzerland,CHE,1991,0.08737738
Switzerland,CHE,1992,0.08663573
Switzerland,CHE,1993,0.086491816
Switzerland,CHE,1994,0.08576752
Switzerland,CHE,1995,0.08516777
Switzerland,CHE,1996,0.08259075
Switzerland,CHE,1997,0.082926
Switzerland,CHE,1998,0.080718845
Switzerland,CHE,1999,0.08047693
Switzerland,CHE,2000,0.08087222
Switzerland,CHE,2001,0.079839416
Switzerland,CHE,2002,0.079654075
Switzerland,CHE,2003,0.07828107
Switzerland,CHE,2004,0.07824445
Switzerland,CHE,2005,0.07675169
Switzerland,CHE,2006,0.07744918
Switzerland,CHE,2007,0.07665698
Switzerland,CHE,2008,0.075382434
Switzerland,CHE,2009,0.074789785
Switzerland,CHE,2010,0.07511132
Switzerland,CHE,2011,0.074357174
Switzerland,CHE,2012,0.07336658
Switzerland,CHE,2013,0.07247121
Switzerland,CHE,2014,0.07233547
Switzerland,CHE,2015,0.07157613
Switzerland,CHE,2016,0.07264443
Switzerland,CHE,2017,0.07055558
Switzerland,CHE,2018,0.071738854
Switzerland,CHE,2019,0.070623025
Switzerland,CHE,2020,0.069873475
Switzerland,CHE,2021,0.07053959
Switzerland,CHE,2022,0.071049735
Switzerland,CHE,2023,0.06935931
Syria,SYR,1950,0.4143061
Syria,SYR,1951,0.40374628
Syria,SYR,1952,0.39467493
Syria,SYR,1953,0.3840461
Syria,SYR,1954,0.37302947
Syria,SYR,1955,0.36182588
Syria,SYR,1956,0.35051423
Syria,SYR,1957,0.33918282
Syria,SYR,1958,0.32813635
Syria,SYR,1959,0.3176791
Syria,SYR,1960,0.3078053
Syria,SYR,1961,0.298638
Syria,SYR,1962,0.29015407
Syria,SYR,1963,0.28220192
Syria,SYR,1964,0.27454048
Syria,SYR,1965,0.26715434
Syria,SYR,1966,0.25990933
Syria,SYR,1967,0.2526892
Syria,SYR,1968,0.2448113
Syria,SYR,1969,0.23744892
Syria,SYR,1970,0.22968301
Syria,SYR,1971,0.22170429
Syria,SYR,1972,0.21394256
Syria,SYR,1973,0.20657662
Syria,SYR,1974,0.19551823
Syria,SYR,1975,0.18582395
Syria,SYR,1976,0.17727631
Syria,SYR,1977,0.17040928
Syria,SYR,1978,0.16446099
Syria,SYR,1979,0.16060856
Syria,SYR,1980,0.15736222
Syria,SYR,1981,0.1670085
Syria,SYR,1982,0.18443018
Syria,SYR,1983,0.15099227
Syria,SYR,1984,0.14845113
Syria,SYR,1985,0.1461042
Syria,SYR,1986,0.14314254
Syria,SYR,1987,0.13964017
Syria,SYR,1988,0.13604575
Syria,SYR,1989,0.13266432
Syria,SYR,1990,0.1293355
Syria,SYR,1991,0.12686689
Syria,SYR,1992,0.12503044
Syria,SYR,1993,0.12390837
Syria,SYR,1994,0.12343799
Syria,SYR,1995,0.12347129
Syria,SYR,1996,0.12372081
Syria,SYR,1997,0.12374237
Syria,SYR,1998,0.12323575
Syria,SYR,1999,0.12166846
Syria,SYR,2000,0.119571686
Syria,SYR,2001,0.11708144
Syria,SYR,2002,0.11475728
Syria,SYR,2003,0.11231273
Syria,SYR,2004,0.11058351
Syria,SYR,2005,0.109136306
Syria,SYR,2006,0.10800717
Syria,SYR,2007,0.10704735
Syria,SYR,2008,0.10660935
Syria,SYR,2009,0.106201045
Syria,SYR,2010,0.106164485
Syria,SYR,2011,0.11216407
Syria,SYR,2012,0.13882563
Syria,SYR,2013,0.14414342
Syria,SYR,2014,0.14150502
Syria,SYR,2015,0.14607796
Syria,SYR,2016,0.13580088
Syria,SYR,2017,0.13618186
Syria,SYR,2018,0.13363823
Syria,SYR,2019,0.11695681
Syria,SYR,2020,0.11116592
Syria,SYR,2021,0.10965169
Syria,SYR,2022,0.109683976
Syria,SYR,2023,0.11699123
Taiwan,TWN,1950,0.22300276
Taiwan,TWN,1951,0.21718854
Taiwan,TWN,1952,0.2104596
Taiwan,TWN,1953,0.20489602
Taiwan,TWN,1954,0.19953057
Taiwan,TWN,1955,0.19390574
Taiwan,TWN,1956,0.18970053
Taiwan,TWN,1957,0.18487647
Taiwan,TWN,1958,0.18112373
Taiwan,TWN,1959,0.1791823
Taiwan,TWN,1960,0.16980521
Taiwan,TWN,1961,0.1668334
Taiwan,TWN,1962,0.15892896
Taiwan,TWN,1963,0.15706384
Taiwan,TWN,1964,0.14677113
Taiwan,TWN,1965,0.14509106
Taiwan,TWN,1966,0.14246857
Taiwan,TWN,1967,0.13840328
Taiwan,TWN,1968,0.13369708
Taiwan,TWN,1969,0.1308757
Taiwan,TWN,1970,0.12785514
Taiwan,TWN,1971,0.12664852
Taiwan,TWN,1972,0.12334916
Taiwan,TWN,1973,0.12040468
Taiwan,TWN,1974,0.11819358
Taiwan,TWN,1975,0.11776961
Taiwan,TWN,1976,0.115858026
Taiwan,TWN,1977,0.11493439
Taiwan,TWN,1978,0.11496399
Taiwan,TWN,1979,0.11327873
Taiwan,TWN,1980,0.11297509
Taiwan,TWN,1981,0.10968566
Taiwan,TWN,1982,0.10840372
Taiwan,TWN,1983,0.10669567
Taiwan,TWN,1984,0.10539702
Taiwan,TWN,1985,0.103687584
Taiwan,TWN,1986,0.102645405
Taiwan,TWN,1987,0.101794034
Taiwan,TWN,1988,0.10027266
Taiwan,TWN,1989,0.10105275
Taiwan,TWN,1990,0.100042574
Taiwan,TWN,1991,0.09952227
Taiwan,TWN,1992,0.09788605
Taiwan,TWN,1993,0.09938339
Taiwan,TWN,1994,0.09876736
Taiwan,TWN,1995,0.0982534
Taiwan,TWN,1996,0.09813865
Taiwan,TWN,1997,0.09729744
Taiwan,TWN,1998,0.09645826
Taiwan,TWN,1999,0.09725226
Taiwan,TWN,2000,0.09498938
Taiwan,TWN,2001,0.09459542
Taiwan,TWN,2002,0.09341755
Taiwan,TWN,2003,0.093259655
Taiwan,TWN,2004,0.09255755
Taiwan,TWN,2005,0.092371
Taiwan,TWN,2006,0.092133485
Taiwan,TWN,2007,0.09058804
Taiwan,TWN,2008,0.089246675
Taiwan,TWN,2009,0.089833625
Taiwan,TWN,2010,0.087841675
Taiwan,TWN,2011,0.08697659
Taiwan,TWN,2012,0.08730203
Taiwan,TWN,2013,0.086742386
Taiwan,TWN,2014,0.08616989
Taiwan,TWN,2015,0.08529732
Taiwan,TWN,2016,0.08490025
Taiwan,TWN,2017,0.08405001
Taiwan,TWN,2018,0.084417395
Taiwan,TWN,2019,0.08372538
Taiwan,TWN,2020,0.08788914
Taiwan,TWN,2021,0.08771918
Taiwan,TWN,2022,0.08094489
Taiwan,TWN,2023,0.08068533
Tajikistan,TJK,1950,0.33199042
Tajikistan,TJK,1951,0.3287893
Tajikistan,TJK,1952,0.32570076
Tajikistan,TJK,1953,0.32253453
Tajikistan,TJK,1954,0.31927645
Tajikistan,TJK,1955,0.3159982
Tajikistan,TJK,1956,0.31306708
Tajikistan,TJK,1957,0.30950418
Tajikistan,TJK,1958,0.30582818
Tajikistan,TJK,1959,0.302014
Tajikistan,TJK,1960,0.29813975
Tajikistan,TJK,1961,0.29400566
Tajikistan,TJK,1962,0.28926957
Tajikistan,TJK,1963,0.2850175
Tajikistan,TJK,1964,0.2807379
Tajikistan,TJK,1965,0.27640465
Tajikistan,TJK,1966,0.27190855
Tajikistan,TJK,1967,0.2674894
Tajikistan,TJK,1968,0.26370132
Tajikistan,TJK,1969,0.2600303
Tajikistan,TJK,1970,0.25670052
Tajikistan,TJK,1971,0.25327948
Tajikistan,TJK,1972,0.2499978
Tajikistan,TJK,1973,0.24660115
Tajikistan,TJK,1974,0.24352661
Tajikistan,TJK,1975,0.24055748
Tajikistan,TJK,1976,0.23799478
Tajikistan,TJK,1977,0.23591894
Tajikistan,TJK,1978,0.2341117
Tajikistan,TJK,1979,0.23259556
Tajikistan,TJK,1980,0.23124638
Tajikistan,TJK,1981,0.22990014
Tajikistan,TJK,1982,0.2197419
Tajikistan,TJK,1983,0.21459094
Tajikistan,TJK,1984,0.21304527
Tajikistan,TJK,1985,0.2123528
Tajikistan,TJK,1986,0.2058671
Tajikistan,TJK,1987,0.206289
Tajikistan,TJK,1988,0.19947538
Tajikistan,TJK,1989,0.20072147
Tajikistan,TJK,1990,0.19963047
Tajikistan,TJK,1991,0.20016064
Tajikistan,TJK,1992,0.204538
Tajikistan,TJK,1993,0.19976205
Tajikistan,TJK,1994,0.20318426
Tajikistan,TJK,1995,0.20068733
Tajikistan,TJK,1996,0.20296797
Tajikistan,TJK,1997,0.19469549
Tajikistan,TJK,1998,0.19005497
Tajikistan,TJK,1999,0.18244728
Tajikistan,TJK,2000,0.17713653
Tajikistan,TJK,2001,0.17526096
Tajikistan,TJK,2002,0.1655213
Tajikistan,TJK,2003,0.15785994
Tajikistan,TJK,2004,0.1502873
Tajikistan,TJK,2005,0.14932719
Tajikistan,TJK,2006,0.14656855
Tajikistan,TJK,2007,0.14184302
Tajikistan,TJK,2008,0.1386454
Tajikistan,TJK,2009,0.1364738
Tajikistan,TJK,2010,0.13532941
Tajikistan,TJK,2011,0.13372287
Tajikistan,TJK,2012,0.13094246
Tajikistan,TJK,2013,0.12903225
Tajikistan,TJK,2014,0.1276914
Tajikistan,TJK,2015,0.12800722
Tajikistan,TJK,2016,0.12696752
Tajikistan,TJK,2017,0.123310775
Tajikistan,TJK,2018,0.12187625
Tajikistan,TJK,2019,0.120620616
Tajikistan,TJK,2020,0.122291975
Tajikistan,TJK,2021,0.12115143
Tajikistan,TJK,2022,0.11673298
Tajikistan,TJK,2023,0.115414195
Tanzania,TZA,1950,0.41105157
Tanzania,TZA,1951,0.40939638
Tanzania,TZA,1952,0.4076771
Tanzania,TZA,1953,0.40614498
Tanzania,TZA,1954,0.40438926
Tanzania,TZA,1955,0.4026475
Tanzania,TZA,1956,0.40091938
Tanzania,TZA,1957,0.39988542
Tanzania,TZA,1958,0.39829403
Tanzania,TZA,1959,0.3967111
Tanzania,TZA,1960,0.39529395
Tanzania,TZA,1961,0.39345276
Tanzania,TZA,1962,0.3909999
Tanzania,TZA,1963,0.38820347
Tanzania,TZA,1964,0.3851947
Tanzania,TZA,1965,0.38201562
Tanzania,TZA,1966,0.37869784
Tanzania,TZA,1967,0.37515298
Tanzania,TZA,1968,0.3708497
Tanzania,TZA,1969,0.36681995
Tanzania,TZA,1970,0.36238843
Tanzania,TZA,1971,0.35806122
Tanzania,TZA,1972,0.35369372
Tanzania,TZA,1973,0.34893137
Tanzania,TZA,1974,0.34399712
Tanzania,TZA,1975,0.3390277
Tanzania,TZA,1976,0.3336614
Tanzania,TZA,1977,0.32838535
Tanzania,TZA,1978,0.32426903
Tanzania,TZA,1979,0.32064265
Tanzania,TZA,1980,0.3169616
Tanzania,TZA,1981,0.31404847
Tanzania,TZA,1982,0.31232733
Tanzania,TZA,1983,0.31112352
Tanzania,TZA,1984,0.31143454
Tanzania,TZA,1985,0.31164277
Tanzania,TZA,1986,0.3119849
Tanzania,TZA,1987,0.31225616
Tanzania,TZA,1988,0.31200898
Tanzania,TZA,1989,0.31210688
Tanzania,TZA,1990,0.31200048
Tanzania,TZA,1991,0.3123432
Tanzania,TZA,1992,0.31388533
Tanzania,TZA,1993,0.314037
Tanzania,TZA,1994,0.31393662
Tanzania,TZA,1995,0.3132629
Tanzania,TZA,1996,0.31127563
Tanzania,TZA,1997,0.30904213
Tanzania,TZA,1998,0.30371824
Tanzania,TZA,1999,0.29769355
Tanzania,TZA,2000,0.28916252
Tanzania,TZA,2001,0.280061
Tanzania,TZA,2002,0.27176657
Tanzania,TZA,2003,0.26232162
Tanzania,TZA,2004,0.25360444
Tanzania,TZA,2005,0.245524
Tanzania,TZA,2006,0.23737969
Tanzania,TZA,2007,0.23024438
Tanzania,TZA,2008,0.22415185
Tanzania,TZA,2009,0.21924186
Tanzania,TZA,2010,0.2132411
Tanzania,TZA,2011,0.20880252
Tanzania,TZA,2012,0.20291245
Tanzania,TZA,2013,0.19855365
Tanzania,TZA,2014,0.19293268
Tanzania,TZA,2015,0.18830308
Tanzania,TZA,2016,0.18380019
Tanzania,TZA,2017,0.17890722
Tanzania,TZA,2018,0.17501399
Tanzania,TZA,2019,0.17096955
Tanzania,TZA,2020,0.1648191
Tanzania,TZA,2021,0.16476412
Tanzania,TZA,2022,0.16619053
Tanzania,TZA,2023,0.16485268
Thailand,THA,1950,0.36898503
Thailand,THA,1951,0.3613175
Thailand,THA,1952,0.3547242
Thailand,THA,1953,0.34820452
Thailand,THA,1954,0.34193292
Thailand,THA,1955,0.33615184
Thailand,THA,1956,0.33053532
Thailand,THA,1957,0.32504275
Thailand,THA,1958,0.32011563
Thailand,THA,1959,0.31282958
Thailand,THA,1960,0.30567175
Thailand,THA,1961,0.29874143
Thailand,THA,1962,0.29364762
Thailand,THA,1963,0.2876424
Thailand,THA,1964,0.2818192
Thailand,THA,1965,0.27571914
Thailand,THA,1966,0.26950878
Thailand,THA,1967,0.26347402
Thailand,THA,1968,0.25692305
Thailand,THA,1969,0.25029543
Thailand,THA,1970,0.24375121
Thailand,THA,1971,0.23866141
Thailand,THA,1972,0.2334394
Thailand,THA,1973,0.22826454
Thailand,THA,1974,0.22180091
Thailand,THA,1975,0.21548472
Thailand,THA,1976,0.2092353
Thailand,THA,1977,0.20379692
Thailand,THA,1978,0.19926809
Thailand,THA,1979,0.19377378
Thailand,THA,1980,0.188284
Thailand,THA,1981,0.18268219
Thailand,THA,1982,0.17748283
Thailand,THA,1983,0.1715947
Thailand,THA,1984,0.16420491
Thailand,THA,1985,0.15701006
Thailand,THA,1986,0.15118453
Thailand,THA,1987,0.1471948
Thailand,THA,1988,0.1442313
Thailand,THA,1989,0.14127539
Thailand,THA,1990,0.13816191
Thailand,THA,1991,0.1364604
Thailand,THA,1992,0.13502231
Thailand,THA,1993,0.13407749
Thailand,THA,1994,0.13252169
Thailand,THA,1995,0.13113452
Thailand,THA,1996,0.12965345
Thailand,THA,1997,0.1287869
Thailand,THA,1998,0.12855437
Thailand,THA,1999,0.12981573
Thailand,THA,2000,0.13107279
Thailand,THA,2001,0.13099921
Thailand,THA,2002,0.12916517
Thailand,THA,2003,0.12584755
Thailand,THA,2004,0.12589324
Thailand,THA,2005,0.11841045
Thailand,THA,2006,0.11483985
Thailand,THA,2007,0.11240641
Thailand,THA,2008,0.11005866
Thailand,THA,2009,0.10944697
Thailand,THA,2010,0.108646445
Thailand,THA,2011,0.1083421
Thailand,THA,2012,0.10731451
Thailand,THA,2013,0.105552815
Thailand,THA,2014,0.10493233
Thailand,THA,2015,0.10436064
Thailand,THA,2016,0.10499803
Thailand,THA,2017,0.104524545
Thailand,THA,2018,0.10391535
Thailand,THA,2019,0.10582023
Thailand,THA,2020,0.10502797
Thailand,THA,2021,0.10163555
Thailand,THA,2022,0.1109432
Thailand,THA,2023,0.10615309
Togo,TGO,1950,0.4079395
Togo,TGO,1951,0.4060399
Togo,TGO,1952,0.40479645
Togo,TGO,1953,0.40317926
Togo,TGO,1954,0.4012784
Togo,TGO,1955,0.39946792
Togo,TGO,1956,0.39811352
Togo,TGO,1957,0.3961324
Togo,TGO,1958,0.39411527
Togo,TGO,1959,0.39200294
Togo,TGO,1960,0.38965172
Togo,TGO,1961,0.38737944
Togo,TGO,1962,0.38473168
Togo,TGO,1963,0.38184142
Togo,TGO,1964,0.3784638
Togo,TGO,1965,0.3752792
Togo,TGO,1966,0.3718781
Togo,TGO,1967,0.36769238
Togo,TGO,1968,0.36327663
Togo,TGO,1969,0.3595673
Togo,TGO,1970,0.35493216
Togo,TGO,1971,0.35043588
Togo,TGO,1972,0.3454664
Togo,TGO,1973,0.34079334
Togo,TGO,1974,0.33560085
Togo,TGO,1975,0.33082008
Togo,TGO,1976,0.32616955
Togo,TGO,1977,0.32112035
Togo,TGO,1978,0.3156001
Togo,TGO,1979,0.31041986
Togo,TGO,1980,0.30546978
Togo,TGO,1981,0.29962552
Togo,TGO,1982,0.29478005
Togo,TGO,1983,0.2895465
Togo,TGO,1984,0.28546456
Togo,TGO,1985,0.28197676
Togo,TGO,1986,0.27857217
Togo,TGO,1987,0.27610737
Togo,TGO,1988,0.27454045
Togo,TGO,1989,0.2756762
Togo,TGO,1990,0.27638835
Togo,TGO,1991,0.27833042
Togo,TGO,1992,0.28002164
Togo,TGO,1993,0.28134647
Togo,TGO,1994,0.2823299
Togo,TGO,1995,0.2817238
Togo,TGO,1996,0.2801437
Togo,TGO,1997,0.27902013
Togo,TGO,1998,0.2774026
Togo,TGO,1999,0.27335557
Togo,TGO,2000,0.27060318
Togo,TGO,2001,0.26875624
Togo,TGO,2002,0.2658084
Togo,TGO,2003,0.26305658
Togo,TGO,2004,0.2598571
Togo,TGO,2005,0.25651246
Togo,TGO,2006,0.2547759
Togo,TGO,2007,0.25249466
Togo,TGO,2008,0.2499971
Togo,TGO,2009,0.24718194
Togo,TGO,2010,0.24427654
Togo,TGO,2011,0.24087583
Togo,TGO,2012,0.23745655
Togo,TGO,2013,0.23382482
Togo,TGO,2014,0.23014268
Togo,TGO,2015,0.22616854
Togo,TGO,2016,0.2225246
Togo,TGO,2017,0.21843852
Togo,TGO,2018,0.21492115
Togo,TGO,2019,0.21126112
Togo,TGO,2020,0.20749661
Togo,TGO,2021,0.20491101
Togo,TGO,2022,0.20023538
Togo,TGO,2023,0.19655441
Tokelau,TKL,1950,0.24255247
Tokelau,TKL,1951,0.23920362
Tokelau,TKL,1952,0.2354995
Tokelau,TKL,1953,0.23288192
Tokelau,TKL,1954,0.22949369
Tokelau,TKL,1955,0.22640084
Tokelau,TKL,1956,0.22339334
Tokelau,TKL,1957,0.22048256
Tokelau,TKL,1958,0.21769293
Tokelau,TKL,1959,0.21499819
Tokelau,TKL,1960,0.21236408
Tokelau,TKL,1961,0.20984969
Tokelau,TKL,1962,0.20746878
Tokelau,TKL,1963,0.20520645
Tokelau,TKL,1964,0.20294087
Tokelau,TKL,1965,0.20109116
Tokelau,TKL,1966,0.19922419
Tokelau,TKL,1967,0.19730535
Tokelau,TKL,1968,0.1957491
Tokelau,TKL,1969,0.19417007
Tokelau,TKL,1970,0.19266717
Tokelau,TKL,1971,0.1914661
Tokelau,TKL,1972,0.19052736
Tokelau,TKL,1973,0.18963385
Tokelau,TKL,1974,0.18881951
Tokelau,TKL,1975,0.18780857
Tokelau,TKL,1976,0.18652605
Tokelau,TKL,1977,0.1848417
Tokelau,TKL,1978,0.18277946
Tokelau,TKL,1979,0.18034603
Tokelau,TKL,1980,0.1776891
Tokelau,TKL,1981,0.17478809
Tokelau,TKL,1982,0.1716255
Tokelau,TKL,1983,0.16840968
Tokelau,TKL,1984,0.16505505
Tokelau,TKL,1985,0.16157457
Tokelau,TKL,1986,0.15807171
Tokelau,TKL,1987,0.15442131
Tokelau,TKL,1988,0.15070763
Tokelau,TKL,1989,0.14694051
Tokelau,TKL,1990,0.14324181
Tokelau,TKL,1991,0.13972703
Tokelau,TKL,1992,0.13647927
Tokelau,TKL,1993,0.13387173
Tokelau,TKL,1994,0.13162823
Tokelau,TKL,1995,0.12983797
Tokelau,TKL,1996,0.12838341
Tokelau,TKL,1997,0.12721616
Tokelau,TKL,1998,0.12635018
Tokelau,TKL,1999,0.12515219
Tokelau,TKL,2000,0.123732485
Tokelau,TKL,2001,0.12221321
Tokelau,TKL,2002,0.12060857
Tokelau,TKL,2003,0.1189531
Tokelau,TKL,2004,0.11734328
Tokelau,TKL,2005,0.11588324
Tokelau,TKL,2006,0.114475444
Tokelau,TKL,2007,0.11320279
Tokelau,TKL,2008,0.11197801
Tokelau,TKL,2009,0.11086568
Tokelau,TKL,2010,0.10985889
Tokelau,TKL,2011,0.10888756
Tokelau,TKL,2012,0.10800091
Tokelau,TKL,2013,0.107085444
Tokelau,TKL,2014,0.10647667
Tokelau,TKL,2015,0.10581896
Tokelau,TKL,2016,0.105229564
Tokelau,TKL,2017,0.104709946
Tokelau,TKL,2018,0.10423893
Tokelau,TKL,2019,0.10372061
Tokelau,TKL,2020,0.103332825
Tokelau,TKL,2021,0.10307994
Tokelau,TKL,2022,0.102740675
Tokelau,TKL,2023,0.10240571
Tonga,TON,1950,0.30518657
Tonga,TON,1951,0.29182878
Tonga,TON,1952,0.2793717
Tonga,TON,1953,0.2677429
Tonga,TON,1954,0.25674477
Tonga,TON,1955,0.24688184
Tonga,TON,1956,0.23811775
Tonga,TON,1957,0.23086318
Tonga,TON,1958,0.2246262
Tonga,TON,1959,0.22019556
Tonga,TON,1960,0.21546063
Tonga,TON,1961,0.2118258
Tonga,TON,1962,0.20700784
Tonga,TON,1963,0.20294291
Tonga,TON,1964,0.19889286
Tonga,TON,1965,0.19508958
Tonga,TON,1966,0.19106203
Tonga,TON,1967,0.18720143
Tonga,TON,1968,0.18319973
Tonga,TON,1969,0.17884551
Tonga,TON,1970,0.17438601
Tonga,TON,1971,0.16990788
Tonga,TON,1972,0.16561404
Tonga,TON,1973,0.16274284
Tonga,TON,1974,0.15873438
Tonga,TON,1975,0.15597577
Tonga,TON,1976,0.15384775
Tonga,TON,1977,0.1522195
Tonga,TON,1978,0.15022436
Tonga,TON,1979,0.14858934
Tonga,TON,1980,0.1470424
Tonga,TON,1981,0.1454565
Tonga,TON,1982,0.14619489
Tonga,TON,1983,0.14275657
Tonga,TON,1984,0.14153533
Tonga,TON,1985,0.14042845
Tonga,TON,1986,0.1392444
Tonga,TON,1987,0.13813254
Tonga,TON,1988,0.1369856
Tonga,TON,1989,0.13593939
Tonga,TON,1990,0.13507779
Tonga,TON,1991,0.13355477
Tonga,TON,1992,0.13226752
Tonga,TON,1993,0.13072655
Tonga,TON,1994,0.12929359
Tonga,TON,1995,0.12786391
Tonga,TON,1996,0.12653582
Tonga,TON,1997,0.12527423
Tonga,TON,1998,0.12409233
Tonga,TON,1999,0.12297864
Tonga,TON,2000,0.12188308
Tonga,TON,2001,0.12134432
Tonga,TON,2002,0.11982441
Tonga,TON,2003,0.118817605
Tonga,TON,2004,0.11786619
Tonga,TON,2005,0.11721039
Tonga,TON,2006,0.116399676
Tonga,TON,2007,0.11559504
Tonga,TON,2008,0.11487182
Tonga,TON,2009,0.116678424
Tonga,TON,2010,0.11359551
Tonga,TON,2011,0.11306965
Tonga,TON,2012,0.112584494
Tonga,TON,2013,0.1121387
Tonga,TON,2014,0.11202915
Tonga,TON,2015,0.11128801
Tonga,TON,2016,0.11088941
Tonga,TON,2017,0.11048411
Tonga,TON,2018,0.110060506
Tonga,TON,2019,0.109627694
Tonga,TON,2020,0.10915024
Tonga,TON,2021,0.109795555
Tonga,TON,2022,0.10926948
Tonga,TON,2023,0.10773396
Trinidad and Tobago,TTO,1950,0.23109864
Trinidad and Tobago,TTO,1951,0.22777481
Trinidad and Tobago,TTO,1952,0.22452717
Trinidad and Tobago,TTO,1953,0.21805835
Trinidad and Tobago,TTO,1954,0.20981619
Trinidad and Tobago,TTO,1955,0.20245168
Trinidad and Tobago,TTO,1956,0.19628833
Trinidad and Tobago,TTO,1957,0.1898733
Trinidad and Tobago,TTO,1958,0.18338504
Trinidad and Tobago,TTO,1959,0.17870931
Trinidad and Tobago,TTO,1960,0.1754745
Trinidad and Tobago,TTO,1961,0.17159902
Trinidad and Tobago,TTO,1962,0.16897875
Trinidad and Tobago,TTO,1963,0.16845268
Trinidad and Tobago,TTO,1964,0.16642185
Trinidad and Tobago,TTO,1965,0.16474977
Trinidad and Tobago,TTO,1966,0.16391231
Trinidad and Tobago,TTO,1967,0.16308354
Trinidad and Tobago,TTO,1968,0.16227692
Trinidad and Tobago,TTO,1969,0.16098554
Trinidad and Tobago,TTO,1970,0.15996876
Trinidad and Tobago,TTO,1971,0.15868571
Trinidad and Tobago,TTO,1972,0.15654828
Trinidad and Tobago,TTO,1973,0.15464829
Trinidad and Tobago,TTO,1974,0.15313049
Trinidad and Tobago,TTO,1975,0.1516959
Trinidad and Tobago,TTO,1976,0.14906159
Trinidad and Tobago,TTO,1977,0.14741679
Trinidad and Tobago,TTO,1978,0.14588909
Trinidad and Tobago,TTO,1979,0.1443097
Trinidad and Tobago,TTO,1980,0.14272536
Trinidad and Tobago,TTO,1981,0.14152183
Trinidad and Tobago,TTO,1982,0.14061867
Trinidad and Tobago,TTO,1983,0.13894679
Trinidad and Tobago,TTO,1984,0.1374914
Trinidad and Tobago,TTO,1985,0.1361648
Trinidad and Tobago,TTO,1986,0.13581467
Trinidad and Tobago,TTO,1987,0.13468835
Trinidad and Tobago,TTO,1988,0.1340411
Trinidad and Tobago,TTO,1989,0.13370807
Trinidad and Tobago,TTO,1990,0.13274643
Trinidad and Tobago,TTO,1991,0.13186742
Trinidad and Tobago,TTO,1992,0.1322339
Trinidad and Tobago,TTO,1993,0.13286376
Trinidad and Tobago,TTO,1994,0.13264629
Trinidad and Tobago,TTO,1995,0.13323927
Trinidad and Tobago,TTO,1996,0.1339054
Trinidad and Tobago,TTO,1997,0.13379423
Trinidad and Tobago,TTO,1998,0.13315009
Trinidad and Tobago,TTO,1999,0.13314001
Trinidad and Tobago,TTO,2000,0.13226618
Trinidad and Tobago,TTO,2001,0.1308302
Trinidad and Tobago,TTO,2002,0.12939139
Trinidad and Tobago,TTO,2003,0.12787126
Trinidad and Tobago,TTO,2004,0.12557048
Trinidad and Tobago,TTO,2005,0.12408708
Trinidad and Tobago,TTO,2006,0.12219681
Trinidad and Tobago,TTO,2007,0.120321676
Trinidad and Tobago,TTO,2008,0.11870793
Trinidad and Tobago,TTO,2009,0.11750233
Trinidad and Tobago,TTO,2010,0.1157305
Trinidad and Tobago,TTO,2011,0.1140825
Trinidad and Tobago,TTO,2012,0.11289777
Trinidad and Tobago,TTO,2013,0.11184705
Trinidad and Tobago,TTO,2014,0.11107869
Trinidad and Tobago,TTO,2015,0.11072265
Trinidad and Tobago,TTO,2016,0.11029244
Trinidad and Tobago,TTO,2017,0.11001371
Trinidad and Tobago,TTO,2018,0.11122038
Trinidad and Tobago,TTO,2019,0.11057682
Trinidad and Tobago,TTO,2020,0.11027362
Trinidad and Tobago,TTO,2021,0.11474069
Trinidad and Tobago,TTO,2022,0.10879423
Trinidad and Tobago,TTO,2023,0.10824217
Tunisia,TUN,1950,0.4427413
Tunisia,TUN,1951,0.43878907
Tunisia,TUN,1952,0.4350124
Tunisia,TUN,1953,0.43082482
Tunisia,TUN,1954,0.42652234
Tunisia,TUN,1955,0.42165756
Tunisia,TUN,1956,0.41651413
Tunisia,TUN,1957,0.41100004
Tunisia,TUN,1958,0.4050912
Tunisia,TUN,1959,0.3988018
Tunisia,TUN,1960,0.3920621
Tunisia,TUN,1961,0.38504192
Tunisia,TUN,1962,0.37716752
Tunisia,TUN,1963,0.36864287
Tunisia,TUN,1964,0.35981062
Tunisia,TUN,1965,0.35001633
Tunisia,TUN,1966,0.339966
Tunisia,TUN,1967,0.32931426
Tunisia,TUN,1968,0.3173588
Tunisia,TUN,1969,0.30727595
Tunisia,TUN,1970,0.2920877
Tunisia,TUN,1971,0.27985656
Tunisia,TUN,1972,0.2672338
Tunisia,TUN,1973,0.25639227
Tunisia,TUN,1974,0.244952
Tunisia,TUN,1975,0.23451418
Tunisia,TUN,1976,0.22471635
Tunisia,TUN,1977,0.21524832
Tunisia,TUN,1978,0.20630673
Tunisia,TUN,1979,0.19783638
Tunisia,TUN,1980,0.19011918
Tunisia,TUN,1981,0.18299222
Tunisia,TUN,1982,0.17697218
Tunisia,TUN,1983,0.17048839
Tunisia,TUN,1984,0.16472659
Tunisia,TUN,1985,0.15922882
Tunisia,TUN,1986,0.15412691
Tunisia,TUN,1987,0.1488472
Tunisia,TUN,1988,0.14431672
Tunisia,TUN,1989,0.14040731
Tunisia,TUN,1990,0.13750781
Tunisia,TUN,1991,0.13461946
Tunisia,TUN,1992,0.13209452
Tunisia,TUN,1993,0.12945738
Tunisia,TUN,1994,0.12640046
Tunisia,TUN,1995,0.12289807
Tunisia,TUN,1996,0.11928474
Tunisia,TUN,1997,0.11619913
Tunisia,TUN,1998,0.11338269
Tunisia,TUN,1999,0.11136288
Tunisia,TUN,2000,0.10945796
Tunisia,TUN,2001,0.10794219
Tunisia,TUN,2002,0.106379
Tunisia,TUN,2003,0.104968816
Tunisia,TUN,2004,0.10370192
Tunisia,TUN,2005,0.10260017
Tunisia,TUN,2006,0.101623856
Tunisia,TUN,2007,0.100826874
Tunisia,TUN,2008,0.10000197
Tunisia,TUN,2009,0.09935262
Tunisia,TUN,2010,0.09875696
Tunisia,TUN,2011,0.0985762
Tunisia,TUN,2012,0.09789737
Tunisia,TUN,2013,0.09739591
Tunisia,TUN,2014,0.09678952
Tunisia,TUN,2015,0.09597905
Tunisia,TUN,2016,0.09495614
Tunisia,TUN,2017,0.09394644
Tunisia,TUN,2018,0.09313255
Tunisia,TUN,2019,0.09215747
Tunisia,TUN,2020,0.09162777
Tunisia,TUN,2021,0.09531383
Tunisia,TUN,2022,0.08962425
Tunisia,TUN,2023,0.08844828
Turkey,TUR,1950,0.38842586
Turkey,TUR,1951,0.3847652
Turkey,TUR,1952,0.37761486
Turkey,TUR,1953,0.37870845
Turkey,TUR,1954,0.37127587
Turkey,TUR,1955,0.36724794
Turkey,TUR,1956,0.3624308
Turkey,TUR,1957,0.35935813
Turkey,TUR,1958,0.35528252
Turkey,TUR,1959,0.34871945
Turkey,TUR,1960,0.34264788
Turkey,TUR,1961,0.335456
Turkey,TUR,1962,0.32790294
Turkey,TUR,1963,0.32048038
Turkey,TUR,1964,0.31391782
Turkey,TUR,1965,0.30794024
Turkey,TUR,1966,0.3025038
Turkey,TUR,1967,0.29547504
Turkey,TUR,1968,0.2895107
Turkey,TUR,1969,0.28355035
Turkey,TUR,1970,0.27846625
Turkey,TUR,1971,0.2726203
Turkey,TUR,1972,0.26615116
Turkey,TUR,1973,0.26020238
Turkey,TUR,1974,0.25434676
Turkey,TUR,1975,0.24963309
Turkey,TUR,1976,0.24442339
Turkey,TUR,1977,0.23602432
Turkey,TUR,1978,0.22937243
Turkey,TUR,1979,0.22341448
Turkey,TUR,1980,0.21766226
Turkey,TUR,1981,0.21178411
Turkey,TUR,1982,0.20609659
Turkey,TUR,1983,0.20079237
Turkey,TUR,1984,0.19440639
Turkey,TUR,1985,0.18883541
Turkey,TUR,1986,0.18345113
Turkey,TUR,1987,0.17825341
Turkey,TUR,1988,0.17306851
Turkey,TUR,1989,0.1681195
Turkey,TUR,1990,0.16336247
Turkey,TUR,1991,0.1586449
Turkey,TUR,1992,0.1546249
Turkey,TUR,1993,0.14991274
Turkey,TUR,1994,0.14564355
Turkey,TUR,1995,0.14165163
Turkey,TUR,1996,0.13748537
Turkey,TUR,1997,0.13361666
Turkey,TUR,1998,0.12995072
Turkey,TUR,1999,0.13474122
Turkey,TUR,2000,0.12290341
Turkey,TUR,2001,0.11970981
Turkey,TUR,2002,0.11666857
Turkey,TUR,2003,0.1138297
Turkey,TUR,2004,0.11109104
Turkey,TUR,2005,0.10847164
Turkey,TUR,2006,0.10610883
Turkey,TUR,2007,0.103817515
Turkey,TUR,2008,0.10172982
Turkey,TUR,2009,0.09975966
Turkey,TUR,2010,0.097967364
Turkey,TUR,2011,0.09682389
Turkey,TUR,2012,0.094588734
Turkey,TUR,2013,0.09274849
Turkey,TUR,2014,0.09137016
Turkey,TUR,2015,0.09016193
Turkey,TUR,2016,0.089104384
Turkey,TUR,2017,0.08776883
Turkey,TUR,2018,0.086556494
Turkey,TUR,2019,0.08554486
Turkey,TUR,2020,0.083981924
Turkey,TUR,2021,0.086111605
Turkey,TUR,2022,0.08341388
Turkey,TUR,2023,0.09981055
Turkmenistan,TKM,1950,0.31604
Turkmenistan,TKM,1951,0.31177822
Turkmenistan,TKM,1952,0.30763423
Turkmenistan,TKM,1953,0.30349186
Turkmenistan,TKM,1954,0.29933947
Turkmenistan,TKM,1955,0.29522076
Turkmenistan,TKM,1956,0.29111397
Turkmenistan,TKM,1957,0.28702575
Turkmenistan,TKM,1958,0.28291175
Turkmenistan,TKM,1959,0.27882728
Turkmenistan,TKM,1960,0.274796
Turkmenistan,TKM,1961,0.27072126
Turkmenistan,TKM,1962,0.26669627
Turkmenistan,TKM,1963,0.26270133
Turkmenistan,TKM,1964,0.25884983
Turkmenistan,TKM,1965,0.25494415
Turkmenistan,TKM,1966,0.2510129
Turkmenistan,TKM,1967,0.24711627
Turkmenistan,TKM,1968,0.24340399
Turkmenistan,TKM,1969,0.24003623
Turkmenistan,TKM,1970,0.23707838
Turkmenistan,TKM,1971,0.23455817
Turkmenistan,TKM,1972,0.2324046
Turkmenistan,TKM,1973,0.2305495
Turkmenistan,TKM,1974,0.22881529
Turkmenistan,TKM,1975,0.2270151
Turkmenistan,TKM,1976,0.22499818
Turkmenistan,TKM,1977,0.22262284
Turkmenistan,TKM,1978,0.21758586
Turkmenistan,TKM,1979,0.2105665
Turkmenistan,TKM,1980,0.20178944
Turkmenistan,TKM,1981,0.19553596
Turkmenistan,TKM,1982,0.19093274
Turkmenistan,TKM,1983,0.18787526
Turkmenistan,TKM,1984,0.18480472
Turkmenistan,TKM,1985,0.18159612
Turkmenistan,TKM,1986,0.17856263
Turkmenistan,TKM,1987,0.17569174
Turkmenistan,TKM,1988,0.1732802
Turkmenistan,TKM,1989,0.1711412
Turkmenistan,TKM,1990,0.16971697
Turkmenistan,TKM,1991,0.16889673
Turkmenistan,TKM,1992,0.1692296
Turkmenistan,TKM,1993,0.16974072
Turkmenistan,TKM,1994,0.17000793
Turkmenistan,TKM,1995,0.1696593
Turkmenistan,TKM,1996,0.16904329
Turkmenistan,TKM,1997,0.16715018
Turkmenistan,TKM,1998,0.1642175
Turkmenistan,TKM,1999,0.16023214
Turkmenistan,TKM,2000,0.15681632
Turkmenistan,TKM,2001,0.15361768
Turkmenistan,TKM,2002,0.15081115
Turkmenistan,TKM,2003,0.14778882
Turkmenistan,TKM,2004,0.14544426
Turkmenistan,TKM,2005,0.14338244
Turkmenistan,TKM,2006,0.14153068
Turkmenistan,TKM,2007,0.13890901
Turkmenistan,TKM,2008,0.13593647
Turkmenistan,TKM,2009,0.1329947
Turkmenistan,TKM,2010,0.1310686
Turkmenistan,TKM,2011,0.13012974
Turkmenistan,TKM,2012,0.12991105
Turkmenistan,TKM,2013,0.12973304
Turkmenistan,TKM,2014,0.12940787
Turkmenistan,TKM,2015,0.12902921
Turkmenistan,TKM,2016,0.12871459
Turkmenistan,TKM,2017,0.12853664
Turkmenistan,TKM,2018,0.12815885
Turkmenistan,TKM,2019,0.1275967
Turkmenistan,TKM,2020,0.12732792
Turkmenistan,TKM,2021,0.12686744
Turkmenistan,TKM,2022,0.12467347
Turkmenistan,TKM,2023,0.12357067
Turks and Caicos Islands,TCA,1950,0.3103808
Turks and Caicos Islands,TCA,1951,0.3021264
Turks and Caicos Islands,TCA,1952,0.29402983
Turks and Caicos Islands,TCA,1953,0.28637096
Turks and Caicos Islands,TCA,1954,0.27931103
Turks and Caicos Islands,TCA,1955,0.27223408
Turks and Caicos Islands,TCA,1956,0.26542944
Turks and Caicos Islands,TCA,1957,0.2588291
Turks and Caicos Islands,TCA,1958,0.2523436
Turks and Caicos Islands,TCA,1959,0.24563695
Turks and Caicos Islands,TCA,1960,0.23924914
Turks and Caicos Islands,TCA,1961,0.23229776
Turks and Caicos Islands,TCA,1962,0.22680765
Turks and Caicos Islands,TCA,1963,0.22111124
Turks and Caicos Islands,TCA,1964,0.21548268
Turks and Caicos Islands,TCA,1965,0.20995615
Turks and Caicos Islands,TCA,1966,0.2048563
Turks and Caicos Islands,TCA,1967,0.19988263
Turks and Caicos Islands,TCA,1968,0.1951749
Turks and Caicos Islands,TCA,1969,0.19045825
Turks and Caicos Islands,TCA,1970,0.18579364
Turks and Caicos Islands,TCA,1971,0.18157323
Turks and Caicos Islands,TCA,1972,0.1776584
Turks and Caicos Islands,TCA,1973,0.17401798
Turks and Caicos Islands,TCA,1974,0.17049967
Turks and Caicos Islands,TCA,1975,0.16735457
Turks and Caicos Islands,TCA,1976,0.16418447
Turks and Caicos Islands,TCA,1977,0.16105178
Turks and Caicos Islands,TCA,1978,0.15814227
Turks and Caicos Islands,TCA,1979,0.15544075
Turks and Caicos Islands,TCA,1980,0.15274529
Turks and Caicos Islands,TCA,1981,0.15025063
Turks and Caicos Islands,TCA,1982,0.14797707
Turks and Caicos Islands,TCA,1983,0.14585994
Turks and Caicos Islands,TCA,1984,0.14364763
Turks and Caicos Islands,TCA,1985,0.14147542
Turks and Caicos Islands,TCA,1986,0.13922788
Turks and Caicos Islands,TCA,1987,0.13685273
Turks and Caicos Islands,TCA,1988,0.13437526
Turks and Caicos Islands,TCA,1989,0.13211197
Turks and Caicos Islands,TCA,1990,0.12994458
Turks and Caicos Islands,TCA,1991,0.12801942
Turks and Caicos Islands,TCA,1992,0.12623817
Turks and Caicos Islands,TCA,1993,0.12494598
Turks and Caicos Islands,TCA,1994,0.12349506
Turks and Caicos Islands,TCA,1995,0.122061536
Turks and Caicos Islands,TCA,1996,0.12053317
Turks and Caicos Islands,TCA,1997,0.11879593
Turks and Caicos Islands,TCA,1998,0.116701715
Turks and Caicos Islands,TCA,1999,0.114256054
Turks and Caicos Islands,TCA,2000,0.11138617
Turks and Caicos Islands,TCA,2001,0.10837471
Turks and Caicos Islands,TCA,2002,0.10536479
Turks and Caicos Islands,TCA,2003,0.102607526
Turks and Caicos Islands,TCA,2004,0.10032727
Turks and Caicos Islands,TCA,2005,0.09857796
Turks and Caicos Islands,TCA,2006,0.09741816
Turks and Caicos Islands,TCA,2007,0.09664116
Turks and Caicos Islands,TCA,2008,0.101893485
Turks and Caicos Islands,TCA,2009,0.09603015
Turks and Caicos Islands,TCA,2010,0.09575466
Turks and Caicos Islands,TCA,2011,0.09534581
Turks and Caicos Islands,TCA,2012,0.0948698
Turks and Caicos Islands,TCA,2013,0.09422949
Turks and Caicos Islands,TCA,2014,0.09357373
Turks and Caicos Islands,TCA,2015,0.09297973
Turks and Caicos Islands,TCA,2016,0.0923849
Turks and Caicos Islands,TCA,2017,0.09204333
Turks and Caicos Islands,TCA,2018,0.09167856
Turks and Caicos Islands,TCA,2019,0.09137277
Turks and Caicos Islands,TCA,2020,0.09124964
Turks and Caicos Islands,TCA,2021,0.09181911
Turks and Caicos Islands,TCA,2022,0.0905154
Turks and Caicos Islands,TCA,2023,0.090237185
Tuvalu,TUV,1950,0.41278872
Tuvalu,TUV,1951,0.404792
Tuvalu,TUV,1952,0.39669278
Tuvalu,TUV,1953,0.3882328
Tuvalu,TUV,1954,0.3785988
Tuvalu,TUV,1955,0.3689809
Tuvalu,TUV,1956,0.3591734
Tuvalu,TUV,1957,0.34929797
Tuvalu,TUV,1958,0.3402758
Tuvalu,TUV,1959,0.33184326
Tuvalu,TUV,1960,0.32328662
Tuvalu,TUV,1961,0.3149444
Tuvalu,TUV,1962,0.3067646
Tuvalu,TUV,1963,0.29832336
Tuvalu,TUV,1964,0.2903816
Tuvalu,TUV,1965,0.2825102
Tuvalu,TUV,1966,0.27485552
Tuvalu,TUV,1967,0.26761305
Tuvalu,TUV,1968,0.26030096
Tuvalu,TUV,1969,0.25315312
Tuvalu,TUV,1970,0.24623297
Tuvalu,TUV,1971,0.2393044
Tuvalu,TUV,1972,0.25474557
Tuvalu,TUV,1973,0.22655675
Tuvalu,TUV,1974,0.22159171
Tuvalu,TUV,1975,0.21647823
Tuvalu,TUV,1976,0.21173938
Tuvalu,TUV,1977,0.20772327
Tuvalu,TUV,1978,0.2042318
Tuvalu,TUV,1979,0.20137
Tuvalu,TUV,1980,0.1984604
Tuvalu,TUV,1981,0.19612563
Tuvalu,TUV,1982,0.19369692
Tuvalu,TUV,1983,0.19169876
Tuvalu,TUV,1984,0.19036108
Tuvalu,TUV,1985,0.18902601
Tuvalu,TUV,1986,0.18815318
Tuvalu,TUV,1987,0.1874035
Tuvalu,TUV,1988,0.18693829
Tuvalu,TUV,1989,0.18591696
Tuvalu,TUV,1990,0.1851333
Tuvalu,TUV,1991,0.18410154
Tuvalu,TUV,1992,0.1992299
Tuvalu,TUV,1993,0.18203962
Tuvalu,TUV,1994,0.18085907
Tuvalu,TUV,1995,0.17961341
Tuvalu,TUV,1996,0.17817263
Tuvalu,TUV,1997,0.17657986
Tuvalu,TUV,1998,0.17521779
Tuvalu,TUV,1999,0.17375933
Tuvalu,TUV,2000,0.17240149
Tuvalu,TUV,2001,0.17099649
Tuvalu,TUV,2002,0.16972896
Tuvalu,TUV,2003,0.16861281
Tuvalu,TUV,2004,0.16750824
Tuvalu,TUV,2005,0.1663373
Tuvalu,TUV,2006,0.16502558
Tuvalu,TUV,2007,0.16358803
Tuvalu,TUV,2008,0.16218166
Tuvalu,TUV,2009,0.16059737
Tuvalu,TUV,2010,0.1589066
Tuvalu,TUV,2011,0.15739523
Tuvalu,TUV,2012,0.15585963
Tuvalu,TUV,2013,0.15452467
Tuvalu,TUV,2014,0.15315968
Tuvalu,TUV,2015,0.15174684
Tuvalu,TUV,2016,0.15042302
Tuvalu,TUV,2017,0.14916869
Tuvalu,TUV,2018,0.14776093
Tuvalu,TUV,2019,0.14638653
Tuvalu,TUV,2020,0.1450073
Tuvalu,TUV,2021,0.1463557
Tuvalu,TUV,2022,0.14228347
Tuvalu,TUV,2023,0.14077692
Uganda,UGA,1950,0.42202154
Uganda,UGA,1951,0.41663957
Uganda,UGA,1952,0.41116595
Uganda,UGA,1953,0.40554553
Uganda,UGA,1954,0.39995912
Uganda,UGA,1955,0.39442012
Uganda,UGA,1956,0.38882175
Uganda,UGA,1957,0.38329142
Uganda,UGA,1958,0.3777591
Uganda,UGA,1959,0.37236854
Uganda,UGA,1960,0.36726078
Uganda,UGA,1961,0.36199567
Uganda,UGA,1962,0.35715654
Uganda,UGA,1963,0.35257024
Uganda,UGA,1964,0.3482231
Uganda,UGA,1965,0.3442398
Uganda,UGA,1966,0.34195796
Uganda,UGA,1967,0.33760148
Uganda,UGA,1968,0.33493692
Uganda,UGA,1969,0.33285907
Uganda,UGA,1970,0.3319651
Uganda,UGA,1971,0.3449291
Uganda,UGA,1972,0.34547374
Uganda,UGA,1973,0.35382462
Uganda,UGA,1974,0.35043353
Uganda,UGA,1975,0.360009
Uganda,UGA,1976,0.36397156
Uganda,UGA,1977,0.3677856
Uganda,UGA,1978,0.36458316
Uganda,UGA,1979,0.36684743
Uganda,UGA,1980,0.37734115
Uganda,UGA,1981,0.3767184
Uganda,UGA,1982,0.36880508
Uganda,UGA,1983,0.36619267
Uganda,UGA,1984,0.36312327
Uganda,UGA,1985,0.35196954
Uganda,UGA,1986,0.34943268
Uganda,UGA,1987,0.3459003
Uganda,UGA,1988,0.3442686
Uganda,UGA,1989,0.34280437
Uganda,UGA,1990,0.3414748
Uganda,UGA,1991,0.33922514
Uganda,UGA,1992,0.33746758
Uganda,UGA,1993,0.33564
Uganda,UGA,1994,0.33407778
Uganda,UGA,1995,0.33250427
Uganda,UGA,1996,0.33082876
Uganda,UGA,1997,0.32832617
Uganda,UGA,1998,0.32560962
Uganda,UGA,1999,0.3196487
Uganda,UGA,2000,0.31338242
Uganda,UGA,2001,0.3058037
Uganda,UGA,2002,0.2975862
Uganda,UGA,2003,0.28908196
Uganda,UGA,2004,0.27915174
Uganda,UGA,2005,0.2693516
Uganda,UGA,2006,0.25998655
Uganda,UGA,2007,0.25101587
Uganda,UGA,2008,0.24265508
Uganda,UGA,2009,0.23482263
Uganda,UGA,2010,0.22778
Uganda,UGA,2011,0.221427
Uganda,UGA,2012,0.21460398
Uganda,UGA,2013,0.20806843
Uganda,UGA,2014,0.20180558
Uganda,UGA,2015,0.19597773
Uganda,UGA,2016,0.19053896
Uganda,UGA,2017,0.1853435
Uganda,UGA,2018,0.1811861
Uganda,UGA,2019,0.17765531
Uganda,UGA,2020,0.1734907
Uganda,UGA,2021,0.17187673
Uganda,UGA,2022,0.16861703
Uganda,UGA,2023,0.1640937
Ukraine,UKR,1950,0.20843813
Ukraine,UKR,1951,0.20595494
Ukraine,UKR,1952,0.19946754
Ukraine,UKR,1953,0.19005676
Ukraine,UKR,1954,0.17908087
Ukraine,UKR,1955,0.16873345
Ukraine,UKR,1956,0.15863529
Ukraine,UKR,1957,0.15007699
Ukraine,UKR,1958,0.14468533
Ukraine,UKR,1959,0.13728663
Ukraine,UKR,1960,0.13173601
Ukraine,UKR,1961,0.12667038
Ukraine,UKR,1962,0.123768106
Ukraine,UKR,1963,0.1216011
Ukraine,UKR,1964,0.119005024
Ukraine,UKR,1965,0.117139876
Ukraine,UKR,1966,0.116305955
Ukraine,UKR,1967,0.11589858
Ukraine,UKR,1968,0.115453824
Ukraine,UKR,1969,0.11545785
Ukraine,UKR,1970,0.114666104
Ukraine,UKR,1971,0.11462271
Ukraine,UKR,1972,0.11363996
Ukraine,UKR,1973,0.11435167
Ukraine,UKR,1974,0.11485704
Ukraine,UKR,1975,0.11580161
Ukraine,UKR,1976,0.11591676
Ukraine,UKR,1977,0.11593882
Ukraine,UKR,1978,0.11611179
Ukraine,UKR,1979,0.11589769
Ukraine,UKR,1980,0.11559733
Ukraine,UKR,1981,0.11498822
Ukraine,UKR,1982,0.11443304
Ukraine,UKR,1983,0.11400865
Ukraine,UKR,1984,0.11339489
Ukraine,UKR,1985,0.11244943
Ukraine,UKR,1986,0.110906385
Ukraine,UKR,1987,0.109839305
Ukraine,UKR,1988,0.10921737
Ukraine,UKR,1989,0.108906716
Ukraine,UKR,1990,0.10943033
Ukraine,UKR,1991,0.110698864
Ukraine,UKR,1992,0.112138204
Ukraine,UKR,1993,0.113616616
Ukraine,UKR,1994,0.115933925
Ukraine,UKR,1995,0.11753832
Ukraine,UKR,1996,0.11754618
Ukraine,UKR,1997,0.115142055
Ukraine,UKR,1998,0.1134621
Ukraine,UKR,1999,0.11250791
Ukraine,UKR,2000,0.11309876
Ukraine,UKR,2001,0.113277406
Ukraine,UKR,2002,0.11330597
Ukraine,UKR,2003,0.11361049
Ukraine,UKR,2004,0.11434987
Ukraine,UKR,2005,0.11469543
Ukraine,UKR,2006,0.115413785
Ukraine,UKR,2007,0.11542885
Ukraine,UKR,2008,0.11407736
Ukraine,UKR,2009,0.110823005
Ukraine,UKR,2010,0.107498825
Ukraine,UKR,2011,0.106362894
Ukraine,UKR,2012,0.1057035
Ukraine,UKR,2013,0.104959026
Ukraine,UKR,2014,0.104967065
Ukraine,UKR,2015,0.10474377
Ukraine,UKR,2016,0.105015755
Ukraine,UKR,2017,0.10502115
Ukraine,UKR,2018,0.10248503
Ukraine,UKR,2019,0.102056324
Ukraine,UKR,2020,0.10154942
Ukraine,UKR,2021,0.10189225
Ukraine,UKR,2022,0.108163096
Ukraine,UKR,2023,0.106137104
United Arab Emirates,ARE,1950,0.39272755
United Arab Emirates,ARE,1951,0.38434026
United Arab Emirates,ARE,1952,0.37608978
United Arab Emirates,ARE,1953,0.36782056
United Arab Emirates,ARE,1954,0.35945052
United Arab Emirates,ARE,1955,0.35091925
United Arab Emirates,ARE,1956,0.34324002
United Arab Emirates,ARE,1957,0.33501327
United Arab Emirates,ARE,1958,0.32627127
United Arab Emirates,ARE,1959,0.31665307
United Arab Emirates,ARE,1960,0.3066058
United Arab Emirates,ARE,1961,0.29587173
United Arab Emirates,ARE,1962,0.28507075
United Arab Emirates,ARE,1963,0.2741224
United Arab Emirates,ARE,1964,0.26322034
United Arab Emirates,ARE,1965,0.25238645
United Arab Emirates,ARE,1966,0.24067847
United Arab Emirates,ARE,1967,0.22944202
United Arab Emirates,ARE,1968,0.21842602
United Arab Emirates,ARE,1969,0.20780006
United Arab Emirates,ARE,1970,0.19770096
United Arab Emirates,ARE,1971,0.18825366
United Arab Emirates,ARE,1972,0.17951512
United Arab Emirates,ARE,1973,0.17148629
United Arab Emirates,ARE,1974,0.1641592
United Arab Emirates,ARE,1975,0.1575094
United Arab Emirates,ARE,1976,0.15150891
United Arab Emirates,ARE,1977,0.14612414
United Arab Emirates,ARE,1978,0.14130542
United Arab Emirates,ARE,1979,0.13702193
United Arab Emirates,ARE,1980,0.13322972
United Arab Emirates,ARE,1981,0.12989427
United Arab Emirates,ARE,1982,0.12698127
United Arab Emirates,ARE,1983,0.12445608
United Arab Emirates,ARE,1984,0.12229682
United Arab Emirates,ARE,1985,0.12046778
United Arab Emirates,ARE,1986,0.118941374
United Arab Emirates,ARE,1987,0.117689356
United Arab Emirates,ARE,1988,0.11670639
United Arab Emirates,ARE,1989,0.11600622
United Arab Emirates,ARE,1990,0.11560835
United Arab Emirates,ARE,1991,0.11553443
United Arab Emirates,ARE,1992,0.115815006
United Arab Emirates,ARE,1993,0.116345495
United Arab Emirates,ARE,1994,0.11670832
United Arab Emirates,ARE,1995,0.11646899
United Arab Emirates,ARE,1996,0.11508263
United Arab Emirates,ARE,1997,0.11215617
United Arab Emirates,ARE,1998,0.10750285
United Arab Emirates,ARE,1999,0.1017337
United Arab Emirates,ARE,2000,0.09562846
United Arab Emirates,ARE,2001,0.08982305
United Arab Emirates,ARE,2002,0.08472963
United Arab Emirates,ARE,2003,0.080626994
United Arab Emirates,ARE,2004,0.077463515
United Arab Emirates,ARE,2005,0.075069115
United Arab Emirates,ARE,2006,0.073304616
United Arab Emirates,ARE,2007,0.07206715
United Arab Emirates,ARE,2008,0.07128135
United Arab Emirates,ARE,2009,0.070871145
United Arab Emirates,ARE,2010,0.07069842
United Arab Emirates,ARE,2011,0.07062243
United Arab Emirates,ARE,2012,0.07051713
United Arab Emirates,ARE,2013,0.07024887
United Arab Emirates,ARE,2014,0.06972108
United Arab Emirates,ARE,2015,0.06899587
United Arab Emirates,ARE,2016,0.06817005
United Arab Emirates,ARE,2017,0.06735165
United Arab Emirates,ARE,2018,0.06663037
United Arab Emirates,ARE,2019,0.06608941
United Arab Emirates,ARE,2020,0.06727341
United Arab Emirates,ARE,2021,0.06525367
United Arab Emirates,ARE,2022,0.06251912
United Arab Emirates,ARE,2023,0.065572836
United Kingdom,GBR,1922,0.24405102
United Kingdom,GBR,1923,0.22565748
United Kingdom,GBR,1924,0.23440292
United Kingdom,GBR,1925,0.23309685
United Kingdom,GBR,1926,0.22354622
United Kingdom,GBR,1927,0.22376433
United Kingdom,GBR,1928,0.21885297
United Kingdom,GBR,1929,0.23266049
United Kingdom,GBR,1930,0.21135244
United Kingdom,GBR,1931,0.21432541
United Kingdom,GBR,1932,0.21156806
United Kingdom,GBR,1933,0.20892347
United Kingdom,GBR,1934,0.20738398
United Kingdom,GBR,1935,0.19889998
United Kingdom,GBR,1936,0.19819719
United Kingdom,GBR,1937,0.19576623
United Kingdom,GBR,1938,0.1876712
United Kingdom,GBR,1939,0.17779711
United Kingdom,GBR,1940,0.1951642
United Kingdom,GBR,1941,0.19994661
United Kingdom,GBR,1942,0.1804499
United Kingdom,GBR,1943,0.17747343
United Kingdom,GBR,1944,0.1729926
United Kingdom,GBR,1945,0.16454764
United Kingdom,GBR,1946,0.16018416
United Kingdom,GBR,1947,0.15630417
United Kingdom,GBR,1948,0.14548315
United Kingdom,GBR,1949,0.13979113
United Kingdom,GBR,1950,0.13344069
United Kingdom,GBR,1951,0.13011988
United Kingdom,GBR,1952,0.12658767
United Kingdom,GBR,1953,0.12458755
United Kingdom,GBR,1954,0.121289745
United Kingdom,GBR,1955,0.11957938
United Kingdom,GBR,1956,0.11679876
United Kingdom,GBR,1957,0.118926324
United Kingdom,GBR,1958,0.11540456
United Kingdom,GBR,1959,0.11546971
United Kingdom,GBR,1960,0.1146005
United Kingdom,GBR,1961,0.11389605
United Kingdom,GBR,1962,0.114006504
United Kingdom,GBR,1963,0.11345042
United Kingdom,GBR,1964,0.11384535
United Kingdom,GBR,1965,0.112639315
United Kingdom,GBR,1966,0.112010546
United Kingdom,GBR,1967,0.11137918
United Kingdom,GBR,1968,0.11004997
United Kingdom,GBR,1969,0.11100418
United Kingdom,GBR,1970,0.11062199
United Kingdom,GBR,1971,0.10988898
United Kingdom,GBR,1972,0.10949659
United Kingdom,GBR,1973,0.1083903
United Kingdom,GBR,1974,0.107913
United Kingdom,GBR,1975,0.1070727
United Kingdom,GBR,1976,0.10494303
United Kingdom,GBR,1977,0.10511436
United Kingdom,GBR,1978,0.10576507
United Kingdom,GBR,1979,0.1041228
United Kingdom,GBR,1980,0.10334326
United Kingdom,GBR,1981,0.101137646
United Kingdom,GBR,1982,0.100562274
United Kingdom,GBR,1983,0.099648535
United Kingdom,GBR,1984,0.099362195
United Kingdom,GBR,1985,0.09835351
United Kingdom,GBR,1986,0.097736746
United Kingdom,GBR,1987,0.098282844
United Kingdom,GBR,1988,0.097532615
United Kingdom,GBR,1989,0.096305616
United Kingdom,GBR,1990,0.09600792
United Kingdom,GBR,1991,0.09466079
United Kingdom,GBR,1992,0.09384723
United Kingdom,GBR,1993,0.09281424
United Kingdom,GBR,1994,0.09260233
United Kingdom,GBR,1995,0.09197733
United Kingdom,GBR,1996,0.09162069
United Kingdom,GBR,1997,0.090948485
United Kingdom,GBR,1998,0.090332836
United Kingdom,GBR,1999,0.08963876
United Kingdom,GBR,2000,0.08955286
United Kingdom,GBR,2001,0.08889546
United Kingdom,GBR,2002,0.08772096
United Kingdom,GBR,2003,0.087671585
United Kingdom,GBR,2004,0.08697151
United Kingdom,GBR,2005,0.08637658
United Kingdom,GBR,2006,0.08673325
United Kingdom,GBR,2007,0.085895225
United Kingdom,GBR,2008,0.0855021
United Kingdom,GBR,2009,0.08526085
United Kingdom,GBR,2010,0.08459864
United Kingdom,GBR,2011,0.08387823
United Kingdom,GBR,2012,0.08245316
United Kingdom,GBR,2013,0.08205697
United Kingdom,GBR,2014,0.08266666
United Kingdom,GBR,2015,0.08161731
United Kingdom,GBR,2016,0.08290994
United Kingdom,GBR,2017,0.081718765
United Kingdom,GBR,2018,0.08229302
United Kingdom,GBR,2019,0.08262834
United Kingdom,GBR,2020,0.082733236
United Kingdom,GBR,2021,0.083996214
United Kingdom,GBR,2022,0.0835201
United Kingdom,GBR,2023,0.0826309
United States,USA,1933,0.20596547
United States,USA,1934,0.21142732
United States,USA,1935,0.2039367
United States,USA,1936,0.20382048
United States,USA,1937,0.19984008
United States,USA,1938,0.19165848
United States,USA,1939,0.18262772
United States,USA,1940,0.17912924
United States,USA,1941,0.17683922
United States,USA,1942,0.17035052
United States,USA,1943,0.16737185
United States,USA,1944,0.16462277
United States,USA,1945,0.16123143
United States,USA,1946,0.15881516
United States,USA,1947,0.14979473
United States,USA,1948,0.14682984
United States,USA,1949,0.14465576
United States,USA,1950,0.14084858
United States,USA,1951,0.13978137
United States,USA,1952,0.13935554
United States,USA,1953,0.13567054
United States,USA,1954,0.13272797
United States,USA,1955,0.13052084
United States,USA,1956,0.12962505
United States,USA,1957,0.13043809
United States,USA,1958,0.12908702
United States,USA,1959,0.12789226
United States,USA,1960,0.12763779
United States,USA,1961,0.12615535
United States,USA,1962,0.12611529
United States,USA,1963,0.12634222
United States,USA,1964,0.12653592
United States,USA,1965,0.12575568
United States,USA,1966,0.12533152
United States,USA,1967,0.12422713
United States,USA,1968,0.124611326
United States,USA,1969,0.12406509
United States,USA,1970,0.12410853
United States,USA,1971,0.12179155
United States,USA,1972,0.12044715
United States,USA,1973,0.119421996
United States,USA,1974,0.117689535
United States,USA,1975,0.116539426
United States,USA,1976,0.11483627
United States,USA,1977,0.11408892
United States,USA,1978,0.1132323
United States,USA,1979,0.111930676
United States,USA,1980,0.11113092
United States,USA,1981,0.11019716
United States,USA,1982,0.109181084
United States,USA,1983,0.108021006
United States,USA,1984,0.10782192
United States,USA,1985,0.107049726
United States,USA,1986,0.10706945
United States,USA,1987,0.10675838
United States,USA,1988,0.106597975
United States,USA,1989,0.10665622
United States,USA,1990,0.10569983
United States,USA,1991,0.10527961
United States,USA,1992,0.104554445
United States,USA,1993,0.10423541
United States,USA,1994,0.10385647
United States,USA,1995,0.103222415
United States,USA,1996,0.10216789
United States,USA,1997,0.101013355
United States,USA,1998,0.10025592
United States,USA,1999,0.099530205
United States,USA,2000,0.09910159
United States,USA,2001,0.09900293
United States,USA,2002,0.0987449
United States,USA,2003,0.09866009
United States,USA,2004,0.09844892
United States,USA,2005,0.09805772
United States,USA,2006,0.09808667
United States,USA,2007,0.0976885
United States,USA,2008,0.096817754
United States,USA,2009,0.097200625
United States,USA,2010,0.095811166
United States,USA,2011,0.095678926
United States,USA,2012,0.09551003
United States,USA,2013,0.095540896
United States,USA,2014,0.09614507
United States,USA,2015,0.09649004
United States,USA,2016,0.09775691
United States,USA,2017,0.09745425
United States,USA,2018,0.096848436
United States,USA,2019,0.09676098
United States,USA,2020,0.10002163
United States,USA,2021,0.10588723
United States,USA,2022,0.10028772
United States,USA,2023,0.09576612
United States Virgin Islands,VIR,1950,0.21152827
United States Virgin Islands,VIR,1951,0.2339282
United States Virgin Islands,VIR,1952,0.2057674
United States Virgin Islands,VIR,1953,0.17309034
United States Virgin Islands,VIR,1954,0.17398024
United States Virgin Islands,VIR,1955,0.16758905
United States Virgin Islands,VIR,1956,0.19297066
United States Virgin Islands,VIR,1957,0.18563621
United States Virgin Islands,VIR,1958,0.15656377
United States Virgin Islands,VIR,1959,0.18142515
United States Virgin Islands,VIR,1960,0.1702319
United States Virgin Islands,VIR,1961,0.16979894
United States Virgin Islands,VIR,1962,0.17765483
United States Virgin Islands,VIR,1963,0.1874905
United States Virgin Islands,VIR,1964,0.1656281
United States Virgin Islands,VIR,1965,0.14797316
United States Virgin Islands,VIR,1966,0.16685508
United States Virgin Islands,VIR,1967,0.1595578
United States Virgin Islands,VIR,1968,0.15214406
United States Virgin Islands,VIR,1969,0.1457166
United States Virgin Islands,VIR,1970,0.13957551
United States Virgin Islands,VIR,1971,0.13436492
United States Virgin Islands,VIR,1972,0.15006343
United States Virgin Islands,VIR,1973,0.13046217
United States Virgin Islands,VIR,1974,0.1292932
United States Virgin Islands,VIR,1975,0.12804319
United States Virgin Islands,VIR,1976,0.12705445
United States Virgin Islands,VIR,1977,0.1261384
United States Virgin Islands,VIR,1978,0.12526494
United States Virgin Islands,VIR,1979,0.12436678
United States Virgin Islands,VIR,1980,0.12232845
United States Virgin Islands,VIR,1981,0.12113465
United States Virgin Islands,VIR,1982,0.11990035
United States Virgin Islands,VIR,1983,0.1185204
United States Virgin Islands,VIR,1984,0.11712016
United States Virgin Islands,VIR,1985,0.116400294
United States Virgin Islands,VIR,1986,0.11455007
United States Virgin Islands,VIR,1987,0.11315496
United States Virgin Islands,VIR,1988,0.11160049
United States Virgin Islands,VIR,1989,0.11062056
United States Virgin Islands,VIR,1990,0.10973309
United States Virgin Islands,VIR,1991,0.10878148
United States Virgin Islands,VIR,1992,0.10787533
United States Virgin Islands,VIR,1993,0.10714308
United States Virgin Islands,VIR,1994,0.10634989
United States Virgin Islands,VIR,1995,0.107916094
United States Virgin Islands,VIR,1996,0.10484432
United States Virgin Islands,VIR,1997,0.1047938
United States Virgin Islands,VIR,1998,0.10464472
United States Virgin Islands,VIR,1999,0.10431105
United States Virgin Islands,VIR,2000,0.1004939
United States Virgin Islands,VIR,2001,0.10033361
United States Virgin Islands,VIR,2002,0.10017927
United States Virgin Islands,VIR,2003,0.10220067
United States Virgin Islands,VIR,2004,0.102134645
United States Virgin Islands,VIR,2005,0.10048032
United States Virgin Islands,VIR,2006,0.099055946
United States Virgin Islands,VIR,2007,0.098089114
United States Virgin Islands,VIR,2008,0.09715248
United States Virgin Islands,VIR,2009,0.09554361
United States Virgin Islands,VIR,2010,0.09386098
United States Virgin Islands,VIR,2011,0.09287326
United States Virgin Islands,VIR,2012,0.09156627
United States Virgin Islands,VIR,2013,0.09029388
United States Virgin Islands,VIR,2014,0.089190595
United States Virgin Islands,VIR,2015,0.08819709
United States Virgin Islands,VIR,2016,0.08724227
United States Virgin Islands,VIR,2017,0.08847317
United States Virgin Islands,VIR,2018,0.08580622
United States Virgin Islands,VIR,2019,0.08531674
United States Virgin Islands,VIR,2020,0.08507229
United States Virgin Islands,VIR,2021,0.08561068
United States Virgin Islands,VIR,2022,0.08462436
United States Virgin Islands,VIR,2023,0.08368856
Upper-middle-income countries,OWID_UMC,1950,0.35481155
Upper-middle-income countries,OWID_UMC,1951,0.34913063
Upper-middle-income countries,OWID_UMC,1952,0.33975506
Upper-middle-income countries,OWID_UMC,1953,0.33465147
Upper-middle-income countries,OWID_UMC,1954,0.3263991
Upper-middle-income countries,OWID_UMC,1955,0.3191162
Upper-middle-income countries,OWID_UMC,1956,0.31127673
Upper-middle-income countries,OWID_UMC,1957,0.30580267
Upper-middle-income countries,OWID_UMC,1958,0.30009532
Upper-middle-income countries,OWID_UMC,1959,0.3549805
Upper-middle-income countries,OWID_UMC,1960,0.3998872
Upper-middle-income countries,OWID_UMC,1961,0.34637734
Upper-middle-income countries,OWID_UMC,1962,0.27823678
Upper-middle-income countries,OWID_UMC,1963,0.27273163
Upper-middle-income countries,OWID_UMC,1964,0.26718974
Upper-middle-income countries,OWID_UMC,1965,0.26612738
Upper-middle-income countries,OWID_UMC,1966,0.25917727
Upper-middle-income countries,OWID_UMC,1967,0.2523917
Upper-middle-income countries,OWID_UMC,1968,0.24729106
Upper-middle-income countries,OWID_UMC,1969,0.24194947
Upper-middle-income countries,OWID_UMC,1970,0.23733187
Upper-middle-income countries,OWID_UMC,1971,0.23055455
Upper-middle-income countries,OWID_UMC,1972,0.22485335
Upper-middle-income countries,OWID_UMC,1973,0.21904019
Upper-middle-income countries,OWID_UMC,1974,0.21369201
Upper-middle-income countries,OWID_UMC,1975,0.20863487
Upper-middle-income countries,OWID_UMC,1976,0.20698613
Upper-middle-income countries,OWID_UMC,1977,0.19843477
Upper-middle-income countries,OWID_UMC,1978,0.19392467
Upper-middle-income countries,OWID_UMC,1979,0.18940878
Upper-middle-income countries,OWID_UMC,1980,0.1852407
Upper-middle-income countries,OWID_UMC,1981,0.18115906
Upper-middle-income countries,OWID_UMC,1982,0.17715943
Upper-middle-income countries,OWID_UMC,1983,0.17333035
Upper-middle-income countries,OWID_UMC,1984,0.16999577
Upper-middle-income countries,OWID_UMC,1985,0.16697314
Upper-middle-income countries,OWID_UMC,1986,0.1636511
Upper-middle-income countries,OWID_UMC,1987,0.1608324
Upper-middle-income countries,OWID_UMC,1988,0.159191
Upper-middle-income countries,OWID_UMC,1989,0.15704307
Upper-middle-income countries,OWID_UMC,1990,0.15509844
Upper-middle-income countries,OWID_UMC,1991,0.15285772
Upper-middle-income countries,OWID_UMC,1992,0.15078299
Upper-middle-income countries,OWID_UMC,1993,0.14868848
Upper-middle-income countries,OWID_UMC,1994,0.14680596
Upper-middle-income countries,OWID_UMC,1995,0.14456052
Upper-middle-income countries,OWID_UMC,1996,0.14214231
Upper-middle-income countries,OWID_UMC,1997,0.13987717
Upper-middle-income countries,OWID_UMC,1998,0.1377798
Upper-middle-income countries,OWID_UMC,1999,0.1364448
Upper-middle-income countries,OWID_UMC,2000,0.13428567
Upper-middle-income countries,OWID_UMC,2001,0.13256569
Upper-middle-income countries,OWID_UMC,2002,0.13081507
Upper-middle-income countries,OWID_UMC,2003,0.12914675
Upper-middle-income countries,OWID_UMC,2004,0.12983277
Upper-middle-income countries,OWID_UMC,2005,0.12554964
Upper-middle-income countries,OWID_UMC,2006,0.12327174
Upper-middle-income countries,OWID_UMC,2007,0.120921865
Upper-middle-income countries,OWID_UMC,2008,0.119760476
Upper-middle-income countries,OWID_UMC,2009,0.116836324
Upper-middle-income countries,OWID_UMC,2010,0.1152495
Upper-middle-income countries,OWID_UMC,2011,0.11285683
Upper-middle-income countries,OWID_UMC,2012,0.11098415
Upper-middle-income countries,OWID_UMC,2013,0.1094012
Upper-middle-income countries,OWID_UMC,2014,0.10793555
Upper-middle-income countries,OWID_UMC,2015,0.10667973
Upper-middle-income countries,OWID_UMC,2016,0.105499886
Upper-middle-income countries,OWID_UMC,2017,0.10410656
Upper-middle-income countries,OWID_UMC,2018,0.103433356
Upper-middle-income countries,OWID_UMC,2019,0.10283228
Upper-middle-income countries,OWID_UMC,2020,0.10378267
Upper-middle-income countries,OWID_UMC,2021,0.10640672
Upper-middle-income countries,OWID_UMC,2022,0.10209085
Upper-middle-income countries,OWID_UMC,2023,0.101590216
Uruguay,URY,1950,0.16631784
Uruguay,URY,1951,0.16421004
Uruguay,URY,1952,0.16291283
Uruguay,URY,1953,0.16141793
Uruguay,URY,1954,0.15986747
Uruguay,URY,1955,0.15832081
Uruguay,URY,1956,0.15677819
Uruguay,URY,1957,0.15527034
Uruguay,URY,1958,0.15376449
Uruguay,URY,1959,0.15237822
Uruguay,URY,1960,0.1517546
Uruguay,URY,1961,0.15135017
Uruguay,URY,1962,0.15105157
Uruguay,URY,1963,0.15021597
Uruguay,URY,1964,0.1494079
Uruguay,URY,1965,0.14860263
Uruguay,URY,1966,0.14779848
Uruguay,URY,1967,0.14704534
Uruguay,URY,1968,0.14615165
Uruguay,URY,1969,0.14537147
Uruguay,URY,1970,0.14473791
Uruguay,URY,1971,0.14384493
Uruguay,URY,1972,0.1426486
Uruguay,URY,1973,0.14107513
Uruguay,URY,1974,0.13956128
Uruguay,URY,1975,0.13807563
Uruguay,URY,1976,0.1366025
Uruguay,URY,1977,0.13501321
Uruguay,URY,1978,0.13365829
Uruguay,URY,1979,0.13281193
Uruguay,URY,1980,0.1320897
Uruguay,URY,1981,0.12917076
Uruguay,URY,1982,0.12513523
Uruguay,URY,1983,0.12262195
Uruguay,URY,1984,0.12177395
Uruguay,URY,1985,0.12320674
Uruguay,URY,1986,0.121576644
Uruguay,URY,1987,0.11965689
Uruguay,URY,1988,0.11653879
Uruguay,URY,1989,0.11520842
Uruguay,URY,1990,0.115749724
Uruguay,URY,1991,0.11489303
Uruguay,URY,1992,0.114615895
Uruguay,URY,1993,0.11357937
Uruguay,URY,1994,0.11333989
Uruguay,URY,1995,0.112693235
Uruguay,URY,1996,0.11228223
Uruguay,URY,1997,0.11219622
Uruguay,URY,1998,0.110409416
Uruguay,URY,1999,0.10885077
Uruguay,URY,2000,0.1077449
Uruguay,URY,2001,0.108226344
Uruguay,URY,2002,0.10879008
Uruguay,URY,2003,0.108161815
Uruguay,URY,2004,0.10768371
Uruguay,URY,2005,0.105877906
Uruguay,URY,2006,0.1053213
Uruguay,URY,2007,0.10511206
Uruguay,URY,2008,0.10507545
Uruguay,URY,2009,0.10399761
Uruguay,URY,2010,0.102974355
Uruguay,URY,2011,0.10205941
Uruguay,URY,2012,0.10275451
Uruguay,URY,2013,0.102348424
Uruguay,URY,2014,0.10254148
Uruguay,URY,2015,0.10178425
Uruguay,URY,2016,0.102109686
Uruguay,URY,2017,0.10280659
Uruguay,URY,2018,0.104751565
Uruguay,URY,2019,0.104108214
Uruguay,URY,2020,0.10440481
Uruguay,URY,2021,0.10698118
Uruguay,URY,2022,0.107011035
Uruguay,URY,2023,0.10273114
Uzbekistan,UZB,1950,0.28795338
Uzbekistan,UZB,1951,0.2846096
Uzbekistan,UZB,1952,0.28123796
Uzbekistan,UZB,1953,0.27785507
Uzbekistan,UZB,1954,0.27443436
Uzbekistan,UZB,1955,0.27090624
Uzbekistan,UZB,1956,0.26727942
Uzbekistan,UZB,1957,0.26357192
Uzbekistan,UZB,1958,0.25973755
Uzbekistan,UZB,1959,0.25590292
Uzbekistan,UZB,1960,0.25204864
Uzbekistan,UZB,1961,0.2482941
Uzbekistan,UZB,1962,0.24447165
Uzbekistan,UZB,1963,0.24058041
Uzbekistan,UZB,1964,0.23659813
Uzbekistan,UZB,1965,0.23264098
Uzbekistan,UZB,1966,0.22869922
Uzbekistan,UZB,1967,0.22476655
Uzbekistan,UZB,1968,0.22090408
Uzbekistan,UZB,1969,0.21706206
Uzbekistan,UZB,1970,0.21318474
Uzbekistan,UZB,1971,0.20944785
Uzbekistan,UZB,1972,0.2059231
Uzbekistan,UZB,1973,0.20268442
Uzbekistan,UZB,1974,0.19960071
Uzbekistan,UZB,1975,0.19666122
Uzbekistan,UZB,1976,0.19386065
Uzbekistan,UZB,1977,0.19107252
Uzbekistan,UZB,1978,0.18841434
Uzbekistan,UZB,1979,0.18571958
Uzbekistan,UZB,1980,0.18306407
Uzbekistan,UZB,1981,0.18083277
Uzbekistan,UZB,1982,0.17856161
Uzbekistan,UZB,1983,0.17610691
Uzbekistan,UZB,1984,0.1728371
Uzbekistan,UZB,1985,0.16926152
Uzbekistan,UZB,1986,0.16589515
Uzbekistan,UZB,1987,0.16274543
Uzbekistan,UZB,1988,0.16053912
Uzbekistan,UZB,1989,0.15922566
Uzbekistan,UZB,1990,0.15861347
Uzbekistan,UZB,1991,0.15815844
Uzbekistan,UZB,1992,0.1597469
Uzbekistan,UZB,1993,0.16176587
Uzbekistan,UZB,1994,0.16390677
Uzbekistan,UZB,1995,0.16270503
Uzbekistan,UZB,1996,0.16088688
Uzbekistan,UZB,1997,0.1593733
Uzbekistan,UZB,1998,0.15903005
Uzbekistan,UZB,1999,0.15782946
Uzbekistan,UZB,2000,0.15556477
Uzbekistan,UZB,2001,0.15244696
Uzbekistan,UZB,2002,0.14855133
Uzbekistan,UZB,2003,0.145411
Uzbekistan,UZB,2004,0.14243378
Uzbekistan,UZB,2005,0.14019056
Uzbekistan,UZB,2006,0.1367651
Uzbekistan,UZB,2007,0.13240944
Uzbekistan,UZB,2008,0.12907875
Uzbekistan,UZB,2009,0.12644345
Uzbekistan,UZB,2010,0.12519643
Uzbekistan,UZB,2011,0.12342189
Uzbekistan,UZB,2012,0.1216818
Uzbekistan,UZB,2013,0.119974196
Uzbekistan,UZB,2014,0.11840469
Uzbekistan,UZB,2015,0.1170888
Uzbekistan,UZB,2016,0.11586022
Uzbekistan,UZB,2017,0.11465997
Uzbekistan,UZB,2018,0.11271381
Uzbekistan,UZB,2019,0.11187327
Uzbekistan,UZB,2020,0.10987554
Uzbekistan,UZB,2021,0.11151612
Uzbekistan,UZB,2022,0.1158356
Uzbekistan,UZB,2023,0.10714637
Vanuatu,VUT,1950,0.37372354
Vanuatu,VUT,1951,0.39452177
Vanuatu,VUT,1952,0.36043593
Vanuatu,VUT,1953,0.35450542
Vanuatu,VUT,1954,0.34840822
Vanuatu,VUT,1955,0.34230697
Vanuatu,VUT,1956,0.3366663
Vanuatu,VUT,1957,0.33160362
Vanuatu,VUT,1958,0.32631806
Vanuatu,VUT,1959,0.32086912
Vanuatu,VUT,1960,0.31544885
Vanuatu,VUT,1961,0.3098605
Vanuatu,VUT,1962,0.30400434
Vanuatu,VUT,1963,0.2979571
Vanuatu,VUT,1964,0.29142758
Vanuatu,VUT,1965,0.28523043
Vanuatu,VUT,1966,0.27904087
Vanuatu,VUT,1967,0.2728951
Vanuatu,VUT,1968,0.26693606
Vanuatu,VUT,1969,0.26141733
Vanuatu,VUT,1970,0.25563905
Vanuatu,VUT,1971,0.24989133
Vanuatu,VUT,1972,0.24497601
Vanuatu,VUT,1973,0.23849411
Vanuatu,VUT,1974,0.23298697
Vanuatu,VUT,1975,0.22740063
Vanuatu,VUT,1976,0.22190624
Vanuatu,VUT,1977,0.21593118
Vanuatu,VUT,1978,0.20932418
Vanuatu,VUT,1979,0.19983763
Vanuatu,VUT,1980,0.19385019
Vanuatu,VUT,1981,0.18798266
Vanuatu,VUT,1982,0.1822491
Vanuatu,VUT,1983,0.17644982
Vanuatu,VUT,1984,0.17123704
Vanuatu,VUT,1985,0.16738786
Vanuatu,VUT,1986,0.1605946
Vanuatu,VUT,1987,0.16526192
Vanuatu,VUT,1988,0.15208033
Vanuatu,VUT,1989,0.14974128
Vanuatu,VUT,1990,0.14425977
Vanuatu,VUT,1991,0.141245
Vanuatu,VUT,1992,0.13894548
Vanuatu,VUT,1993,0.13749571
Vanuatu,VUT,1994,0.13515885
Vanuatu,VUT,1995,0.13491741
Vanuatu,VUT,1996,0.1347575
Vanuatu,VUT,1997,0.13514668
Vanuatu,VUT,1998,0.13530488
Vanuatu,VUT,1999,0.14203651
Vanuatu,VUT,2000,0.13483986
Vanuatu,VUT,2001,0.13456886
Vanuatu,VUT,2002,0.13392718
Vanuatu,VUT,2003,0.1337733
Vanuatu,VUT,2004,0.13404217
Vanuatu,VUT,2005,0.13255607
Vanuatu,VUT,2006,0.13196264
Vanuatu,VUT,2007,0.13061304
Vanuatu,VUT,2008,0.12916519
Vanuatu,VUT,2009,0.12822685
Vanuatu,VUT,2010,0.12730221
Vanuatu,VUT,2011,0.12639102
Vanuatu,VUT,2012,0.12534359
Vanuatu,VUT,2013,0.12514122
Vanuatu,VUT,2014,0.12593544
Vanuatu,VUT,2015,0.1254388
Vanuatu,VUT,2016,0.12423818
Vanuatu,VUT,2017,0.12415648
Vanuatu,VUT,2018,0.123471715
Vanuatu,VUT,2019,0.12261099
Vanuatu,VUT,2020,0.12142882
Vanuatu,VUT,2021,0.12378264
Vanuatu,VUT,2022,0.12022618
Vanuatu,VUT,2023,0.11929203
Vatican,VAT,1950,0.16783021
Vatican,VAT,1951,0.17281947
Vatican,VAT,1952,0.16827177
Vatican,VAT,1953,0.16273922
Vatican,VAT,1954,0.14994173
Vatican,VAT,1955,0.14641742
Vatican,VAT,1956,0.15007418
Vatican,VAT,1957,0.1468972
Vatican,VAT,1958,0.13719673
Vatican,VAT,1959,0.13312158
Vatican,VAT,1960,0.13249135
Vatican,VAT,1961,0.12669167
Vatican,VAT,1962,0.13100088
Vatican,VAT,1963,0.12965047
Vatican,VAT,1964,0.122476555
Vatican,VAT,1965,0.1231244
Vatican,VAT,1966,0.11876408
Vatican,VAT,1967,0.11876164
Vatican,VAT,1968,0.11943002
Vatican,VAT,1969,0.11867859
Vatican,VAT,1970,0.11481985
Vatican,VAT,1971,0.11287077
Vatican,VAT,1972,0.11134135
Vatican,VAT,1973,0.11171509
Vatican,VAT,1974,0.107750565
Vatican,VAT,1975,0.107614264
Vatican,VAT,1976,0.105927885
Vatican,VAT,1977,0.10394819
Vatican,VAT,1978,0.1019019
Vatican,VAT,1979,0.10067885
Vatican,VAT,1980,0.10017289
Vatican,VAT,1981,0.099555455
Vatican,VAT,1982,0.09812721
Vatican,VAT,1983,0.098555
Vatican,VAT,1984,0.09731405
Vatican,VAT,1985,0.09613345
Vatican,VAT,1986,0.09521129
Vatican,VAT,1987,0.09377648
Vatican,VAT,1988,0.09338695
Vatican,VAT,1989,0.09201895
Vatican,VAT,1990,0.091729864
Vatican,VAT,1991,0.09149499
Vatican,VAT,1992,0.090321615
Vatican,VAT,1993,0.09141107
Vatican,VAT,1994,0.089431755
Vatican,VAT,1995,0.08885738
Vatican,VAT,1996,0.08709422
Vatican,VAT,1997,0.088521644
Vatican,VAT,1998,0.08768237
Vatican,VAT,1999,0.086958356
Vatican,VAT,2000,0.08621085
Vatican,VAT,2001,0.084457025
Vatican,VAT,2002,0.08430939
Vatican,VAT,2003,0.08483113
Vatican,VAT,2004,0.083881535
Vatican,VAT,2005,0.0828046
Vatican,VAT,2006,0.08118279
Vatican,VAT,2007,0.08133736
Vatican,VAT,2008,0.08113682
Vatican,VAT,2009,0.08165676
Vatican,VAT,2010,0.08104776
Vatican,VAT,2011,0.08077118
Vatican,VAT,2012,0.080058984
Vatican,VAT,2013,0.07860148
Vatican,VAT,2014,0.07836868
Vatican,VAT,2015,0.07907456
Vatican,VAT,2016,0.0781399
Vatican,VAT,2017,0.07846357
Vatican,VAT,2018,0.07706176
Vatican,VAT,2019,0.07626981
Vatican,VAT,2020,0.077425174
Vatican,VAT,2021,0.07773834
Vatican,VAT,2022,0.076772265
Vatican,VAT,2023,0.07748162
Venezuela,VEN,1950,0.28600216
Venezuela,VEN,1951,0.27974483
Venezuela,VEN,1952,0.27394024
Venezuela,VEN,1953,0.2682704
Venezuela,VEN,1954,0.26240313
Venezuela,VEN,1955,0.25660515
Venezuela,VEN,1956,0.25068724
Venezuela,VEN,1957,0.24483928
Venezuela,VEN,1958,0.2390349
Venezuela,VEN,1959,0.23307621
Venezuela,VEN,1960,0.22749586
Venezuela,VEN,1961,0.22183986
Venezuela,VEN,1962,0.21655636
Venezuela,VEN,1963,0.21094733
Venezuela,VEN,1964,0.20541273
Venezuela,VEN,1965,0.19999701
Venezuela,VEN,1966,0.19183011
Venezuela,VEN,1967,0.18845515
Venezuela,VEN,1968,0.18348962
Venezuela,VEN,1969,0.18431017
Venezuela,VEN,1970,0.17476483
Venezuela,VEN,1971,0.1695808
Venezuela,VEN,1972,0.165353
Venezuela,VEN,1973,0.16209906
Venezuela,VEN,1974,0.15694946
Venezuela,VEN,1975,0.15503904
Venezuela,VEN,1976,0.15118472
Venezuela,VEN,1977,0.14759685
Venezuela,VEN,1978,0.14514434
Venezuela,VEN,1979,0.14257422
Venezuela,VEN,1980,0.14046904
Venezuela,VEN,1981,0.13835303
Venezuela,VEN,1982,0.13577801
Venezuela,VEN,1983,0.13308561
Venezuela,VEN,1984,0.13129467
Venezuela,VEN,1985,0.12975003
Venezuela,VEN,1986,0.1269086
Venezuela,VEN,1987,0.1269713
Venezuela,VEN,1988,0.12564482
Venezuela,VEN,1989,0.12424079
Venezuela,VEN,1990,0.123960614
Venezuela,VEN,1991,0.12185639
Venezuela,VEN,1992,0.12132218
Venezuela,VEN,1993,0.12011626
Venezuela,VEN,1994,0.12015003
Venezuela,VEN,1995,0.118788585
Venezuela,VEN,1996,0.11840333
Venezuela,VEN,1997,0.11527413
Venezuela,VEN,1998,0.11392628
Venezuela,VEN,1999,0.11560537
Venezuela,VEN,2000,0.11193075
Venezuela,VEN,2001,0.11545572
Venezuela,VEN,2002,0.10873835
Venezuela,VEN,2003,0.11201629
Venezuela,VEN,2004,0.10930999
Venezuela,VEN,2005,0.108108796
Venezuela,VEN,2006,0.10767723
Venezuela,VEN,2007,0.10431834
Venezuela,VEN,2008,0.10766774
Venezuela,VEN,2009,0.10730382
Venezuela,VEN,2010,0.10659355
Venezuela,VEN,2011,0.104183204
Venezuela,VEN,2012,0.105256885
Venezuela,VEN,2013,0.1063966
Venezuela,VEN,2014,0.10735662
Venezuela,VEN,2015,0.10702872
Venezuela,VEN,2016,0.110791735
Venezuela,VEN,2017,0.11448541
Venezuela,VEN,2018,0.11367785
Venezuela,VEN,2019,0.11244317
Venezuela,VEN,2020,0.112604335
Venezuela,VEN,2021,0.11524674
Venezuela,VEN,2022,0.113410264
Venezuela,VEN,2023,0.11353781
Vietnam,VNM,1950,0.30977282
Vietnam,VNM,1951,0.30266118
Vietnam,VNM,1952,0.29530075
Vietnam,VNM,1953,0.28949943
Vietnam,VNM,1954,0.28644684
Vietnam,VNM,1955,0.26828235
Vietnam,VNM,1956,0.2609021
Vietnam,VNM,1957,0.25433043
Vietnam,VNM,1958,0.24765153
Vietnam,VNM,1959,0.24146497
Vietnam,VNM,1960,0.23461233
Vietnam,VNM,1961,0.22962567
Vietnam,VNM,1962,0.22839536
Vietnam,VNM,1963,0.23325202
Vietnam,VNM,1964,0.23056377
Vietnam,VNM,1965,0.22930379
Vietnam,VNM,1966,0.22811927
Vietnam,VNM,1967,0.22813258
Vietnam,VNM,1968,0.2506855
Vietnam,VNM,1969,0.23721755
Vietnam,VNM,1970,0.23567733
Vietnam,VNM,1971,0.2311186
Vietnam,VNM,1972,0.25213864
Vietnam,VNM,1973,0.22882767
Vietnam,VNM,1974,0.23334351
Vietnam,VNM,1975,0.19093454
Vietnam,VNM,1976,0.1795291
Vietnam,VNM,1977,0.1758613
Vietnam,VNM,1978,0.17182182
Vietnam,VNM,1979,0.16771966
Vietnam,VNM,1980,0.16488387
Vietnam,VNM,1981,0.16205452
Vietnam,VNM,1982,0.15992862
Vietnam,VNM,1983,0.15837662
Vietnam,VNM,1984,0.15605424
Vietnam,VNM,1985,0.15409876
Vietnam,VNM,1986,0.15147369
Vietnam,VNM,1987,0.1486245
Vietnam,VNM,1988,0.14599493
Vietnam,VNM,1989,0.14422405
Vietnam,VNM,1990,0.14154841
Vietnam,VNM,1991,0.13937409
Vietnam,VNM,1992,0.13730353
Vietnam,VNM,1993,0.13515632
Vietnam,VNM,1994,0.133078
Vietnam,VNM,1995,0.12973455
Vietnam,VNM,1996,0.12730587
Vietnam,VNM,1997,0.12556186
Vietnam,VNM,1998,0.1211539
Vietnam,VNM,1999,0.11862283
Vietnam,VNM,2000,0.1170673
Vietnam,VNM,2001,0.11528698
Vietnam,VNM,2002,0.11372051
Vietnam,VNM,2003,0.11272893
Vietnam,VNM,2004,0.11316341
Vietnam,VNM,2005,0.11242977
Vietnam,VNM,2006,0.1119288
Vietnam,VNM,2007,0.111304164
Vietnam,VNM,2008,0.11093409
Vietnam,VNM,2009,0.110577084
Vietnam,VNM,2010,0.110105135
Vietnam,VNM,2011,0.10978639
Vietnam,VNM,2012,0.10955711
Vietnam,VNM,2013,0.10932453
Vietnam,VNM,2014,0.108983725
Vietnam,VNM,2015,0.10863211
Vietnam,VNM,2016,0.108405866
Vietnam,VNM,2017,0.10824863
Vietnam,VNM,2018,0.107918106
Vietnam,VNM,2019,0.107523784
Vietnam,VNM,2020,0.1058103
Vietnam,VNM,2021,0.10595773
Vietnam,VNM,2022,0.106570795
Vietnam,VNM,2023,0.106300175
Wallis and Futuna,WLF,1950,0.35069737
Wallis and Futuna,WLF,1951,0.34959477
Wallis and Futuna,WLF,1952,0.34827527
Wallis and Futuna,WLF,1953,0.345776
Wallis and Futuna,WLF,1954,0.34280124
Wallis and Futuna,WLF,1955,0.33937445
Wallis and Futuna,WLF,1956,0.33582568
Wallis and Futuna,WLF,1957,0.33221698
Wallis and Futuna,WLF,1958,0.32854733
Wallis and Futuna,WLF,1959,0.32481593
Wallis and Futuna,WLF,1960,0.32093707
Wallis and Futuna,WLF,1961,0.31690508
Wallis and Futuna,WLF,1962,0.31280556
Wallis and Futuna,WLF,1963,0.3086387
Wallis and Futuna,WLF,1964,0.304405
Wallis and Futuna,WLF,1965,0.30000007
Wallis and Futuna,WLF,1966,0.29533222
Wallis and Futuna,WLF,1967,0.29059222
Wallis and Futuna,WLF,1968,0.28578255
Wallis and Futuna,WLF,1969,0.2809059
Wallis and Futuna,WLF,1970,0.27574903
Wallis and Futuna,WLF,1971,0.27052176
Wallis and Futuna,WLF,1972,0.26523376
Wallis and Futuna,WLF,1973,0.25987914
Wallis and Futuna,WLF,1974,0.25397488
Wallis and Futuna,WLF,1975,0.24803147
Wallis and Futuna,WLF,1976,0.24205665
Wallis and Futuna,WLF,1977,0.2355811
Wallis and Futuna,WLF,1978,0.22882311
Wallis and Futuna,WLF,1979,0.22212234
Wallis and Futuna,WLF,1980,0.21523996
Wallis and Futuna,WLF,1981,0.20842361
Wallis and Futuna,WLF,1982,0.20181344
Wallis and Futuna,WLF,1983,0.19477119
Wallis and Futuna,WLF,1984,0.18749048
Wallis and Futuna,WLF,1985,0.18022119
Wallis and Futuna,WLF,1986,0.17438774
Wallis and Futuna,WLF,1987,0.16523787
Wallis and Futuna,WLF,1988,0.15835378
Wallis and Futuna,WLF,1989,0.15263905
Wallis and Futuna,WLF,1990,0.14791366
Wallis and Futuna,WLF,1991,0.14499041
Wallis and Futuna,WLF,1992,0.1419187
Wallis and Futuna,WLF,1993,0.14799738
Wallis and Futuna,WLF,1994,0.13612692
Wallis and Futuna,WLF,1995,0.13290793
Wallis and Futuna,WLF,1996,0.12895684
Wallis and Futuna,WLF,1997,0.12535869
Wallis and Futuna,WLF,1998,0.122270495
Wallis and Futuna,WLF,1999,0.11914281
Wallis and Futuna,WLF,2000,0.11683244
Wallis and Futuna,WLF,2001,0.11522833
Wallis and Futuna,WLF,2002,0.11423869
Wallis and Futuna,WLF,2003,0.11334449
Wallis and Futuna,WLF,2004,0.11262198
Wallis and Futuna,WLF,2005,0.112009674
Wallis and Futuna,WLF,2006,0.11128703
Wallis and Futuna,WLF,2007,0.11043383
Wallis and Futuna,WLF,2008,0.109770685
Wallis and Futuna,WLF,2009,0.109372206
Wallis and Futuna,WLF,2010,0.10901925
Wallis and Futuna,WLF,2011,0.10889705
Wallis and Futuna,WLF,2012,0.10888266
Wallis and Futuna,WLF,2013,0.10894653
Wallis and Futuna,WLF,2014,0.108938426
Wallis and Futuna,WLF,2015,0.10880383
Wallis and Futuna,WLF,2016,0.10858002
Wallis and Futuna,WLF,2017,0.108354054
Wallis and Futuna,WLF,2018,0.107893735
Wallis and Futuna,WLF,2019,0.10710524
Wallis and Futuna,WLF,2020,0.10651353
Wallis and Futuna,WLF,2021,0.107869774
Wallis and Futuna,WLF,2022,0.10541336
Wallis and Futuna,WLF,2023,0.10500389
Western Sahara,ESH,1950,0.46868145
Western Sahara,ESH,1951,0.46495163
Western Sahara,ESH,1952,0.4612631
Western Sahara,ESH,1953,0.45758227
Western Sahara,ESH,1954,0.45362103
Western Sahara,ESH,1955,0.44967312
Western Sahara,ESH,1956,0.4457578
Western Sahara,ESH,1957,0.4418922
Western Sahara,ESH,1958,0.43809026
Western Sahara,ESH,1959,0.434351
Western Sahara,ESH,1960,0.43059686
Western Sahara,ESH,1961,0.42676255
Western Sahara,ESH,1962,0.4229983
Western Sahara,ESH,1963,0.41929162
Western Sahara,ESH,1964,0.41562495
Western Sahara,ESH,1965,0.41198272
Western Sahara,ESH,1966,0.408308
Western Sahara,ESH,1967,0.40423527
Western Sahara,ESH,1968,0.40006077
Western Sahara,ESH,1969,0.39571014
Western Sahara,ESH,1970,0.39109734
Western Sahara,ESH,1971,0.38615078
Western Sahara,ESH,1972,0.3804671
Western Sahara,ESH,1973,0.3740959
Western Sahara,ESH,1974,0.36727917
Western Sahara,ESH,1975,0.3664148
Western Sahara,ESH,1976,0.35898188
Western Sahara,ESH,1977,0.3499551
Western Sahara,ESH,1978,0.3409057
Western Sahara,ESH,1979,0.33547503
Western Sahara,ESH,1980,0.3262973
Western Sahara,ESH,1981,0.31497124
Western Sahara,ESH,1982,0.305871
Western Sahara,ESH,1983,0.2974108
Western Sahara,ESH,1984,0.28945407
Western Sahara,ESH,1985,0.28121555
Western Sahara,ESH,1986,0.27377516
Western Sahara,ESH,1987,0.26746532
Western Sahara,ESH,1988,0.25853607
Western Sahara,ESH,1989,0.25352678
Western Sahara,ESH,1990,0.2435752
Western Sahara,ESH,1991,0.23865058
Western Sahara,ESH,1992,0.23348685
Western Sahara,ESH,1993,0.22846854
Western Sahara,ESH,1994,0.22368857
Western Sahara,ESH,1995,0.21904469
Western Sahara,ESH,1996,0.21450438
Western Sahara,ESH,1997,0.20935355
Western Sahara,ESH,1998,0.20412818
Western Sahara,ESH,1999,0.19907767
Western Sahara,ESH,2000,0.19424428
Western Sahara,ESH,2001,0.18956971
Western Sahara,ESH,2002,0.18415399
Western Sahara,ESH,2003,0.17917489
Western Sahara,ESH,2004,0.17461152
Western Sahara,ESH,2005,0.17042677
Western Sahara,ESH,2006,0.16655761
Western Sahara,ESH,2007,0.16179104
Western Sahara,ESH,2008,0.15746187
Western Sahara,ESH,2009,0.15353432
Western Sahara,ESH,2010,0.1499647
Western Sahara,ESH,2011,0.14672941
Western Sahara,ESH,2012,0.14373925
Western Sahara,ESH,2013,0.14002784
Western Sahara,ESH,2014,0.13675515
Western Sahara,ESH,2015,0.1339122
Western Sahara,ESH,2016,0.13145797
Western Sahara,ESH,2017,0.12932278
Western Sahara,ESH,2018,0.12744646
Western Sahara,ESH,2019,0.12575583
Western Sahara,ESH,2020,0.12408716
Western Sahara,ESH,2021,0.12205085
Western Sahara,ESH,2022,0.12014807
Western Sahara,ESH,2023,0.11836262
World,OWID_WRL,1950,0.36398122
World,OWID_WRL,1951,0.35768145
World,OWID_WRL,1952,0.34915635
World,OWID_WRL,1953,0.3439376
World,OWID_WRL,1954,0.33684224
World,OWID_WRL,1955,0.3308574
World,OWID_WRL,1956,0.32509142
World,OWID_WRL,1957,0.3218645
World,OWID_WRL,1958,0.3173007
World,OWID_WRL,1959,0.33791685
World,OWID_WRL,1960,0.35589296
World,OWID_WRL,1961,0.3306206
World,OWID_WRL,1962,0.30102524
World,OWID_WRL,1963,0.29651922
World,OWID_WRL,1964,0.29210114
World,OWID_WRL,1965,0.2930812
World,OWID_WRL,1966,0.28908405
World,OWID_WRL,1967,0.28457826
World,OWID_WRL,1968,0.27827302
World,OWID_WRL,1969,0.27465475
World,OWID_WRL,1970,0.27337044
World,OWID_WRL,1971,0.27264926
World,OWID_WRL,1972,0.2648698
World,OWID_WRL,1973,0.26076576
World,OWID_WRL,1974,0.25788707
World,OWID_WRL,1975,0.2561684
World,OWID_WRL,1976,0.2541336
World,OWID_WRL,1977,0.24942255
World,OWID_WRL,1978,0.24574417
World,OWID_WRL,1979,0.23979622
World,OWID_WRL,1980,0.23583223
World,OWID_WRL,1981,0.23199528
World,OWID_WRL,1982,0.22825186
World,OWID_WRL,1983,0.22667173
World,OWID_WRL,1984,0.22390103
World,OWID_WRL,1985,0.22067602
World,OWID_WRL,1986,0.21683107
World,OWID_WRL,1987,0.21310239
World,OWID_WRL,1988,0.21170622
World,OWID_WRL,1989,0.2082083
World,OWID_WRL,1990,0.20641443
World,OWID_WRL,1991,0.20644729
World,OWID_WRL,1992,0.2044621
World,OWID_WRL,1993,0.20206815
World,OWID_WRL,1994,0.20317605
World,OWID_WRL,1995,0.19896874
World,OWID_WRL,1996,0.19722398
World,OWID_WRL,1997,0.19519886
World,OWID_WRL,1998,0.19388671
World,OWID_WRL,1999,0.19070056
World,OWID_WRL,2000,0.18792114
World,OWID_WRL,2001,0.18565418
World,OWID_WRL,2002,0.18276536
World,OWID_WRL,2003,0.17960533
World,OWID_WRL,2004,0.17778704
World,OWID_WRL,2005,0.17393382
World,OWID_WRL,2006,0.17045426
World,OWID_WRL,2007,0.16716479
World,OWID_WRL,2008,0.16503623
World,OWID_WRL,2009,0.16228154
World,OWID_WRL,2010,0.15942061
World,OWID_WRL,2011,0.15744904
World,OWID_WRL,2012,0.15379381
World,OWID_WRL,2013,0.15165949
World,OWID_WRL,2014,0.15012233
World,OWID_WRL,2015,0.14841382
World,OWID_WRL,2016,0.14682375
World,OWID_WRL,2017,0.14508416
World,OWID_WRL,2018,0.14318988
World,OWID_WRL,2019,0.14204332
World,OWID_WRL,2020,0.14117435
World,OWID_WRL,2021,0.14495035
World,OWID_WRL,2022,0.13962542
World,OWID_WRL,2023,0.13706411
Yemen,YEM,1950,0.56875336
Yemen,YEM,1951,0.5647528
Yemen,YEM,1952,0.560719
Yemen,YEM,1953,0.5564855
Yemen,YEM,1954,0.55188197
Yemen,YEM,1955,0.5466101
Yemen,YEM,1956,0.54121184
Yemen,YEM,1957,0.5353986
Yemen,YEM,1958,0.5293395
Yemen,YEM,1959,0.52308303
Yemen,YEM,1960,0.5167497
Yemen,YEM,1961,0.5102274
Yemen,YEM,1962,0.5073779
Yemen,YEM,1963,0.5049556
Yemen,YEM,1964,0.4937859
Yemen,YEM,1965,0.48535693
Yemen,YEM,1966,0.4770119
Yemen,YEM,1967,0.46755573
Yemen,YEM,1968,0.45787767
Yemen,YEM,1969,0.44359937
Yemen,YEM,1970,0.4337581
Yemen,YEM,1971,0.4228558
Yemen,YEM,1972,0.41222498
Yemen,YEM,1973,0.401753
Yemen,YEM,1974,0.39120322
Yemen,YEM,1975,0.38086277
Yemen,YEM,1976,0.3701246
Yemen,YEM,1977,0.35884887
Yemen,YEM,1978,0.3471506
Yemen,YEM,1979,0.33588257
Yemen,YEM,1980,0.3241469
Yemen,YEM,1981,0.31285128
Yemen,YEM,1982,0.30553678
Yemen,YEM,1983,0.29221323
Yemen,YEM,1984,0.28248024
Yemen,YEM,1985,0.273865
Yemen,YEM,1986,0.26788613
Yemen,YEM,1987,0.2592207
Yemen,YEM,1988,0.25335875
Yemen,YEM,1989,0.2475213
Yemen,YEM,1990,0.24259835
Yemen,YEM,1991,0.23752506
Yemen,YEM,1992,0.2331587
Yemen,YEM,1993,0.22901471
Yemen,YEM,1994,0.22512387
Yemen,YEM,1995,0.22072612
Yemen,YEM,1996,0.21709947
Yemen,YEM,1997,0.21254091
Yemen,YEM,1998,0.20832172
Yemen,YEM,1999,0.20367642
Yemen,YEM,2000,0.19900212
Yemen,YEM,2001,0.19406772
Yemen,YEM,2002,0.18848415
Yemen,YEM,2003,0.18287484
Yemen,YEM,2004,0.17809686
Yemen,YEM,2005,0.17325549
Yemen,YEM,2006,0.16884165
Yemen,YEM,2007,0.16465376
Yemen,YEM,2008,0.16099058
Yemen,YEM,2009,0.15780777
Yemen,YEM,2010,0.15473387
Yemen,YEM,2011,0.15240014
Yemen,YEM,2012,0.15051648
Yemen,YEM,2013,0.14782704
Yemen,YEM,2014,0.1466011
Yemen,YEM,2015,0.14914063
Yemen,YEM,2016,0.14699234
Yemen,YEM,2017,0.14549641
Yemen,YEM,2018,0.14740235
Yemen,YEM,2019,0.14586075
Yemen,YEM,2020,0.1417701
Yemen,YEM,2021,0.14362758
Yemen,YEM,2022,0.13877103
Yemen,YEM,2023,0.13460772
Zambia,ZMB,1950,0.3865148
Zambia,ZMB,1951,0.38276017
Zambia,ZMB,1952,0.37859485
Zambia,ZMB,1953,0.37434626
Zambia,ZMB,1954,0.37037578
Zambia,ZMB,1955,0.36605132
Zambia,ZMB,1956,0.36179662
Zambia,ZMB,1957,0.35764873
Zambia,ZMB,1958,0.3528543
Zambia,ZMB,1959,0.34823674
Zambia,ZMB,1960,0.3451967
Zambia,ZMB,1961,0.34123033
Zambia,ZMB,1962,0.3377171
Zambia,ZMB,1963,0.33491594
Zambia,ZMB,1964,0.33493128
Zambia,ZMB,1965,0.3289036
Zambia,ZMB,1966,0.32633278
Zambia,ZMB,1967,0.32348865
Zambia,ZMB,1968,0.32073924
Zambia,ZMB,1969,0.31700954
Zambia,ZMB,1970,0.313188
Zambia,ZMB,1971,0.3082872
Zambia,ZMB,1972,0.3032771
Zambia,ZMB,1973,0.29836002
Zambia,ZMB,1974,0.29381227
Zambia,ZMB,1975,0.29010922
Zambia,ZMB,1976,0.28680995
Zambia,ZMB,1977,0.2849344
Zambia,ZMB,1978,0.28451356
Zambia,ZMB,1979,0.28513032
Zambia,ZMB,1980,0.28803536
Zambia,ZMB,1981,0.29080206
Zambia,ZMB,1982,0.2945013
Zambia,ZMB,1983,0.29926035
Zambia,ZMB,1984,0.30424467
Zambia,ZMB,1985,0.3111262
Zambia,ZMB,1986,0.31786835
Zambia,ZMB,1987,0.32384786
Zambia,ZMB,1988,0.32979494
Zambia,ZMB,1989,0.33517104
Zambia,ZMB,1990,0.33977443
Zambia,ZMB,1991,0.34419918
Zambia,ZMB,1992,0.345694
Zambia,ZMB,1993,0.34538087
Zambia,ZMB,1994,0.34558582
Zambia,ZMB,1995,0.34480894
Zambia,ZMB,1996,0.34354076
Zambia,ZMB,1997,0.34124595
Zambia,ZMB,1998,0.33820197
Zambia,ZMB,1999,0.3343605
Zambia,ZMB,2000,0.32681438
Zambia,ZMB,2001,0.31830513
Zambia,ZMB,2002,0.3091287
Zambia,ZMB,2003,0.29811174
Zambia,ZMB,2004,0.2893001
Zambia,ZMB,2005,0.27963084
Zambia,ZMB,2006,0.27024636
Zambia,ZMB,2007,0.2608038
Zambia,ZMB,2008,0.25074106
Zambia,ZMB,2009,0.24244359
Zambia,ZMB,2010,0.23283003
Zambia,ZMB,2011,0.22477031
Zambia,ZMB,2012,0.217656
Zambia,ZMB,2013,0.21131875
Zambia,ZMB,2014,0.20454115
Zambia,ZMB,2015,0.19869348
Zambia,ZMB,2016,0.19515198
Zambia,ZMB,2017,0.19021031
Zambia,ZMB,2018,0.18498209
Zambia,ZMB,2019,0.17825536
Zambia,ZMB,2020,0.17116533
Zambia,ZMB,2021,0.17319508
Zambia,ZMB,2022,0.15886351
Zambia,ZMB,2023,0.15013765
Zimbabwe,ZWE,1950,0.33118516
Zimbabwe,ZWE,1951,0.3271764
Zimbabwe,ZWE,1952,0.32317707
Zimbabwe,ZWE,1953,0.3191279
Zimbabwe,ZWE,1954,0.31509086
Zimbabwe,ZWE,1955,0.31080535
Zimbabwe,ZWE,1956,0.30667946
Zimbabwe,ZWE,1957,0.30252114
Zimbabwe,ZWE,1958,0.2981523
Zimbabwe,ZWE,1959,0.29363
Zimbabwe,ZWE,1960,0.28878877
Zimbabwe,ZWE,1961,0.2837563
Zimbabwe,ZWE,1962,0.2785368
Zimbabwe,ZWE,1963,0.27330163
Zimbabwe,ZWE,1964,0.268089
Zimbabwe,ZWE,1965,0.26301798
Zimbabwe,ZWE,1966,0.25821325
Zimbabwe,ZWE,1967,0.25393653
Zimbabwe,ZWE,1968,0.24990171
Zimbabwe,ZWE,1969,0.24691588
Zimbabwe,ZWE,1970,0.24433233
Zimbabwe,ZWE,1971,0.24238011
Zimbabwe,ZWE,1972,0.24089442
Zimbabwe,ZWE,1973,0.24001248
Zimbabwe,ZWE,1974,0.23931515
Zimbabwe,ZWE,1975,0.23896639
Zimbabwe,ZWE,1976,0.23890023
Zimbabwe,ZWE,1977,0.23863697
Zimbabwe,ZWE,1978,0.2393557
Zimbabwe,ZWE,1979,0.23801745
Zimbabwe,ZWE,1980,0.23032355
Zimbabwe,ZWE,1981,0.22605556
Zimbabwe,ZWE,1982,0.22068772
Zimbabwe,ZWE,1983,0.2166302
Zimbabwe,ZWE,1984,0.20972794
Zimbabwe,ZWE,1985,0.20550123
Zimbabwe,ZWE,1986,0.20284647
Zimbabwe,ZWE,1987,0.2029392
Zimbabwe,ZWE,1988,0.20575531
Zimbabwe,ZWE,1989,0.2116469
Zimbabwe,ZWE,1990,0.2208876
Zimbabwe,ZWE,1991,0.23128241
Zimbabwe,ZWE,1992,0.24258626
Zimbabwe,ZWE,1993,0.2544007
Zimbabwe,ZWE,1994,0.26433218
Zimbabwe,ZWE,1995,0.27273795
Zimbabwe,ZWE,1996,0.28075957
Zimbabwe,ZWE,1997,0.28421035
Zimbabwe,ZWE,1998,0.28738734
Zimbabwe,ZWE,1999,0.29019183
Zimbabwe,ZWE,2000,0.2888834
Zimbabwe,ZWE,2001,0.29118952
Zimbabwe,ZWE,2002,0.2882891
Zimbabwe,ZWE,2003,0.2893395
Zimbabwe,ZWE,2004,0.28885478
Zimbabwe,ZWE,2005,0.28781244
Zimbabwe,ZWE,2006,0.28818354
Zimbabwe,ZWE,2007,0.2874484
Zimbabwe,ZWE,2008,0.2859375
Zimbabwe,ZWE,2009,0.27951217
Zimbabwe,ZWE,2010,0.26706883
Zimbabwe,ZWE,2011,0.25405958
Zimbabwe,ZWE,2012,0.24342617
Zimbabwe,ZWE,2013,0.23507741
Zimbabwe,ZWE,2014,0.22589144
Zimbabwe,ZWE,2015,0.21754903
Zimbabwe,ZWE,2016,0.21222448
Zimbabwe,ZWE,2017,0.20684902
Zimbabwe,ZWE,2018,0.20249926
Zimbabwe,ZWE,2019,0.2003249
Zimbabwe,ZWE,2020,0.19200534
Zimbabwe,ZWE,2021,0.19411884
Zimbabwe,ZWE,2022,0.18910947
Zimbabwe,ZWE,2023,0.18524155