STRUCTURE,STRUCTURE_ID,STRUCTURE_NAME,ACTION,FREQ,Frequency of observation,ADJUSTMENT,Adjustment,REF_AREA,Reference area,SECTOR,Institutional sector,COUNTERPART_SECTOR,Counterpart institutional sector,TRANSACTION,Transaction,INSTR_ASSET,Financial instruments and non-financial assets,ACTIVITY,Economic activity,EXPENDITURE,Expenditure,UNIT_MEASURE,Unit of measure,PRICE_BASE,Price base,TRANSFORMATION,Transformation,TABLE_IDENTIFIER,Table identifier,TIME_PERIOD,Time period,OBS_VALUE,Observation value,REF_YEAR_PRICE,Price reference year,BASE_PER,Base period,CONF_STATUS,Confidentiality status,DECIMALS,Decimals,OBS_STATUS,Observation status,UNIT_MULT,Unit multiplier,CURRENCY,Currency
DATAFLOW,OECD.SDD.NAD:DSD_NAMAIN1@DF_QNA_EXPENDITURE_USD(1.1),"Quarterly GDP and components - expenditure approach, US Dollars",I,Q,Quarterly,Y,Calendar and seasonally adjusted,USA,United States,S1,Total economy,S1,Total economy,B1GQ,Gross domestic product,_Z,Not applicable,_Z,Not applicable,_Z,Not applicable,USD_PPP,"US dollars, PPP converted",LR,Chain linked volume (rebased),LA,Annual levels,T0102,Table 0102 - GDP identity from the expenditure side,1947-Q1,,2300052.8,,2020,,,,F,Free (free for publication),1,One,A,Normal value,6,Millions,USD,US dollar
DATAFLOW,OECD.SDD.NAD:DSD_NAMAIN1@DF_QNA_EXPENDITURE_USD(1.1),"Quarterly GDP and components - expenditure approach, US Dollars",I,Q,Quarterly,Y,Calendar and seasonally adjusted,USA,United States,S1,Total economy,S1,Total economy,B1GQ,Gross domestic product,_Z,Not applicable,_Z,Not applicable,_Z,Not applicable,USD_PPP,"US dollars, PPP converted",LR,Chain linked volume (rebased),LA,Annual levels,T0102,Table 0102 - GDP identity from the expenditure side,1947-Q2,,2293952.5,,2020,,,,F,Free (free for publication),1,One,A,Normal value,6,Millions,USD,US dollar
DATAFLOW,OECD.SDD.NAD:DSD_NAMAIN1@DF_QNA_EXPENDITURE_USD(1.1),"Quarterly GDP and components - expenditure approach, US Dollars",I,Q,Quarterly,Y,Calendar and seasonally adjusted,USA,United States,S1,Total economy,S1,Total economy,B1GQ,Gross domestic product,_Z,Not applicable,_Z,Not applicable,_Z,Not applicable,USD_PPP,"US dollars, PPP converted",LR,Chain linked volume (rebased),LA,Annual levels,T0102,Table 0102 - GDP identity from the expenditure side,1947-Q3,,2289252.7,,2020,,,,F,Free (free for publication),1,One,A,Normal value,6,Millions,USD,US dollar
DATAFLOW,OECD.SDD.NAD:DSD_NAMAIN1@DF_QNA_EXPENDITURE_USD(1.1),"Quarterly GDP and components - expenditure approach, US Dollars",I,Q,Quarterly,Y,Calendar and seasonally adjusted,USA,United States,S1,Total economy,S1,Total economy,B1GQ,Gross domestic product,_Z,Not applicable,_Z,Not applicable,_Z,Not applicable,USD_PPP,"US dollars, PPP converted",LR,Chain linked volume (rebased),LA,Annual levels,T0102,Table 0102 - GDP identity from the expenditure side,1947-Q4,,2325102.1,,2020,,,,F,Free (free for publication),1,One,A,Normal value,6,Millions,USD,US dollar
DATAFLOW,OECD.SDD.NAD:DSD_NAMAIN1@DF_QNA_EXPENDITURE_USD(1.1),"Quarterly GDP and components - expenditure approach, US Dollars",I,Q,Quarterly,Y,Calendar and seasonally adjusted,USA,United States,S1,Total economy,S1,Total economy,B1GQ,Gross domestic product,_Z,Not applicable,_Z,Not applicable,_Z,Not applicable,USD_PPP,"US dollars, PPP converted",LR,Chain linked volume (rebased),LA,Annual levels,T0102,Table 0102 - GDP identity from the expenditure side,1948-Q1,,2360119,,2020,,,,F,Free (free for publication),1,One,A,Normal value,6,Millions,USD,US dollar
DATAFLOW,OECD.SDD.NAD:DSD_NAMAIN1@DF_QNA_EXPENDITURE_USD(1.1),"Quarterly GDP and components - expenditure approach, US Dollars",I,Q,Quarterly,Y,Calendar and seasonally adjusted,USA,United States,S1,Total economy,S1,Total economy,B1GQ,Gross domestic product,_Z,Not applicable,_Z,Not applicable,_Z,Not applicable,USD_PPP,"US dollars, PPP converted",LR,Chain linked volume (rebased),LA,Annual levels,T0102,Table 0102 - GDP identity from the expenditure side,1948-Q2,,2399117,,2020,,,,F,Free (free for publication),1,One,A,Normal value,6,Millions,USD,US dollar
DATAFLOW,OECD.SDD.NAD:DSD_NAMAIN1@DF_QNA_EXPENDITURE_USD(1.1),"Quarterly GDP and components - expenditure approach, US Dollars",I,Q,Quarterly,Y,Calendar and seasonally adjusted,USA,United States,S1,Total economy,S1,Total economy,B1GQ,Gross domestic product,_Z,Not applicable,_Z,Not applicable,_Z,Not applicable,USD_PPP,"US dollars, PPP converted",LR,Chain linked volume (rebased),LA,Annual levels,T0102,Table 0102 - GDP identity from the expenditure side,1948-Q3,,2412900.4,,2020,,,,F,Free (free for publication),1,One,A,Normal value,6,Millions,USD,US dollar
DATAFLOW,OECD.SDD.NAD:DSD_NAMAIN1@DF_QNA_EXPENDITURE_USD(1.1),"Quarterly GDP and components - expenditure approach, US Dollars",I,Q,Quarterly,Y,Calendar and seasonally adjusted,USA,United States,S1,Total economy,S1,Total economy,B1GQ,Gross domestic product,_Z,Not applicable,_Z,Not applicable,_Z,Not applicable,USD_PPP,"US dollars, PPP converted",LR,Chain linked volume (rebased),LA,Annual levels,T0102,Table 0102 - GDP identity from the expenditure side,1948-Q4,,2415633.9,,2020,,,,F,Free (free for publication),1,One,A,Normal value,6,Millions,USD,US dollar
DATAFLOW,OECD.SDD.NAD:DSD_NAMAIN1@DF_QNA_EXPENDITURE_USD(1.1),"Quarterly GDP and components - expenditure approach, US Dollars",I,Q,Quarterly,Y,Calendar and seasonally adjusted,USA,United States,S1,Total economy,S1,Total economy,B1GQ,Gross domestic product,_Z,Not applicable,_Z,Not applicable,_Z,Not applicable,USD_PPP,"US dollars, PPP converted",LR,Chain linked volume (rebased),LA,Annual levels,T0102,Table 0102 - GDP identity from the expenditure side,1949-Q1,,2382379.9,,2020,,,,F,Free (free for publication),1,One,A,Normal value,6,Millions,USD,US dollar
DATAFLOW,OECD.SDD.NAD:DSD_NAMAIN1@DF_QNA_EXPENDITURE_USD(1.1),"Quarterly GDP and components - expenditure approach, US Dollars",I,Q,Quarterly,Y,Calendar and seasonally adjusted,USA,United States,S1,Total economy,S1,Total economy,B1GQ,Gross domestic product,_Z,Not applicable,_Z,Not applicable,_Z,Not applicable,USD_PPP,"US dollars, PPP converted",LR,Chain linked volume (rebased),LA,Annual levels,T0102,Table 0102 - GDP identity from the expenditure side,1949-Q2,,2374288,,2020,,,,F,Free (free for publication),1,One,A,Normal value,6,Millions,USD,US dollar
DATAFLOW,OECD.SDD.NAD:DSD_NAMAIN1@DF_QNA_EXPENDITURE_USD(1.1),"Quarterly GDP and components - expenditure approach, US Dollars",I,Q,Quarterly,Y,Calendar and seasonally adjusted,USA,United States,S1,Total economy,S1,Total economy,B1GQ,Gross domestic product,_Z,Not applicable,_Z,Not applicable,_Z,Not applicable,USD_PPP,"US dollars, PPP converted",LR,Chain linked volume (rebased),LA,Annual levels,T0102,Table 0102 - GDP identity from the expenditure side,1949-Q3,,2398836.7,,2020,,,,F,Free (free for publication),1,One,A,Normal value,6,Millions,USD,US dollar
DATAFLOW,OECD.SDD.NAD:DSD_NAMAIN1@DF_QNA_EXPENDITURE_USD(1.1),"Quarterly GDP and components - expenditure approach, US Dollars",I,Q,Quarterly,Y,Calendar and seasonally adjusted,USA,United States,S1,Total economy,S1,Total economy,B1GQ,Gross domestic product,_Z,Not applicable,_Z,Not applicable,_Z,Not applicable,USD_PPP,"US dollars, PPP converted",LR,Chain linked volume (rebased),LA,Annual levels,T0102,Table 0102 - GDP identity from the expenditure side,1949-Q4,,2378739.2,,2020,,,,F,Free (free for publication),1,One,A,Normal value,6,Millions,USD,US dollar
DATAFLOW,OECD.SDD.NAD:DSD_NAMAIN1@DF_QNA_EXPENDITURE_USD(1.1),"Quarterly GDP and components - expenditure approach, US Dollars",I,Q,Quarterly,Y,Calendar and seasonally adjusted,USA,United States,S1,Total economy,S1,Total economy,B1GQ,Gross domestic product,_Z,Not applicable,_Z,Not applicable,_Z,Not applicable,USD_PPP,"US dollars, PPP converted",LR,Chain linked volume (rebased),LA,Annual levels,T0102,Table 0102 - GDP identity from the expenditure side,1950-Q1,,2472263.7,,2020,,,,F,Free (free for publication),1,One,A,Normal value,6,Millions,USD,US dollar
DATAFLOW,OECD.SDD.NAD:DSD_NAMAIN1@DF_QNA_EXPENDITURE_USD(1.1),"Quarterly GDP and components - expenditure approach, US Dollars",I,Q,Quarterly,Y,Calendar and seasonally adjusted,USA,United States,S1,Total economy,S1,Total economy,B1GQ,Gross domestic product,_Z,Not applicable,_Z,Not applicable,_Z,Not applicable,USD_PPP,"US dollars, PPP converted",LR,Chain linked volume (rebased),LA,Annual levels,T0102,Table 0102 - GDP identity from the expenditure side,1950-Q2,,2547690.8,,2020,,,,F,Free (free for publication),1,One,A,Normal value,6,Millions,USD,US dollar
DATAFLOW,OECD.SDD.NAD:DSD_NAMAIN1@DF_QNA_EXPENDITURE_USD(1.1),"Quarterly GDP and components - expenditure approach, US Dollars",I,Q,Quarterly,Y,Calendar and seasonally adjusted,USA,United States,S1,Total economy,S1,Total economy,B1GQ,Gross domestic product,_Z,Not applicable,_Z,Not applicable,_Z,Not applicable,USD_PPP,"US dollars, PPP converted",LR,Chain linked volume (rebased),LA,Annual levels,T0102,Table 0102 - GDP identity from the expenditure side,1950-Q3,,2646160.7,,2020,,,,F,Free (free for publication),1,One,A,Normal value,6,Millions,USD,US dollar
DATAFLOW,OECD.SDD.NAD:DSD_NAMAIN1@DF_QNA_EXPENDITURE_USD(1.1),"Quarterly GDP and components - expenditure approach, US Dollars",I,Q,Quarterly,Y,Calendar and seasonally adjusted,USA,United States,S1,Total economy,S1,Total economy,B1GQ,Gross domestic product,_Z,Not applicable,_Z,Not applicable,_Z,Not applicable,USD_PPP,"US dollars, PPP converted",LR,Chain linked volume (rebased),LA,Annual levels,T0102,Table 0102 - GDP identity from the expenditure side,1950-Q4,,2696833.5,,2020,,,,F,Free (free for publication),1,One,A,Normal value,6,Millions,USD,US dollar
DATAFLOW,OECD.SDD.NAD:DSD_NAMAIN1@DF_QNA_EXPENDITURE_USD(1.1),"Quarterly GDP and components - expenditure approach, US Dollars",I,Q,Quarterly,Y,Calendar and seasonally adjusted,USA,United States,S1,Total economy,S1,Total economy,B1GQ,Gross domestic product,_Z,Not applicable,_Z,Not applicable,_Z,Not applicable,USD_PPP,"US dollars, PPP converted",LR,Chain linked volume (rebased),LA,Annual levels,T0102,Table 0102 - GDP identity from the expenditure side,1951-Q1,,2733455.3,,2020,,,,F,Free (free for publication),1,One,A,Normal value,6,Millions,USD,US dollar
DATAFLOW,OECD.SDD.NAD:DSD_NAMAIN1@DF_QNA_EXPENDITURE_USD(1.1),"Quarterly GDP and components - expenditure approach, US Dollars",I,Q,Quarterly,Y,Calendar and seasonally adjusted,USA,United States,S1,Total economy,S1,Total economy,B1GQ,Gross domestic product,_Z,Not applicable,_Z,Not applicable,_Z,Not applicable,USD_PPP,"US dollars, PPP converted",LR,Chain linked volume (rebased),LA,Annual levels,T0102,Table 0102 - GDP identity from the expenditure side,1951-Q2,,2780802.5,,2020,,,,F,Free (free for publication),1,One,A,Normal value,6,Millions,USD,US dollar
DATAFLOW,OECD.SDD.NAD:DSD_NAMAIN1@DF_QNA_EXPENDITURE_USD(1.1),"Quarterly GDP and components - expenditure approach, US Dollars",I,Q,Quarterly,Y,Calendar and seasonally adjusted,USA,United States,S1,Total economy,S1,Total economy,B1GQ,Gross domestic product,_Z,Not applicable,_Z,Not applicable,_Z,Not applicable,USD_PPP,"US dollars, PPP converted",LR,Chain linked volume (rebased),LA,Annual levels,T0102,Table 0102 - GDP identity from the expenditure side,1951-Q3,,2838086.7,,2020,,,,F,Free (free for publication),1,One,A,Normal value,6,Millions,USD,US dollar
DATAFLOW,OECD.SDD.NAD:DSD_NAMAIN1@DF_QNA_EXPENDITURE_USD(1.1),"Quarterly GDP and components - expenditure approach, US Dollars",I,Q,Quarterly,Y,Calendar and seasonally adjusted,USA,United States,S1,Total economy,S1,Total economy,B1GQ,Gross domestic product,_Z,Not applicable,_Z,Not applicable,_Z,Not applicable,USD_PPP,"US dollars, PPP converted",LR,Chain linked volume (rebased),LA,Annual levels,T0102,Table 0102 - GDP identity from the expenditure side,1951-Q4,,2844300.8,,2020,,,,F,Free (free for publication),1,One,A,Normal value,6,Millions,USD,US dollar
DATAFLOW,OECD.SDD.NAD:DSD_NAMAIN1@DF_QNA_EXPENDITURE_USD(1.1),"Quarterly GDP and components - expenditure approach, US Dollars",I,Q,Quarterly,Y,Calendar and seasonally adjusted,USA,United States,S1,Total economy,S1,Total economy,B1GQ,Gross domestic product,_Z,Not applicable,_Z,Not applicable,_Z,Not applicable,USD_PPP,"US dollars, PPP converted",LR,Chain linked volume (rebased),LA,Annual levels,T0102,Table 0102 - GDP identity from the expenditure side,1952-Q1,,2874647.4,,2020,,,,F,Free (free for publication),1,One,A,Normal value,6,Millions,USD,US dollar
DATAFLOW,OECD.SDD.NAD:DSD_NAMAIN1@DF_QNA_EXPENDITURE_USD(1.1),"Quarterly GDP and components - expenditure approach, US Dollars",I,Q,Quarterly,Y,Calendar and seasonally adjusted,USA,United States,S1,Total economy,S1,Total economy,B1GQ,Gross domestic product,_Z,Not applicable,_Z,Not applicable,_Z,Not applicable,USD_PPP,"US dollars, PPP converted",LR,Chain linked volume (rebased),LA,Annual levels,T0102,Table 0102 - GDP identity from the expenditure side,1952-Q2,,2880807.7,,2020,,,,F,Free (free for publication),1,One,A,Normal value,6,Millions,USD,US dollar
DATAFLOW,OECD.SDD.NAD:DSD_NAMAIN1@DF_QNA_EXPENDITURE_USD(1.1),"Quarterly GDP and components - expenditure approach, US Dollars",I,Q,Quarterly,Y,Calendar and seasonally adjusted,USA,United States,S1,Total economy,S1,Total economy,B1GQ,Gross domestic product,_Z,Not applicable,_Z,Not applicable,_Z,Not applicable,USD_PPP,"US dollars, PPP converted",LR,Chain linked volume (rebased),LA,Annual levels,T0102,Table 0102 - GDP identity from the expenditure side,1952-Q3,,2901585,,2020,,,,F,Free (free for publication),1,One,A,Normal value,6,Millions,USD,US dollar
DATAFLOW,OECD.SDD.NAD:DSD_NAMAIN1@DF_QNA_EXPENDITURE_USD(1.1),"Quarterly GDP and components - expenditure approach, US Dollars",I,Q,Quarterly,Y,Calendar and seasonally adjusted,USA,United States,S1,Total economy,S1,Total economy,B1GQ,Gross domestic product,_Z,Not applicable,_Z,Not applicable,_Z,Not applicable,USD_PPP,"US dollars, PPP converted",LR,Chain linked volume (rebased),LA,Annual levels,T0102,Table 0102 - GDP identity from the expenditure side,1952-Q4,,2996871.5,,2020,,,,F,Free (free for publication),1,One,A,Normal value,6,Millions,USD,US dollar
DATAFLOW,OECD.SDD.NAD:DSD_NAMAIN1@DF_QNA_EXPENDITURE_USD(1.1),"Quarterly GDP and components - expenditure approach, US Dollars",I,Q,Quarterly,Y,Calendar and seasonally adjusted,USA,United States,S1,Total economy,S1,Total economy,B1GQ,Gross domestic product,_Z,Not applicable,_Z,Not applicable,_Z,Not applicable,USD_PPP,"US dollars, PPP converted",LR,Chain linked volume (rebased),LA,Annual levels,T0102,Table 0102 - GDP identity from the expenditure side,1953-Q1,,3052584.5,,2020,,,,F,Free (free for publication),1,One,A,Normal value,6,Millions,USD,US dollar
DATAFLOW,OECD.SDD.NAD:DSD_NAMAIN1@DF_QNA_EXPENDITURE_USD(1.1),"Quarterly GDP and components - expenditure approach, US Dollars",I,Q,Quarterly,Y,Calendar and seasonally adjusted,USA,United States,S1,Total economy,S1,Total economy,B1GQ,Gross domestic product,_Z,Not applicable,_Z,Not applicable,_Z,Not applicable,USD_PPP,"US dollars, PPP converted",LR,Chain linked volume (rebased),LA,Annual levels,T0102,Table 0102 - GDP identity from the expenditure side,1953-Q2,,3076183.8,,2020,,,,F,Free (free for publication),1,One,A,Normal value,6,Millions,USD,US dollar
DATAFLOW,OECD.SDD.NAD:DSD_NAMAIN1@DF_QNA_EXPENDITURE_USD(1.1),"Quarterly GDP and components - expenditure approach, US Dollars",I,Q,Quarterly,Y,Calendar and seasonally adjusted,USA,United States,S1,Total economy,S1,Total economy,B1GQ,Gross domestic product,_Z,Not applicable,_Z,Not applicable,_Z,Not applicable,USD_PPP,"US dollars, PPP converted",LR,Chain linked volume (rebased),LA,Annual levels,T0102,Table 0102 - GDP identity from the expenditure side,1953-Q3,,3058879.8,,2020,,,,F,Free (free for publication),1,One,A,Normal value,6,Millions,USD,US dollar
DATAFLOW,OECD.SDD.NAD:DSD_NAMAIN1@DF_QNA_EXPENDITURE_USD(1.1),"Quarterly GDP and components - expenditure approach, US Dollars",I,Q,Quarterly,Y,Calendar and seasonally adjusted,USA,United States,S1,Total economy,S1,Total economy,B1GQ,Gross domestic product,_Z,Not applicable,_Z,Not applicable,_Z,Not applicable,USD_PPP,"US dollars, PPP converted",LR,Chain linked volume (rebased),LA,Annual levels,T0102,Table 0102 - GDP identity from the expenditure side,1953-Q4,,3012576.9,,2020,,,,F,Free (free for publication),1,One,A,Normal value,6,Millions,USD,US dollar
DATAFLOW,OECD.SDD.NAD:DSD_NAMAIN1@DF_QNA_EXPENDITURE_USD(1.1),"Quarterly GDP and components - expenditure approach, US Dollars",I,Q,Quarterly,Y,Calendar and seasonally adjusted,USA,United States,S1,Total economy,S1,Total economy,B1GQ,Gross domestic product,_Z,Not applicable,_Z,Not applicable,_Z,Not applicable,USD_PPP,"US dollars, PPP converted",LR,Chain linked volume (rebased),LA,Annual levels,T0102,Table 0102 - GDP identity from the expenditure side,1954-Q1,,2998189.7,,2020,,,,F,Free (free for publication),1,One,A,Normal value,6,Millions,USD,US dollar
DATAFLOW,OECD.SDD.NAD:DSD_NAMAIN1@DF_QNA_EXPENDITURE_USD(1.1),"Quarterly GDP and components - expenditure approach, US Dollars",I,Q,Quarterly,Y,Calendar and seasonally adjusted,USA,United States,S1,Total economy,S1,Total economy,B1GQ,Gross domestic product,_Z,Not applicable,_Z,Not applicable,_Z,Not applicable,USD_PPP,"US dollars, PPP converted",LR,Chain linked volume (rebased),LA,Annual levels,T0102,Table 0102 - GDP identity from the expenditure side,1954-Q2,,3001470.1,,2020,,,,F,Free (free for publication),1,One,A,Normal value,6,Millions,USD,US dollar
DATAFLOW,OECD.SDD.NAD:DSD_NAMAIN1@DF_QNA_EXPENDITURE_USD(1.1),"Quarterly GDP and components - expenditure approach, US Dollars",I,Q,Quarterly,Y,Calendar and seasonally adjusted,USA,United States,S1,Total economy,S1,Total economy,B1GQ,Gross domestic product,_Z,Not applicable,_Z,Not applicable,_Z,Not applicable,USD_PPP,"US dollars, PPP converted",LR,Chain linked volume (rebased),LA,Annual levels,T0102,Table 0102 - GDP identity from the expenditure side,1954-Q3,,3035377.4,,2020,,,,F,Free (free for publication),1,One,A,Normal value,6,Millions,USD,US dollar
DATAFLOW,OECD.SDD.NAD:DSD_NAMAIN1@DF_QNA_EXPENDITURE_USD(1.1),"Quarterly GDP and components - expenditure approach, US Dollars",I,Q,Quarterly,Y,Calendar and seasonally adjusted,USA,United States,S1,Total economy,S1,Total economy,B1GQ,Gross domestic product,_Z,Not applicable,_Z,Not applicable,_Z,Not applicable,USD_PPP,"US dollars, PPP converted",LR,Chain linked volume (rebased),LA,Annual levels,T0102,Table 0102 - GDP identity from the expenditure side,1954-Q4,,3094778.7,,2020,,,,F,Free (free for publication),1,One,A,Normal value,6,Millions,USD,US dollar
DATAFLOW,OECD.SDD.NAD:DSD_NAMAIN1@DF_QNA_EXPENDITURE_USD(1.1),"Quarterly GDP and components - expenditure approach, US Dollars",I,Q,Quarterly,Y,Calendar and seasonally adjusted,USA,United States,S1,Total economy,S1,Total economy,B1GQ,Gross domestic product,_Z,Not applicable,_Z,Not applicable,_Z,Not applicable,USD_PPP,"US dollars, PPP converted",LR,Chain linked volume (rebased),LA,Annual levels,T0102,Table 0102 - GDP identity from the expenditure side,1955-Q1,,3183184,,2020,,,,F,Free (free for publication),1,One,A,Normal value,6,Millions,USD,US dollar
DATAFLOW,OECD.SDD.NAD:DSD_NAMAIN1@DF_QNA_EXPENDITURE_USD(1.1),"Quarterly GDP and components - expenditure approach, US Dollars",I,Q,Quarterly,Y,Calendar and seasonally adjusted,USA,United States,S1,Total economy,S1,Total economy,B1GQ,Gross domestic product,_Z,Not applicable,_Z,Not applicable,_Z,Not applicable,USD_PPP,"US dollars, PPP converted",LR,Chain linked volume (rebased),LA,Annual levels,T0102,Table 0102 - GDP identity from the expenditure side,1955-Q2,,3234991.8,,2020,,,,F,Free (free for publication),1,One,A,Normal value,6,Millions,USD,US dollar
DATAFLOW,OECD.SDD.NAD:DSD_NAMAIN1@DF_QNA_EXPENDITURE_USD(1.1),"Quarterly GDP and components - expenditure approach, US Dollars",I,Q,Quarterly,Y,Calendar and seasonally adjusted,USA,United States,S1,Total economy,S1,Total economy,B1GQ,Gross domestic product,_Z,Not applicable,_Z,Not applicable,_Z,Not applicable,USD_PPP,"US dollars, PPP converted",LR,Chain linked volume (rebased),LA,Annual levels,T0102,Table 0102 - GDP identity from the expenditure side,1955-Q3,,3278690.7,,2020,,,,F,Free (free for publication),1,One,A,Normal value,6,Millions,USD,US dollar
DATAFLOW,OECD.SDD.NAD:DSD_NAMAIN1@DF_QNA_EXPENDITURE_USD(1.1),"Quarterly GDP and components - expenditure approach, US Dollars",I,Q,Quarterly,Y,Calendar and seasonally adjusted,USA,United States,S1,Total economy,S1,Total economy,B1GQ,Gross domestic product,_Z,Not applicable,_Z,Not applicable,_Z,Not applicable,USD_PPP,"US dollars, PPP converted",LR,Chain linked volume (rebased),LA,Annual levels,T0102,Table 0102 - GDP identity from the expenditure side,1955-Q4,,3298384.7,,2020,,,,F,Free (free for publication),1,One,A,Normal value,6,Millions,USD,US dollar
DATAFLOW,OECD.SDD.NAD:DSD_NAMAIN1@DF_QNA_EXPENDITURE_USD(1.1),"Quarterly GDP and components - expenditure approach, US Dollars",I,Q,Quarterly,Y,Calendar and seasonally adjusted,USA,United States,S1,Total economy,S1,Total economy,B1GQ,Gross domestic product,_Z,Not applicable,_Z,Not applicable,_Z,Not applicable,USD_PPP,"US dollars, PPP converted",LR,Chain linked volume (rebased),LA,Annual levels,T0102,Table 0102 - GDP identity from the expenditure side,1956-Q1,,3285585.6,,2020,,,,F,Free (free for publication),1,One,A,Normal value,6,Millions,USD,US dollar
DATAFLOW,OECD.SDD.NAD:DSD_NAMAIN1@DF_QNA_EXPENDITURE_USD(1.1),"Quarterly GDP and components - expenditure approach, US Dollars",I,Q,Quarterly,Y,Calendar and seasonally adjusted,USA,United States,S1,Total economy,S1,Total economy,B1GQ,Gross domestic product,_Z,Not applicable,_Z,Not applicable,_Z,Not applicable,USD_PPP,"US dollars, PPP converted",LR,Chain linked volume (rebased),LA,Annual levels,T0102,Table 0102 - GDP identity from the expenditure side,1956-Q2,,3312743.4,,2020,,,,F,Free (free for publication),1,One,A,Normal value,6,Millions,USD,US dollar
DATAFLOW,OECD.SDD.NAD:DSD_NAMAIN1@DF_QNA_EXPENDITURE_USD(1.1),"Quarterly GDP and components - expenditure approach, US Dollars",I,Q,Quarterly,Y,Calendar and seasonally adjusted,USA,United States,S1,Total economy,S1,Total economy,B1GQ,Gross domestic product,_Z,Not applicable,_Z,Not applicable,_Z,Not applicable,USD_PPP,"US dollars, PPP converted",LR,Chain linked volume (rebased),LA,Annual levels,T0102,Table 0102 - GDP identity from the expenditure side,1956-Q3,,3309771.8,,2020,,,,F,Free (free for publication),1,One,A,Normal value,6,Millions,USD,US dollar
DATAFLOW,OECD.SDD.NAD:DSD_NAMAIN1@DF_QNA_EXPENDITURE_USD(1.1),"Quarterly GDP and components - expenditure approach, US Dollars",I,Q,Quarterly,Y,Calendar and seasonally adjusted,USA,United States,S1,Total economy,S1,Total economy,B1GQ,Gross domestic product,_Z,Not applicable,_Z,Not applicable,_Z,Not applicable,USD_PPP,"US dollars, PPP converted",LR,Chain linked volume (rebased),LA,Annual levels,T0102,Table 0102 - GDP identity from the expenditure side,1956-Q4,,3364247.7,,2020,,,,F,Free (free for publication),1,One,A,Normal value,6,Millions,USD,US dollar
DATAFLOW,OECD.SDD.NAD:DSD_NAMAIN1@DF_QNA_EXPENDITURE_USD(1.1),"Quarterly GDP and components - expenditure approach, US Dollars",I,Q,Quarterly,Y,Calendar and seasonally adjusted,USA,United States,S1,Total economy,S1,Total economy,B1GQ,Gross domestic product,_Z,Not applicable,_Z,Not applicable,_Z,Not applicable,USD_PPP,"US dollars, PPP converted",LR,Chain linked volume (rebased),LA,Annual levels,T0102,Table 0102 - GDP identity from the expenditure side,1957-Q1,,3385787.9,,2020,,,,F,Free (free for publication),1,One,A,Normal value,6,Millions,USD,US dollar
DATAFLOW,OECD.SDD.NAD:DSD_NAMAIN1@DF_QNA_EXPENDITURE_USD(1.1),"Quarterly GDP and components - expenditure approach, US Dollars",I,Q,Quarterly,Y,Calendar and seasonally adjusted,USA,United States,S1,Total economy,S1,Total economy,B1GQ,Gross domestic product,_Z,Not applicable,_Z,Not applicable,_Z,Not applicable,USD_PPP,"US dollars, PPP converted",LR,Chain linked volume (rebased),LA,Annual levels,T0102,Table 0102 - GDP identity from the expenditure side,1957-Q2,,3378368.3,,2020,,,,F,Free (free for publication),1,One,A,Normal value,6,Millions,USD,US dollar
DATAFLOW,OECD.SDD.NAD:DSD_NAMAIN1@DF_QNA_EXPENDITURE_USD(1.1),"Quarterly GDP and components - expenditure approach, US Dollars",I,Q,Quarterly,Y,Calendar and seasonally adjusted,USA,United States,S1,Total economy,S1,Total economy,B1GQ,Gross domestic product,_Z,Not applicable,_Z,Not applicable,_Z,Not applicable,USD_PPP,"US dollars, PPP converted",LR,Chain linked volume (rebased),LA,Annual levels,T0102,Table 0102 - GDP identity from the expenditure side,1957-Q3,,3411473.6,,2020,,,,F,Free (free for publication),1,One,A,Normal value,6,Millions,USD,US dollar
DATAFLOW,OECD.SDD.NAD:DSD_NAMAIN1@DF_QNA_EXPENDITURE_USD(1.1),"Quarterly GDP and components - expenditure approach, US Dollars",I,Q,Quarterly,Y,Calendar and seasonally adjusted,USA,United States,S1,Total economy,S1,Total economy,B1GQ,Gross domestic product,_Z,Not applicable,_Z,Not applicable,_Z,Not applicable,USD_PPP,"US dollars, PPP converted",LR,Chain linked volume (rebased),LA,Annual levels,T0102,Table 0102 - GDP identity from the expenditure side,1957-Q4,,3376180.6,,2020,,,,F,Free (free for publication),1,One,A,Normal value,6,Millions,USD,US dollar
DATAFLOW,OECD.SDD.NAD:DSD_NAMAIN1@DF_QNA_EXPENDITURE_USD(1.1),"Quarterly GDP and components - expenditure approach, US Dollars",I,Q,Quarterly,Y,Calendar and seasonally adjusted,USA,United States,S1,Total economy,S1,Total economy,B1GQ,Gross domestic product,_Z,Not applicable,_Z,Not applicable,_Z,Not applicable,USD_PPP,"US dollars, PPP converted",LR,Chain linked volume (rebased),LA,Annual levels,T0102,Table 0102 - GDP identity from the expenditure side,1958-Q1,,3288538.2,,2020,,,,F,Free (free for publication),1,One,A,Normal value,6,Millions,USD,US dollar
DATAFLOW,OECD.SDD.NAD:DSD_NAMAIN1@DF_QNA_EXPENDITURE_USD(1.1),"Quarterly GDP and components - expenditure approach, US Dollars",I,Q,Quarterly,Y,Calendar and seasonally adjusted,USA,United States,S1,Total economy,S1,Total economy,B1GQ,Gross domestic product,_Z,Not applicable,_Z,Not applicable,_Z,Not applicable,USD_PPP,"US dollars, PPP converted",LR,Chain linked volume (rebased),LA,Annual levels,T0102,Table 0102 - GDP identity from the expenditure side,1958-Q2,,3310140.6,,2020,,,,F,Free (free for publication),1,One,A,Normal value,6,Millions,USD,US dollar
DATAFLOW,OECD.SDD.NAD:DSD_NAMAIN1@DF_QNA_EXPENDITURE_USD(1.1),"Quarterly GDP and components - expenditure approach, US Dollars",I,Q,Quarterly,Y,Calendar and seasonally adjusted,USA,United States,S1,Total economy,S1,Total economy,B1GQ,Gross domestic product,_Z,Not applicable,_Z,Not applicable,_Z,Not applicable,USD_PPP,"US dollars, PPP converted",LR,Chain linked volume (rebased),LA,Annual levels,T0102,Table 0102 - GDP identity from the expenditure side,1958-Q3,,3386707.8,,2020,,,,F,Free (free for publication),1,One,A,Normal value,6,Millions,USD,US dollar
DATAFLOW,OECD.SDD.NAD:DSD_NAMAIN1@DF_QNA_EXPENDITURE_USD(1.1),"Quarterly GDP and components - expenditure approach, US Dollars",I,Q,Quarterly,Y,Calendar and seasonally adjusted,USA,United States,S1,Total economy,S1,Total economy,B1GQ,Gross domestic product,_Z,Not applicable,_Z,Not applicable,_Z,Not applicable,USD_PPP,"US dollars, PPP converted",LR,Chain linked volume (rebased),LA,Annual levels,T0102,Table 0102 - GDP identity from the expenditure side,1958-Q4,,3465896.9,,2020,,,,F,Free (free for publication),1,One,A,Normal value,6,Millions,USD,US dollar
DATAFLOW,OECD.SDD.NAD:DSD_NAMAIN1@DF_QNA_EXPENDITURE_USD(1.1),"Quarterly GDP and components - expenditure approach, US Dollars",I,Q,Quarterly,Y,Calendar and seasonally adjusted,USA,United States,S1,Total economy,S1,Total economy,B1GQ,Gross domestic product,_Z,Not applicable,_Z,Not applicable,_Z,Not applicable,USD_PPP,"US dollars, PPP converted",LR,Chain linked volume (rebased),LA,Annual levels,T0102,Table 0102 - GDP identity from the expenditure side,1959-Q1,,3532386.8,,2020,,,,F,Free (free for publication),1,One,A,Normal value,6,Millions,USD,US dollar
DATAFLOW,OECD.SDD.NAD:DSD_NAMAIN1@DF_QNA_EXPENDITURE_USD(1.1),"Quarterly GDP and components - expenditure approach, US Dollars",I,Q,Quarterly,Y,Calendar and seasonally adjusted,USA,United States,S1,Total economy,S1,Total economy,B1GQ,Gross domestic product,_Z,Not applicable,_Z,Not applicable,_Z,Not applicable,USD_PPP,"US dollars, PPP converted",LR,Chain linked volume (rebased),LA,Annual levels,T0102,Table 0102 - GDP identity from the expenditure side,1959-Q2,,3611986.8,,2020,,,,F,Free (free for publication),1,One,A,Normal value,6,Millions,USD,US dollar
DATAFLOW,OECD.SDD.NAD:DSD_NAMAIN1@DF_QNA_EXPENDITURE_USD(1.1),"Quarterly GDP and components - expenditure approach, US Dollars",I,Q,Quarterly,Y,Calendar and seasonally adjusted,USA,United States,S1,Total economy,S1,Total economy,B1GQ,Gross domestic product,_Z,Not applicable,_Z,Not applicable,_Z,Not applicable,USD_PPP,"US dollars, PPP converted",LR,Chain linked volume (rebased),LA,Annual levels,T0102,Table 0102 - GDP identity from the expenditure side,1959-Q3,,3614505.4,,2020,,,,F,Free (free for publication),1,One,A,Normal value,6,Millions,USD,US dollar
DATAFLOW,OECD.SDD.NAD:DSD_NAMAIN1@DF_QNA_EXPENDITURE_USD(1.1),"Quarterly GDP and components - expenditure approach, US Dollars",I,Q,Quarterly,Y,Calendar and seasonally adjusted,USA,United States,S1,Total economy,S1,Total economy,B1GQ,Gross domestic product,_Z,Not applicable,_Z,Not applicable,_Z,Not applicable,USD_PPP,"US dollars, PPP converted",LR,Chain linked volume (rebased),LA,Annual levels,T0102,Table 0102 - GDP identity from the expenditure side,1959-Q4,,3624806,,2020,,,,F,Free (free for publication),1,One,A,Normal value,6,Millions,USD,US dollar
DATAFLOW,OECD.SDD.NAD:DSD_NAMAIN1@DF_QNA_EXPENDITURE_USD(1.1),"Quarterly GDP and components - expenditure approach, US Dollars",I,Q,Quarterly,Y,Calendar and seasonally adjusted,USA,United States,S1,Total economy,S1,Total economy,B1GQ,Gross domestic product,_Z,Not applicable,_Z,Not applicable,_Z,Not applicable,USD_PPP,"US dollars, PPP converted",LR,Chain linked volume (rebased),LA,Annual levels,T0102,Table 0102 - GDP identity from the expenditure side,1960-Q1,,3706314.4,,2020,,,,F,Free (free for publication),1,One,A,Normal value,6,Millions,USD,US dollar
DATAFLOW,OECD.SDD.NAD:DSD_NAMAIN1@DF_QNA_EXPENDITURE_USD(1.1),"Quarterly GDP and components - expenditure approach, US Dollars",I,Q,Quarterly,Y,Calendar and seasonally adjusted,USA,United States,S1,Total economy,S1,Total economy,B1GQ,Gross domestic product,_Z,Not applicable,_Z,Not applicable,_Z,Not applicable,USD_PPP,"US dollars, PPP converted",LR,Chain linked volume (rebased),LA,Annual levels,T0102,Table 0102 - GDP identity from the expenditure side,1960-Q2,,3686361.2,,2020,,,,F,Free (free for publication),1,One,A,Normal value,6,Millions,USD,US dollar
DATAFLOW,OECD.SDD.NAD:DSD_NAMAIN1@DF_QNA_EXPENDITURE_USD(1.1),"Quarterly GDP and components - expenditure approach, US Dollars",I,Q,Quarterly,Y,Calendar and seasonally adjusted,USA,United States,S1,Total economy,S1,Total economy,B1GQ,Gross domestic product,_Z,Not applicable,_Z,Not applicable,_Z,Not applicable,USD_PPP,"US dollars, PPP converted",LR,Chain linked volume (rebased),LA,Annual levels,T0102,Table 0102 - GDP identity from the expenditure side,1960-Q3,,3704421.8,,2020,,,,F,Free (free for publication),1,One,A,Normal value,6,Millions,USD,US dollar
DATAFLOW,OECD.SDD.NAD:DSD_NAMAIN1@DF_QNA_EXPENDITURE_USD(1.1),"Quarterly GDP and components - expenditure approach, US Dollars",I,Q,Quarterly,Y,Calendar and seasonally adjusted,USA,United States,S1,Total economy,S1,Total economy,B1GQ,Gross domestic product,_Z,Not applicable,_Z,Not applicable,_Z,Not applicable,USD_PPP,"US dollars, PPP converted",LR,Chain linked volume (rebased),LA,Annual levels,T0102,Table 0102 - GDP identity from the expenditure side,1960-Q4,,3656889.2,,2020,,,,F,Free (free for publication),1,One,A,Normal value,6,Millions,USD,US dollar
DATAFLOW,OECD.SDD.NAD:DSD_NAMAIN1@DF_QNA_EXPENDITURE_USD(1.1),"Quarterly GDP and components - expenditure approach, US Dollars",I,Q,Quarterly,Y,Calendar and seasonally adjusted,USA,United States,S1,Total economy,S1,Total economy,B1GQ,Gross domestic product,_Z,Not applicable,_Z,Not applicable,_Z,Not applicable,USD_PPP,"US dollars, PPP converted",LR,Chain linked volume (rebased),LA,Annual levels,T0102,Table 0102 - GDP identity from the expenditure side,1961-Q1,,3681573.9,,2020,,,,F,Free (free for publication),1,One,A,Normal value,6,Millions,USD,US dollar
DATAFLOW,OECD.SDD.NAD:DSD_NAMAIN1@DF_QNA_EXPENDITURE_USD(1.1),"Quarterly GDP and components - expenditure approach, US Dollars",I,Q,Quarterly,Y,Calendar and seasonally adjusted,USA,United States,S1,Total economy,S1,Total economy,B1GQ,Gross domestic product,_Z,Not applicable,_Z,Not applicable,_Z,Not applicable,USD_PPP,"US dollars, PPP converted",LR,Chain linked volume (rebased),LA,Annual levels,T0102,Table 0102 - GDP identity from the expenditure side,1961-Q2,,3744081.6,,2020,,,,F,Free (free for publication),1,One,A,Normal value,6,Millions,USD,US dollar
DATAFLOW,OECD.SDD.NAD:DSD_NAMAIN1@DF_QNA_EXPENDITURE_USD(1.1),"Quarterly GDP and components - expenditure approach, US Dollars",I,Q,Quarterly,Y,Calendar and seasonally adjusted,USA,United States,S1,Total economy,S1,Total economy,B1GQ,Gross domestic product,_Z,Not applicable,_Z,Not applicable,_Z,Not applicable,USD_PPP,"US dollars, PPP converted",LR,Chain linked volume (rebased),LA,Annual levels,T0102,Table 0102 - GDP identity from the expenditure side,1961-Q3,,3815981.7,,2020,,,,F,Free (free for publication),1,One,A,Normal value,6,Millions,USD,US dollar
DATAFLOW,OECD.SDD.NAD:DSD_NAMAIN1@DF_QNA_EXPENDITURE_USD(1.1),"Quarterly GDP and components - expenditure approach, US Dollars",I,Q,Quarterly,Y,Calendar and seasonally adjusted,USA,United States,S1,Total economy,S1,Total economy,B1GQ,Gross domestic product,_Z,Not applicable,_Z,Not applicable,_Z,Not applicable,USD_PPP,"US dollars, PPP converted",LR,Chain linked volume (rebased),LA,Annual levels,T0102,Table 0102 - GDP identity from the expenditure side,1961-Q4,,3890838.7,,2020,,,,F,Free (free for publication),1,One,A,Normal value,6,Millions,USD,US dollar
DATAFLOW,OECD.SDD.NAD:DSD_NAMAIN1@DF_QNA_EXPENDITURE_USD(1.1),"Quarterly GDP and components - expenditure approach, US Dollars",I,Q,Quarterly,Y,Calendar and seasonally adjusted,USA,United States,S1,Total economy,S1,Total economy,B1GQ,Gross domestic product,_Z,Not applicable,_Z,Not applicable,_Z,Not applicable,USD_PPP,"US dollars, PPP converted",LR,Chain linked volume (rebased),LA,Annual levels,T0102,Table 0102 - GDP identity from the expenditure side,1962-Q1,,3960238.1,,2020,,,,F,Free (free for publication),1,One,A,Normal value,6,Millions,USD,US dollar
DATAFLOW,OECD.SDD.NAD:DSD_NAMAIN1@DF_QNA_EXPENDITURE_USD(1.1),"Quarterly GDP and components - expenditure approach, US Dollars",I,Q,Quarterly,Y,Calendar and seasonally adjusted,USA,United States,S1,Total economy,S1,Total economy,B1GQ,Gross domestic product,_Z,Not applicable,_Z,Not applicable,_Z,Not applicable,USD_PPP,"US dollars, PPP converted",LR,Chain linked volume (rebased),LA,Annual levels,T0102,Table 0102 - GDP identity from the expenditure side,1962-Q2,,3996068.5,,2020,,,,F,Free (free for publication),1,One,A,Normal value,6,Millions,USD,US dollar
DATAFLOW,OECD.SDD.NAD:DSD_NAMAIN1@DF_QNA_EXPENDITURE_USD(1.1),"Quarterly GDP and components - expenditure approach, US Dollars",I,Q,Quarterly,Y,Calendar and seasonally adjusted,USA,United States,S1,Total economy,S1,Total economy,B1GQ,Gross domestic product,_Z,Not applicable,_Z,Not applicable,_Z,Not applicable,USD_PPP,"US dollars, PPP converted",LR,Chain linked volume (rebased),LA,Annual levels,T0102,Table 0102 - GDP identity from the expenditure side,1962-Q3,,4045202.9,,2020,,,,F,Free (free for publication),1,One,A,Normal value,6,Millions,USD,US dollar
DATAFLOW,OECD.SDD.NAD:DSD_NAMAIN1@DF_QNA_EXPENDITURE_USD(1.1),"Quarterly GDP and components - expenditure approach, US Dollars",I,Q,Quarterly,Y,Calendar and seasonally adjusted,USA,United States,S1,Total economy,S1,Total economy,B1GQ,Gross domestic product,_Z,Not applicable,_Z,Not applicable,_Z,Not applicable,USD_PPP,"US dollars, PPP converted",LR,Chain linked volume (rebased),LA,Annual levels,T0102,Table 0102 - GDP identity from the expenditure side,1962-Q4,,4058527.8,,2020,,,,F,Free (free for publication),1,One,A,Normal value,6,Millions,USD,US dollar
DATAFLOW,OECD.SDD.NAD:DSD_NAMAIN1@DF_QNA_EXPENDITURE_USD(1.1),"Quarterly GDP and components - expenditure approach, US Dollars",I,Q,Quarterly,Y,Calendar and seasonally adjusted,USA,United States,S1,Total economy,S1,Total economy,B1GQ,Gross domestic product,_Z,Not applicable,_Z,Not applicable,_Z,Not applicable,USD_PPP,"US dollars, PPP converted",LR,Chain linked volume (rebased),LA,Annual levels,T0102,Table 0102 - GDP identity from the expenditure side,1963-Q1,,4102850.6,,2020,,,,F,Free (free for publication),1,One,A,Normal value,6,Millions,USD,US dollar
DATAFLOW,OECD.SDD.NAD:DSD_NAMAIN1@DF_QNA_EXPENDITURE_USD(1.1),"Quarterly GDP and components - expenditure approach, US Dollars",I,Q,Quarterly,Y,Calendar and seasonally adjusted,USA,United States,S1,Total economy,S1,Total economy,B1GQ,Gross domestic product,_Z,Not applicable,_Z,Not applicable,_Z,Not applicable,USD_PPP,"US dollars, PPP converted",LR,Chain linked volume (rebased),LA,Annual levels,T0102,Table 0102 - GDP identity from the expenditure side,1963-Q2,,4148901.6,,2020,,,,F,Free (free for publication),1,One,A,Normal value,6,Millions,USD,US dollar
DATAFLOW,OECD.SDD.NAD:DSD_NAMAIN1@DF_QNA_EXPENDITURE_USD(1.1),"Quarterly GDP and components - expenditure approach, US Dollars",I,Q,Quarterly,Y,Calendar and seasonally adjusted,USA,United States,S1,Total economy,S1,Total economy,B1GQ,Gross domestic product,_Z,Not applicable,_Z,Not applicable,_Z,Not applicable,USD_PPP,"US dollars, PPP converted",LR,Chain linked volume (rebased),LA,Annual levels,T0102,Table 0102 - GDP identity from the expenditure side,1963-Q3,,4240129,,2020,,,,F,Free (free for publication),1,One,A,Normal value,6,Millions,USD,US dollar
DATAFLOW,OECD.SDD.NAD:DSD_NAMAIN1@DF_QNA_EXPENDITURE_USD(1.1),"Quarterly GDP and components - expenditure approach, US Dollars",I,Q,Quarterly,Y,Calendar and seasonally adjusted,USA,United States,S1,Total economy,S1,Total economy,B1GQ,Gross domestic product,_Z,Not applicable,_Z,Not applicable,_Z,Not applicable,USD_PPP,"US dollars, PPP converted",LR,Chain linked volume (rebased),LA,Annual levels,T0102,Table 0102 - GDP identity from the expenditure side,1963-Q4,,4267940.2,,2020,,,,F,Free (free for publication),1,One,A,Normal value,6,Millions,USD,US dollar
DATAFLOW,OECD.SDD.NAD:DSD_NAMAIN1@DF_QNA_EXPENDITURE_USD(1.1),"Quarterly GDP and components - expenditure approach, US Dollars",I,Q,Quarterly,Y,Calendar and seasonally adjusted,USA,United States,S1,Total economy,S1,Total economy,B1GQ,Gross domestic product,_Z,Not applicable,_Z,Not applicable,_Z,Not applicable,USD_PPP,"US dollars, PPP converted",LR,Chain linked volume (rebased),LA,Annual levels,T0102,Table 0102 - GDP identity from the expenditure side,1964-Q1,,4357938.8,,2020,,,,F,Free (free for publication),1,One,A,Normal value,6,Millions,USD,US dollar
DATAFLOW,OECD.SDD.NAD:DSD_NAMAIN1@DF_QNA_EXPENDITURE_USD(1.1),"Quarterly GDP and components - expenditure approach, US Dollars",I,Q,Quarterly,Y,Calendar and seasonally adjusted,USA,United States,S1,Total economy,S1,Total economy,B1GQ,Gross domestic product,_Z,Not applicable,_Z,Not applicable,_Z,Not applicable,USD_PPP,"US dollars, PPP converted",LR,Chain linked volume (rebased),LA,Annual levels,T0102,Table 0102 - GDP identity from the expenditure side,1964-Q2,,4405399.7,,2020,,,,F,Free (free for publication),1,One,A,Normal value,6,Millions,USD,US dollar
DATAFLOW,OECD.SDD.NAD:DSD_NAMAIN1@DF_QNA_EXPENDITURE_USD(1.1),"Quarterly GDP and components - expenditure approach, US Dollars",I,Q,Quarterly,Y,Calendar and seasonally adjusted,USA,United States,S1,Total economy,S1,Total economy,B1GQ,Gross domestic product,_Z,Not applicable,_Z,Not applicable,_Z,Not applicable,USD_PPP,"US dollars, PPP converted",LR,Chain linked volume (rebased),LA,Annual levels,T0102,Table 0102 - GDP identity from the expenditure side,1964-Q3,,4474238.6,,2020,,,,F,Free (free for publication),1,One,A,Normal value,6,Millions,USD,US dollar
DATAFLOW,OECD.SDD.NAD:DSD_NAMAIN1@DF_QNA_EXPENDITURE_USD(1.1),"Quarterly GDP and components - expenditure approach, US Dollars",I,Q,Quarterly,Y,Calendar and seasonally adjusted,USA,United States,S1,Total economy,S1,Total economy,B1GQ,Gross domestic product,_Z,Not applicable,_Z,Not applicable,_Z,Not applicable,USD_PPP,"US dollars, PPP converted",LR,Chain linked volume (rebased),LA,Annual levels,T0102,Table 0102 - GDP identity from the expenditure side,1964-Q4,,4488072.5,,2020,,,,F,Free (free for publication),1,One,A,Normal value,6,Millions,USD,US dollar
DATAFLOW,OECD.SDD.NAD:DSD_NAMAIN1@DF_QNA_EXPENDITURE_USD(1.1),"Quarterly GDP and components - expenditure approach, US Dollars",I,Q,Quarterly,Y,Calendar and seasonally adjusted,USA,United States,S1,Total economy,S1,Total economy,B1GQ,Gross domestic product,_Z,Not applicable,_Z,Not applicable,_Z,Not applicable,USD_PPP,"US dollars, PPP converted",LR,Chain linked volume (rebased),LA,Annual levels,T0102,Table 0102 - GDP identity from the expenditure side,1965-Q1,,4596679.8,,2020,,,,F,Free (free for publication),1,One,A,Normal value,6,Millions,USD,US dollar
DATAFLOW,OECD.SDD.NAD:DSD_NAMAIN1@DF_QNA_EXPENDITURE_USD(1.1),"Quarterly GDP and components - expenditure approach, US Dollars",I,Q,Quarterly,Y,Calendar and seasonally adjusted,USA,United States,S1,Total economy,S1,Total economy,B1GQ,Gross domestic product,_Z,Not applicable,_Z,Not applicable,_Z,Not applicable,USD_PPP,"US dollars, PPP converted",LR,Chain linked volume (rebased),LA,Annual levels,T0102,Table 0102 - GDP identity from the expenditure side,1965-Q2,,4654757.5,,2020,,,,F,Free (free for publication),1,One,A,Normal value,6,Millions,USD,US dollar
DATAFLOW,OECD.SDD.NAD:DSD_NAMAIN1@DF_QNA_EXPENDITURE_USD(1.1),"Quarterly GDP and components - expenditure approach, US Dollars",I,Q,Quarterly,Y,Calendar and seasonally adjusted,USA,United States,S1,Total economy,S1,Total economy,B1GQ,Gross domestic product,_Z,Not applicable,_Z,Not applicable,_Z,Not applicable,USD_PPP,"US dollars, PPP converted",LR,Chain linked volume (rebased),LA,Annual levels,T0102,Table 0102 - GDP identity from the expenditure side,1965-Q3,,4758240.2,,2020,,,,F,Free (free for publication),1,One,A,Normal value,6,Millions,USD,US dollar
DATAFLOW,OECD.SDD.NAD:DSD_NAMAIN1@DF_QNA_EXPENDITURE_USD(1.1),"Quarterly GDP and components - expenditure approach, US Dollars",I,Q,Quarterly,Y,Calendar and seasonally adjusted,USA,United States,S1,Total economy,S1,Total economy,B1GQ,Gross domestic product,_Z,Not applicable,_Z,Not applicable,_Z,Not applicable,USD_PPP,"US dollars, PPP converted",LR,Chain linked volume (rebased),LA,Annual levels,T0102,Table 0102 - GDP identity from the expenditure side,1965-Q4,,4867865.4,,2020,,,,F,Free (free for publication),1,One,A,Normal value,6,Millions,USD,US dollar
DATAFLOW,OECD.SDD.NAD:DSD_NAMAIN1@DF_QNA_EXPENDITURE_USD(1.1),"Quarterly GDP and components - expenditure approach, US Dollars",I,Q,Quarterly,Y,Calendar and seasonally adjusted,USA,United States,S1,Total economy,S1,Total economy,B1GQ,Gross domestic product,_Z,Not applicable,_Z,Not applicable,_Z,Not applicable,USD_PPP,"US dollars, PPP converted",LR,Chain linked volume (rebased),LA,Annual levels,T0102,Table 0102 - GDP identity from the expenditure side,1966-Q1,,4986341.2,,2020,,,,F,Free (free for publication),1,One,A,Normal value,6,Millions,USD,US dollar
DATAFLOW,OECD.SDD.NAD:DSD_NAMAIN1@DF_QNA_EXPENDITURE_USD(1.1),"Quarterly GDP and components - expenditure approach, US Dollars",I,Q,Quarterly,Y,Calendar and seasonally adjusted,USA,United States,S1,Total economy,S1,Total economy,B1GQ,Gross domestic product,_Z,Not applicable,_Z,Not applicable,_Z,Not applicable,USD_PPP,"US dollars, PPP converted",LR,Chain linked volume (rebased),LA,Annual levels,T0102,Table 0102 - GDP identity from the expenditure side,1966-Q2,,5003368.1,,2020,,,,F,Free (free for publication),1,One,A,Normal value,6,Millions,USD,US dollar
DATAFLOW,OECD.SDD.NAD:DSD_NAMAIN1@DF_QNA_EXPENDITURE_USD(1.1),"Quarterly GDP and components - expenditure approach, US Dollars",I,Q,Quarterly,Y,Calendar and seasonally adjusted,USA,United States,S1,Total economy,S1,Total economy,B1GQ,Gross domestic product,_Z,Not applicable,_Z,Not applicable,_Z,Not applicable,USD_PPP,"US dollars, PPP converted",LR,Chain linked volume (rebased),LA,Annual levels,T0102,Table 0102 - GDP identity from the expenditure side,1966-Q3,,5045738.2,,2020,,,,F,Free (free for publication),1,One,A,Normal value,6,Millions,USD,US dollar
DATAFLOW,OECD.SDD.NAD:DSD_NAMAIN1@DF_QNA_EXPENDITURE_USD(1.1),"Quarterly GDP and components - expenditure approach, US Dollars",I,Q,Quarterly,Y,Calendar and seasonally adjusted,USA,United States,S1,Total economy,S1,Total economy,B1GQ,Gross domestic product,_Z,Not applicable,_Z,Not applicable,_Z,Not applicable,USD_PPP,"US dollars, PPP converted",LR,Chain linked volume (rebased),LA,Annual levels,T0102,Table 0102 - GDP identity from the expenditure side,1966-Q4,,5087133.6,,2020,,,,F,Free (free for publication),1,One,A,Normal value,6,Millions,USD,US dollar
DATAFLOW,OECD.SDD.NAD:DSD_NAMAIN1@DF_QNA_EXPENDITURE_USD(1.1),"Quarterly GDP and components - expenditure approach, US Dollars",I,Q,Quarterly,Y,Calendar and seasonally adjusted,USA,United States,S1,Total economy,S1,Total economy,B1GQ,Gross domestic product,_Z,Not applicable,_Z,Not applicable,_Z,Not applicable,USD_PPP,"US dollars, PPP converted",LR,Chain linked volume (rebased),LA,Annual levels,T0102,Table 0102 - GDP identity from the expenditure side,1967-Q1,,5132195.1,,2020,,,,F,Free (free for publication),1,One,A,Normal value,6,Millions,USD,US dollar
DATAFLOW,OECD.SDD.NAD:DSD_NAMAIN1@DF_QNA_EXPENDITURE_USD(1.1),"Quarterly GDP and components - expenditure approach, US Dollars",I,Q,Quarterly,Y,Calendar and seasonally adjusted,USA,United States,S1,Total economy,S1,Total economy,B1GQ,Gross domestic product,_Z,Not applicable,_Z,Not applicable,_Z,Not applicable,USD_PPP,"US dollars, PPP converted",LR,Chain linked volume (rebased),LA,Annual levels,T0102,Table 0102 - GDP identity from the expenditure side,1967-Q2,,5135343.8,,2020,,,,F,Free (free for publication),1,One,A,Normal value,6,Millions,USD,US dollar
DATAFLOW,OECD.SDD.NAD:DSD_NAMAIN1@DF_QNA_EXPENDITURE_USD(1.1),"Quarterly GDP and components - expenditure approach, US Dollars",I,Q,Quarterly,Y,Calendar and seasonally adjusted,USA,United States,S1,Total economy,S1,Total economy,B1GQ,Gross domestic product,_Z,Not applicable,_Z,Not applicable,_Z,Not applicable,USD_PPP,"US dollars, PPP converted",LR,Chain linked volume (rebased),LA,Annual levels,T0102,Table 0102 - GDP identity from the expenditure side,1967-Q3,,5183928.1,,2020,,,,F,Free (free for publication),1,One,A,Normal value,6,Millions,USD,US dollar
DATAFLOW,OECD.SDD.NAD:DSD_NAMAIN1@DF_QNA_EXPENDITURE_USD(1.1),"Quarterly GDP and components - expenditure approach, US Dollars",I,Q,Quarterly,Y,Calendar and seasonally adjusted,USA,United States,S1,Total economy,S1,Total economy,B1GQ,Gross domestic product,_Z,Not applicable,_Z,Not applicable,_Z,Not applicable,USD_PPP,"US dollars, PPP converted",LR,Chain linked volume (rebased),LA,Annual levels,T0102,Table 0102 - GDP identity from the expenditure side,1967-Q4,,5223007.3,,2020,,,,F,Free (free for publication),1,One,A,Normal value,6,Millions,USD,US dollar
DATAFLOW,OECD.SDD.NAD:DSD_NAMAIN1@DF_QNA_EXPENDITURE_USD(1.1),"Quarterly GDP and components - expenditure approach, US Dollars",I,Q,Quarterly,Y,Calendar and seasonally adjusted,USA,United States,S1,Total economy,S1,Total economy,B1GQ,Gross domestic product,_Z,Not applicable,_Z,Not applicable,_Z,Not applicable,USD_PPP,"US dollars, PPP converted",LR,Chain linked volume (rebased),LA,Annual levels,T0102,Table 0102 - GDP identity from the expenditure side,1968-Q1,,5329518.6,,2020,,,,F,Free (free for publication),1,One,A,Normal value,6,Millions,USD,US dollar
DATAFLOW,OECD.SDD.NAD:DSD_NAMAIN1@DF_QNA_EXPENDITURE_USD(1.1),"Quarterly GDP and components - expenditure approach, US Dollars",I,Q,Quarterly,Y,Calendar and seasonally adjusted,USA,United States,S1,Total economy,S1,Total economy,B1GQ,Gross domestic product,_Z,Not applicable,_Z,Not applicable,_Z,Not applicable,USD_PPP,"US dollars, PPP converted",LR,Chain linked volume (rebased),LA,Annual levels,T0102,Table 0102 - GDP identity from the expenditure side,1968-Q2,,5418541.4,,2020,,,,F,Free (free for publication),1,One,A,Normal value,6,Millions,USD,US dollar
DATAFLOW,OECD.SDD.NAD:DSD_NAMAIN1@DF_QNA_EXPENDITURE_USD(1.1),"Quarterly GDP and components - expenditure approach, US Dollars",I,Q,Quarterly,Y,Calendar and seasonally adjusted,USA,United States,S1,Total economy,S1,Total economy,B1GQ,Gross domestic product,_Z,Not applicable,_Z,Not applicable,_Z,Not applicable,USD_PPP,"US dollars, PPP converted",LR,Chain linked volume (rebased),LA,Annual levels,T0102,Table 0102 - GDP identity from the expenditure side,1968-Q3,,5460509,,2020,,,,F,Free (free for publication),1,One,A,Normal value,6,Millions,USD,US dollar
DATAFLOW,OECD.SDD.NAD:DSD_NAMAIN1@DF_QNA_EXPENDITURE_USD(1.1),"Quarterly GDP and components - expenditure approach, US Dollars",I,Q,Quarterly,Y,Calendar and seasonally adjusted,USA,United States,S1,Total economy,S1,Total economy,B1GQ,Gross domestic product,_Z,Not applicable,_Z,Not applicable,_Z,Not applicable,USD_PPP,"US dollars, PPP converted",LR,Chain linked volume (rebased),LA,Annual levels,T0102,Table 0102 - GDP identity from the expenditure side,1968-Q4,,5481956.5,,2020,,,,F,Free (free for publication),1,One,A,Normal value,6,Millions,USD,US dollar
DATAFLOW,OECD.SDD.NAD:DSD_NAMAIN1@DF_QNA_EXPENDITURE_USD(1.1),"Quarterly GDP and components - expenditure approach, US Dollars",I,Q,Quarterly,Y,Calendar and seasonally adjusted,USA,United States,S1,Total economy,S1,Total economy,B1GQ,Gross domestic product,_Z,Not applicable,_Z,Not applicable,_Z,Not applicable,USD_PPP,"US dollars, PPP converted",LR,Chain linked volume (rebased),LA,Annual levels,T0102,Table 0102 - GDP identity from the expenditure side,1969-Q1,,5567717.9,,2020,,,,F,Free (free for publication),1,One,A,Normal value,6,Millions,USD,US dollar
DATAFLOW,OECD.SDD.NAD:DSD_NAMAIN1@DF_QNA_EXPENDITURE_USD(1.1),"Quarterly GDP and components - expenditure approach, US Dollars",I,Q,Quarterly,Y,Calendar and seasonally adjusted,USA,United States,S1,Total economy,S1,Total economy,B1GQ,Gross domestic product,_Z,Not applicable,_Z,Not applicable,_Z,Not applicable,USD_PPP,"US dollars, PPP converted",LR,Chain linked volume (rebased),LA,Annual levels,T0102,Table 0102 - GDP identity from the expenditure side,1969-Q2,,5584607.8,,2020,,,,F,Free (free for publication),1,One,A,Normal value,6,Millions,USD,US dollar
DATAFLOW,OECD.SDD.NAD:DSD_NAMAIN1@DF_QNA_EXPENDITURE_USD(1.1),"Quarterly GDP and components - expenditure approach, US Dollars",I,Q,Quarterly,Y,Calendar and seasonally adjusted,USA,United States,S1,Total economy,S1,Total economy,B1GQ,Gross domestic product,_Z,Not applicable,_Z,Not applicable,_Z,Not applicable,USD_PPP,"US dollars, PPP converted",LR,Chain linked volume (rebased),LA,Annual levels,T0102,Table 0102 - GDP identity from the expenditure side,1969-Q3,,5621463.5,,2020,,,,F,Free (free for publication),1,One,A,Normal value,6,Millions,USD,US dollar
DATAFLOW,OECD.SDD.NAD:DSD_NAMAIN1@DF_QNA_EXPENDITURE_USD(1.1),"Quarterly GDP and components - expenditure approach, US Dollars",I,Q,Quarterly,Y,Calendar and seasonally adjusted,USA,United States,S1,Total economy,S1,Total economy,B1GQ,Gross domestic product,_Z,Not applicable,_Z,Not applicable,_Z,Not applicable,USD_PPP,"US dollars, PPP converted",LR,Chain linked volume (rebased),LA,Annual levels,T0102,Table 0102 - GDP identity from the expenditure side,1969-Q4,,5594019,,2020,,,,F,Free (free for publication),1,One,A,Normal value,6,Millions,USD,US dollar
DATAFLOW,OECD.SDD.NAD:DSD_NAMAIN1@DF_QNA_EXPENDITURE_USD(1.1),"Quarterly GDP and components - expenditure approach, US Dollars",I,Q,Quarterly,Y,Calendar and seasonally adjusted,USA,United States,S1,Total economy,S1,Total economy,B1GQ,Gross domestic product,_Z,Not applicable,_Z,Not applicable,_Z,Not applicable,USD_PPP,"US dollars, PPP converted",LR,Chain linked volume (rebased),LA,Annual levels,T0102,Table 0102 - GDP identity from the expenditure side,1970-Q1,,5585690,,2020,,,,F,Free (free for publication),1,One,A,Normal value,6,Millions,USD,US dollar
DATAFLOW,OECD.SDD.NAD:DSD_NAMAIN1@DF_QNA_EXPENDITURE_USD(1.1),"Quarterly GDP and components - expenditure approach, US Dollars",I,Q,Quarterly,Y,Calendar and seasonally adjusted,USA,United States,S1,Total economy,S1,Total economy,B1GQ,Gross domestic product,_Z,Not applicable,_Z,Not applicable,_Z,Not applicable,USD_PPP,"US dollars, PPP converted",LR,Chain linked volume (rebased),LA,Annual levels,T0102,Table 0102 - GDP identity from the expenditure side,1970-Q2,,5593605.9,,2020,,,,F,Free (free for publication),1,One,A,Normal value,6,Millions,USD,US dollar
DATAFLOW,OECD.SDD.NAD:DSD_NAMAIN1@DF_QNA_EXPENDITURE_USD(1.1),"Quarterly GDP and components - expenditure approach, US Dollars",I,Q,Quarterly,Y,Calendar and seasonally adjusted,USA,United States,S1,Total economy,S1,Total economy,B1GQ,Gross domestic product,_Z,Not applicable,_Z,Not applicable,_Z,Not applicable,USD_PPP,"US dollars, PPP converted",LR,Chain linked volume (rebased),LA,Annual levels,T0102,Table 0102 - GDP identity from the expenditure side,1970-Q3,,5645149.2,,2020,,,,F,Free (free for publication),1,One,A,Normal value,6,Millions,USD,US dollar
DATAFLOW,OECD.SDD.NAD:DSD_NAMAIN1@DF_QNA_EXPENDITURE_USD(1.1),"Quarterly GDP and components - expenditure approach, US Dollars",I,Q,Quarterly,Y,Calendar and seasonally adjusted,USA,United States,S1,Total economy,S1,Total economy,B1GQ,Gross domestic product,_Z,Not applicable,_Z,Not applicable,_Z,Not applicable,USD_PPP,"US dollars, PPP converted",LR,Chain linked volume (rebased),LA,Annual levels,T0102,Table 0102 - GDP identity from the expenditure side,1970-Q4,,5584657.3,,2020,,,,F,Free (free for publication),1,One,A,Normal value,6,Millions,USD,US dollar
DATAFLOW,OECD.SDD.NAD:DSD_NAMAIN1@DF_QNA_EXPENDITURE_USD(1.1),"Quarterly GDP and components - expenditure approach, US Dollars",I,Q,Quarterly,Y,Calendar and seasonally adjusted,USA,United States,S1,Total economy,S1,Total economy,B1GQ,Gross domestic product,_Z,Not applicable,_Z,Not applicable,_Z,Not applicable,USD_PPP,"US dollars, PPP converted",LR,Chain linked volume (rebased),LA,Annual levels,T0102,Table 0102 - GDP identity from the expenditure side,1971-Q1,,5736344.9,,2020,,,,F,Free (free for publication),1,One,A,Normal value,6,Millions,USD,US dollar
DATAFLOW,OECD.SDD.NAD:DSD_NAMAIN1@DF_QNA_EXPENDITURE_USD(1.1),"Quarterly GDP and components - expenditure approach, US Dollars",I,Q,Quarterly,Y,Calendar and seasonally adjusted,USA,United States,S1,Total economy,S1,Total economy,B1GQ,Gross domestic product,_Z,Not applicable,_Z,Not applicable,_Z,Not applicable,USD_PPP,"US dollars, PPP converted",LR,Chain linked volume (rebased),LA,Annual levels,T0102,Table 0102 - GDP identity from the expenditure side,1971-Q2,,5767368,,2020,,,,F,Free (free for publication),1,One,A,Normal value,6,Millions,USD,US dollar
DATAFLOW,OECD.SDD.NAD:DSD_NAMAIN1@DF_QNA_EXPENDITURE_USD(1.1),"Quarterly GDP and components - expenditure approach, US Dollars",I,Q,Quarterly,Y,Calendar and seasonally adjusted,USA,United States,S1,Total economy,S1,Total economy,B1GQ,Gross domestic product,_Z,Not applicable,_Z,Not applicable,_Z,Not applicable,USD_PPP,"US dollars, PPP converted",LR,Chain linked volume (rebased),LA,Annual levels,T0102,Table 0102 - GDP identity from the expenditure side,1971-Q3,,5814801.6,,2020,,,,F,Free (free for publication),1,One,A,Normal value,6,Millions,USD,US dollar
DATAFLOW,OECD.SDD.NAD:DSD_NAMAIN1@DF_QNA_EXPENDITURE_USD(1.1),"Quarterly GDP and components - expenditure approach, US Dollars",I,Q,Quarterly,Y,Calendar and seasonally adjusted,USA,United States,S1,Total economy,S1,Total economy,B1GQ,Gross domestic product,_Z,Not applicable,_Z,Not applicable,_Z,Not applicable,USD_PPP,"US dollars, PPP converted",LR,Chain linked volume (rebased),LA,Annual levels,T0102,Table 0102 - GDP identity from the expenditure side,1971-Q4,,5828458.5,,2020,,,,F,Free (free for publication),1,One,A,Normal value,6,Millions,USD,US dollar
DATAFLOW,OECD.SDD.NAD:DSD_NAMAIN1@DF_QNA_EXPENDITURE_USD(1.1),"Quarterly GDP and components - expenditure approach, US Dollars",I,Q,Quarterly,Y,Calendar and seasonally adjusted,USA,United States,S1,Total economy,S1,Total economy,B1GQ,Gross domestic product,_Z,Not applicable,_Z,Not applicable,_Z,Not applicable,USD_PPP,"US dollars, PPP converted",LR,Chain linked volume (rebased),LA,Annual levels,T0102,Table 0102 - GDP identity from the expenditure side,1972-Q1,,5935539.8,,2020,,,,F,Free (free for publication),1,One,A,Normal value,6,Millions,USD,US dollar
DATAFLOW,OECD.SDD.NAD:DSD_NAMAIN1@DF_QNA_EXPENDITURE_USD(1.1),"Quarterly GDP and components - expenditure approach, US Dollars",I,Q,Quarterly,Y,Calendar and seasonally adjusted,USA,United States,S1,Total economy,S1,Total economy,B1GQ,Gross domestic product,_Z,Not applicable,_Z,Not applicable,_Z,Not applicable,USD_PPP,"US dollars, PPP converted",LR,Chain linked volume (rebased),LA,Annual levels,T0102,Table 0102 - GDP identity from the expenditure side,1972-Q2,,6070234.3,,2020,,,,F,Free (free for publication),1,One,A,Normal value,6,Millions,USD,US dollar
DATAFLOW,OECD.SDD.NAD:DSD_NAMAIN1@DF_QNA_EXPENDITURE_USD(1.1),"Quarterly GDP and components - expenditure approach, US Dollars",I,Q,Quarterly,Y,Calendar and seasonally adjusted,USA,United States,S1,Total economy,S1,Total economy,B1GQ,Gross domestic product,_Z,Not applicable,_Z,Not applicable,_Z,Not applicable,USD_PPP,"US dollars, PPP converted",LR,Chain linked volume (rebased),LA,Annual levels,T0102,Table 0102 - GDP identity from the expenditure side,1972-Q3,,6127542.8,,2020,,,,F,Free (free for publication),1,One,A,Normal value,6,Millions,USD,US dollar
DATAFLOW,OECD.SDD.NAD:DSD_NAMAIN1@DF_QNA_EXPENDITURE_USD(1.1),"Quarterly GDP and components - expenditure approach, US Dollars",I,Q,Quarterly,Y,Calendar and seasonally adjusted,USA,United States,S1,Total economy,S1,Total economy,B1GQ,Gross domestic product,_Z,Not applicable,_Z,Not applicable,_Z,Not applicable,USD_PPP,"US dollars, PPP converted",LR,Chain linked volume (rebased),LA,Annual levels,T0102,Table 0102 - GDP identity from the expenditure side,1972-Q4,,6230144.5,,2020,,,,F,Free (free for publication),1,One,A,Normal value,6,Millions,USD,US dollar
DATAFLOW,OECD.SDD.NAD:DSD_NAMAIN1@DF_QNA_EXPENDITURE_USD(1.1),"Quarterly GDP and components - expenditure approach, US Dollars",I,Q,Quarterly,Y,Calendar and seasonally adjusted,USA,United States,S1,Total economy,S1,Total economy,B1GQ,Gross domestic product,_Z,Not applicable,_Z,Not applicable,_Z,Not applicable,USD_PPP,"US dollars, PPP converted",LR,Chain linked volume (rebased),LA,Annual levels,T0102,Table 0102 - GDP identity from the expenditure side,1973-Q1,,6384337,,2020,,,,F,Free (free for publication),1,One,A,Normal value,6,Millions,USD,US dollar
DATAFLOW,OECD.SDD.NAD:DSD_NAMAIN1@DF_QNA_EXPENDITURE_USD(1.1),"Quarterly GDP and components - expenditure approach, US Dollars",I,Q,Quarterly,Y,Calendar and seasonally adjusted,USA,United States,S1,Total economy,S1,Total economy,B1GQ,Gross domestic product,_Z,Not applicable,_Z,Not applicable,_Z,Not applicable,USD_PPP,"US dollars, PPP converted",LR,Chain linked volume (rebased),LA,Annual levels,T0102,Table 0102 - GDP identity from the expenditure side,1973-Q2,,6453846,,2020,,,,F,Free (free for publication),1,One,A,Normal value,6,Millions,USD,US dollar
DATAFLOW,OECD.SDD.NAD:DSD_NAMAIN1@DF_QNA_EXPENDITURE_USD(1.1),"Quarterly GDP and components - expenditure approach, US Dollars",I,Q,Quarterly,Y,Calendar and seasonally adjusted,USA,United States,S1,Total economy,S1,Total economy,B1GQ,Gross domestic product,_Z,Not applicable,_Z,Not applicable,_Z,Not applicable,USD_PPP,"US dollars, PPP converted",LR,Chain linked volume (rebased),LA,Annual levels,T0102,Table 0102 - GDP identity from the expenditure side,1973-Q3,,6419909.2,,2020,,,,F,Free (free for publication),1,One,A,Normal value,6,Millions,USD,US dollar
DATAFLOW,OECD.SDD.NAD:DSD_NAMAIN1@DF_QNA_EXPENDITURE_USD(1.1),"Quarterly GDP and components - expenditure approach, US Dollars",I,Q,Quarterly,Y,Calendar and seasonally adjusted,USA,United States,S1,Total economy,S1,Total economy,B1GQ,Gross domestic product,_Z,Not applicable,_Z,Not applicable,_Z,Not applicable,USD_PPP,"US dollars, PPP converted",LR,Chain linked volume (rebased),LA,Annual levels,T0102,Table 0102 - GDP identity from the expenditure side,1973-Q4,,6480849,,2020,,,,F,Free (free for publication),1,One,A,Normal value,6,Millions,USD,US dollar
DATAFLOW,OECD.SDD.NAD:DSD_NAMAIN1@DF_QNA_EXPENDITURE_USD(1.1),"Quarterly GDP and components - expenditure approach, US Dollars",I,Q,Quarterly,Y,Calendar and seasonally adjusted,USA,United States,S1,Total economy,S1,Total economy,B1GQ,Gross domestic product,_Z,Not applicable,_Z,Not applicable,_Z,Not applicable,USD_PPP,"US dollars, PPP converted",LR,Chain linked volume (rebased),LA,Annual levels,T0102,Table 0102 - GDP identity from the expenditure side,1974-Q1,,6425132.8,,2020,,,,F,Free (free for publication),1,One,A,Normal value,6,Millions,USD,US dollar
DATAFLOW,OECD.SDD.NAD:DSD_NAMAIN1@DF_QNA_EXPENDITURE_USD(1.1),"Quarterly GDP and components - expenditure approach, US Dollars",I,Q,Quarterly,Y,Calendar and seasonally adjusted,USA,United States,S1,Total economy,S1,Total economy,B1GQ,Gross domestic product,_Z,Not applicable,_Z,Not applicable,_Z,Not applicable,USD_PPP,"US dollars, PPP converted",LR,Chain linked volume (rebased),LA,Annual levels,T0102,Table 0102 - GDP identity from the expenditure side,1974-Q2,,6440405.1,,2020,,,,F,Free (free for publication),1,One,A,Normal value,6,Millions,USD,US dollar
DATAFLOW,OECD.SDD.NAD:DSD_NAMAIN1@DF_QNA_EXPENDITURE_USD(1.1),"Quarterly GDP and components - expenditure approach, US Dollars",I,Q,Quarterly,Y,Calendar and seasonally adjusted,USA,United States,S1,Total economy,S1,Total economy,B1GQ,Gross domestic product,_Z,Not applicable,_Z,Not applicable,_Z,Not applicable,USD_PPP,"US dollars, PPP converted",LR,Chain linked volume (rebased),LA,Annual levels,T0102,Table 0102 - GDP identity from the expenditure side,1974-Q3,,6379525.4,,2020,,,,F,Free (free for publication),1,One,A,Normal value,6,Millions,USD,US dollar
DATAFLOW,OECD.SDD.NAD:DSD_NAMAIN1@DF_QNA_EXPENDITURE_USD(1.1),"Quarterly GDP and components - expenditure approach, US Dollars",I,Q,Quarterly,Y,Calendar and seasonally adjusted,USA,United States,S1,Total economy,S1,Total economy,B1GQ,Gross domestic product,_Z,Not applicable,_Z,Not applicable,_Z,Not applicable,USD_PPP,"US dollars, PPP converted",LR,Chain linked volume (rebased),LA,Annual levels,T0102,Table 0102 - GDP identity from the expenditure side,1974-Q4,,6354747,,2020,,,,F,Free (free for publication),1,One,A,Normal value,6,Millions,USD,US dollar
DATAFLOW,OECD.SDD.NAD:DSD_NAMAIN1@DF_QNA_EXPENDITURE_USD(1.1),"Quarterly GDP and components - expenditure approach, US Dollars",I,Q,Quarterly,Y,Calendar and seasonally adjusted,USA,United States,S1,Total economy,S1,Total economy,B1GQ,Gross domestic product,_Z,Not applicable,_Z,Not applicable,_Z,Not applicable,USD_PPP,"US dollars, PPP converted",LR,Chain linked volume (rebased),LA,Annual levels,T0102,Table 0102 - GDP identity from the expenditure side,1975-Q1,,6277369.4,,2020,,,,F,Free (free for publication),1,One,A,Normal value,6,Millions,USD,US dollar
DATAFLOW,OECD.SDD.NAD:DSD_NAMAIN1@DF_QNA_EXPENDITURE_USD(1.1),"Quarterly GDP and components - expenditure approach, US Dollars",I,Q,Quarterly,Y,Calendar and seasonally adjusted,USA,United States,S1,Total economy,S1,Total economy,B1GQ,Gross domestic product,_Z,Not applicable,_Z,Not applicable,_Z,Not applicable,USD_PPP,"US dollars, PPP converted",LR,Chain linked volume (rebased),LA,Annual levels,T0102,Table 0102 - GDP identity from the expenditure side,1975-Q2,,6322233.9,,2020,,,,F,Free (free for publication),1,One,A,Normal value,6,Millions,USD,US dollar
DATAFLOW,OECD.SDD.NAD:DSD_NAMAIN1@DF_QNA_EXPENDITURE_USD(1.1),"Quarterly GDP and components - expenditure approach, US Dollars",I,Q,Quarterly,Y,Calendar and seasonally adjusted,USA,United States,S1,Total economy,S1,Total economy,B1GQ,Gross domestic product,_Z,Not applicable,_Z,Not applicable,_Z,Not applicable,USD_PPP,"US dollars, PPP converted",LR,Chain linked volume (rebased),LA,Annual levels,T0102,Table 0102 - GDP identity from the expenditure side,1975-Q3,,6430473.3,,2020,,,,F,Free (free for publication),1,One,A,Normal value,6,Millions,USD,US dollar
DATAFLOW,OECD.SDD.NAD:DSD_NAMAIN1@DF_QNA_EXPENDITURE_USD(1.1),"Quarterly GDP and components - expenditure approach, US Dollars",I,Q,Quarterly,Y,Calendar and seasonally adjusted,USA,United States,S1,Total economy,S1,Total economy,B1GQ,Gross domestic product,_Z,Not applicable,_Z,Not applicable,_Z,Not applicable,USD_PPP,"US dollars, PPP converted",LR,Chain linked volume (rebased),LA,Annual levels,T0102,Table 0102 - GDP identity from the expenditure side,1975-Q4,,6517097.8,,2020,,,,F,Free (free for publication),1,One,A,Normal value,6,Millions,USD,US dollar
DATAFLOW,OECD.SDD.NAD:DSD_NAMAIN1@DF_QNA_EXPENDITURE_USD(1.1),"Quarterly GDP and components - expenditure approach, US Dollars",I,Q,Quarterly,Y,Calendar and seasonally adjusted,USA,United States,S1,Total economy,S1,Total economy,B1GQ,Gross domestic product,_Z,Not applicable,_Z,Not applicable,_Z,Not applicable,USD_PPP,"US dollars, PPP converted",LR,Chain linked volume (rebased),LA,Annual levels,T0102,Table 0102 - GDP identity from the expenditure side,1976-Q1,,6663697.8,,2020,,,,F,Free (free for publication),1,One,A,Normal value,6,Millions,USD,US dollar
DATAFLOW,OECD.SDD.NAD:DSD_NAMAIN1@DF_QNA_EXPENDITURE_USD(1.1),"Quarterly GDP and components - expenditure approach, US Dollars",I,Q,Quarterly,Y,Calendar and seasonally adjusted,USA,United States,S1,Total economy,S1,Total economy,B1GQ,Gross domestic product,_Z,Not applicable,_Z,Not applicable,_Z,Not applicable,USD_PPP,"US dollars, PPP converted",LR,Chain linked volume (rebased),LA,Annual levels,T0102,Table 0102 - GDP identity from the expenditure side,1976-Q2,,6712567.6,,2020,,,,F,Free (free for publication),1,One,A,Normal value,6,Millions,USD,US dollar
DATAFLOW,OECD.SDD.NAD:DSD_NAMAIN1@DF_QNA_EXPENDITURE_USD(1.1),"Quarterly GDP and components - expenditure approach, US Dollars",I,Q,Quarterly,Y,Calendar and seasonally adjusted,USA,United States,S1,Total economy,S1,Total economy,B1GQ,Gross domestic product,_Z,Not applicable,_Z,Not applicable,_Z,Not applicable,USD_PPP,"US dollars, PPP converted",LR,Chain linked volume (rebased),LA,Annual levels,T0102,Table 0102 - GDP identity from the expenditure side,1976-Q3,,6749312.7,,2020,,,,F,Free (free for publication),1,One,A,Normal value,6,Millions,USD,US dollar
DATAFLOW,OECD.SDD.NAD:DSD_NAMAIN1@DF_QNA_EXPENDITURE_USD(1.1),"Quarterly GDP and components - expenditure approach, US Dollars",I,Q,Quarterly,Y,Calendar and seasonally adjusted,USA,United States,S1,Total economy,S1,Total economy,B1GQ,Gross domestic product,_Z,Not applicable,_Z,Not applicable,_Z,Not applicable,USD_PPP,"US dollars, PPP converted",LR,Chain linked volume (rebased),LA,Annual levels,T0102,Table 0102 - GDP identity from the expenditure side,1976-Q4,,6798083.5,,2020,,,,F,Free (free for publication),1,One,A,Normal value,6,Millions,USD,US dollar
DATAFLOW,OECD.SDD.NAD:DSD_NAMAIN1@DF_QNA_EXPENDITURE_USD(1.1),"Quarterly GDP and components - expenditure approach, US Dollars",I,Q,Quarterly,Y,Calendar and seasonally adjusted,USA,United States,S1,Total economy,S1,Total economy,B1GQ,Gross domestic product,_Z,Not applicable,_Z,Not applicable,_Z,Not applicable,USD_PPP,"US dollars, PPP converted",LR,Chain linked volume (rebased),LA,Annual levels,T0102,Table 0102 - GDP identity from the expenditure side,1977-Q1,,6878724.6,,2020,,,,F,Free (free for publication),1,One,A,Normal value,6,Millions,USD,US dollar
DATAFLOW,OECD.SDD.NAD:DSD_NAMAIN1@DF_QNA_EXPENDITURE_USD(1.1),"Quarterly GDP and components - expenditure approach, US Dollars",I,Q,Quarterly,Y,Calendar and seasonally adjusted,USA,United States,S1,Total economy,S1,Total economy,B1GQ,Gross domestic product,_Z,Not applicable,_Z,Not applicable,_Z,Not applicable,USD_PPP,"US dollars, PPP converted",LR,Chain linked volume (rebased),LA,Annual levels,T0102,Table 0102 - GDP identity from the expenditure side,1977-Q2,,7012304.2,,2020,,,,F,Free (free for publication),1,One,A,Normal value,6,Millions,USD,US dollar
DATAFLOW,OECD.SDD.NAD:DSD_NAMAIN1@DF_QNA_EXPENDITURE_USD(1.1),"Quarterly GDP and components - expenditure approach, US Dollars",I,Q,Quarterly,Y,Calendar and seasonally adjusted,USA,United States,S1,Total economy,S1,Total economy,B1GQ,Gross domestic product,_Z,Not applicable,_Z,Not applicable,_Z,Not applicable,USD_PPP,"US dollars, PPP converted",LR,Chain linked volume (rebased),LA,Annual levels,T0102,Table 0102 - GDP identity from the expenditure side,1977-Q3,,7138747.6,,2020,,,,F,Free (free for publication),1,One,A,Normal value,6,Millions,USD,US dollar
DATAFLOW,OECD.SDD.NAD:DSD_NAMAIN1@DF_QNA_EXPENDITURE_USD(1.1),"Quarterly GDP and components - expenditure approach, US Dollars",I,Q,Quarterly,Y,Calendar and seasonally adjusted,USA,United States,S1,Total economy,S1,Total economy,B1GQ,Gross domestic product,_Z,Not applicable,_Z,Not applicable,_Z,Not applicable,USD_PPP,"US dollars, PPP converted",LR,Chain linked volume (rebased),LA,Annual levels,T0102,Table 0102 - GDP identity from the expenditure side,1977-Q4,,7138889.8,,2020,,,,F,Free (free for publication),1,One,A,Normal value,6,Millions,USD,US dollar
DATAFLOW,OECD.SDD.NAD:DSD_NAMAIN1@DF_QNA_EXPENDITURE_USD(1.1),"Quarterly GDP and components - expenditure approach, US Dollars",I,Q,Quarterly,Y,Calendar and seasonally adjusted,USA,United States,S1,Total economy,S1,Total economy,B1GQ,Gross domestic product,_Z,Not applicable,_Z,Not applicable,_Z,Not applicable,USD_PPP,"US dollars, PPP converted",LR,Chain linked volume (rebased),LA,Annual levels,T0102,Table 0102 - GDP identity from the expenditure side,1978-Q1,,7161723,,2020,,,,F,Free (free for publication),1,One,A,Normal value,6,Millions,USD,US dollar
DATAFLOW,OECD.SDD.NAD:DSD_NAMAIN1@DF_QNA_EXPENDITURE_USD(1.1),"Quarterly GDP and components - expenditure approach, US Dollars",I,Q,Quarterly,Y,Calendar and seasonally adjusted,USA,United States,S1,Total economy,S1,Total economy,B1GQ,Gross domestic product,_Z,Not applicable,_Z,Not applicable,_Z,Not applicable,USD_PPP,"US dollars, PPP converted",LR,Chain linked volume (rebased),LA,Annual levels,T0102,Table 0102 - GDP identity from the expenditure side,1978-Q2,,7438507.3,,2020,,,,F,Free (free for publication),1,One,A,Normal value,6,Millions,USD,US dollar
DATAFLOW,OECD.SDD.NAD:DSD_NAMAIN1@DF_QNA_EXPENDITURE_USD(1.1),"Quarterly GDP and components - expenditure approach, US Dollars",I,Q,Quarterly,Y,Calendar and seasonally adjusted,USA,United States,S1,Total economy,S1,Total economy,B1GQ,Gross domestic product,_Z,Not applicable,_Z,Not applicable,_Z,Not applicable,USD_PPP,"US dollars, PPP converted",LR,Chain linked volume (rebased),LA,Annual levels,T0102,Table 0102 - GDP identity from the expenditure side,1978-Q3,,7513320,,2020,,,,F,Free (free for publication),1,One,A,Normal value,6,Millions,USD,US dollar
DATAFLOW,OECD.SDD.NAD:DSD_NAMAIN1@DF_QNA_EXPENDITURE_USD(1.1),"Quarterly GDP and components - expenditure approach, US Dollars",I,Q,Quarterly,Y,Calendar and seasonally adjusted,USA,United States,S1,Total economy,S1,Total economy,B1GQ,Gross domestic product,_Z,Not applicable,_Z,Not applicable,_Z,Not applicable,USD_PPP,"US dollars, PPP converted",LR,Chain linked volume (rebased),LA,Annual levels,T0102,Table 0102 - GDP identity from the expenditure side,1978-Q4,,7614308.5,,2020,,,,F,Free (free for publication),1,One,A,Normal value,6,Millions,USD,US dollar
DATAFLOW,OECD.SDD.NAD:DSD_NAMAIN1@DF_QNA_EXPENDITURE_USD(1.1),"Quarterly GDP and components - expenditure approach, US Dollars",I,Q,Quarterly,Y,Calendar and seasonally adjusted,USA,United States,S1,Total economy,S1,Total economy,B1GQ,Gross domestic product,_Z,Not applicable,_Z,Not applicable,_Z,Not applicable,USD_PPP,"US dollars, PPP converted",LR,Chain linked volume (rebased),LA,Annual levels,T0102,Table 0102 - GDP identity from the expenditure side,1979-Q1,,7627983.3,,2020,,,,F,Free (free for publication),1,One,A,Normal value,6,Millions,USD,US dollar
DATAFLOW,OECD.SDD.NAD:DSD_NAMAIN1@DF_QNA_EXPENDITURE_USD(1.1),"Quarterly GDP and components - expenditure approach, US Dollars",I,Q,Quarterly,Y,Calendar and seasonally adjusted,USA,United States,S1,Total economy,S1,Total economy,B1GQ,Gross domestic product,_Z,Not applicable,_Z,Not applicable,_Z,Not applicable,USD_PPP,"US dollars, PPP converted",LR,Chain linked volume (rebased),LA,Annual levels,T0102,Table 0102 - GDP identity from the expenditure side,1979-Q2,,7636125.8,,2020,,,,F,Free (free for publication),1,One,A,Normal value,6,Millions,USD,US dollar
DATAFLOW,OECD.SDD.NAD:DSD_NAMAIN1@DF_QNA_EXPENDITURE_USD(1.1),"Quarterly GDP and components - expenditure approach, US Dollars",I,Q,Quarterly,Y,Calendar and seasonally adjusted,USA,United States,S1,Total economy,S1,Total economy,B1GQ,Gross domestic product,_Z,Not applicable,_Z,Not applicable,_Z,Not applicable,USD_PPP,"US dollars, PPP converted",LR,Chain linked volume (rebased),LA,Annual levels,T0102,Table 0102 - GDP identity from the expenditure side,1979-Q3,,7692847.3,,2020,,,,F,Free (free for publication),1,One,A,Normal value,6,Millions,USD,US dollar
DATAFLOW,OECD.SDD.NAD:DSD_NAMAIN1@DF_QNA_EXPENDITURE_USD(1.1),"Quarterly GDP and components - expenditure approach, US Dollars",I,Q,Quarterly,Y,Calendar and seasonally adjusted,USA,United States,S1,Total economy,S1,Total economy,B1GQ,Gross domestic product,_Z,Not applicable,_Z,Not applicable,_Z,Not applicable,USD_PPP,"US dollars, PPP converted",LR,Chain linked volume (rebased),LA,Annual levels,T0102,Table 0102 - GDP identity from the expenditure side,1979-Q4,,7712082.9,,2020,,,,F,Free (free for publication),1,One,A,Normal value,6,Millions,USD,US dollar
DATAFLOW,OECD.SDD.NAD:DSD_NAMAIN1@DF_QNA_EXPENDITURE_USD(1.1),"Quarterly GDP and components - expenditure approach, US Dollars",I,Q,Quarterly,Y,Calendar and seasonally adjusted,USA,United States,S1,Total economy,S1,Total economy,B1GQ,Gross domestic product,_Z,Not applicable,_Z,Not applicable,_Z,Not applicable,USD_PPP,"US dollars, PPP converted",LR,Chain linked volume (rebased),LA,Annual levels,T0102,Table 0102 - GDP identity from the expenditure side,1980-Q1,,7736342.9,,2020,,,,F,Free (free for publication),1,One,A,Normal value,6,Millions,USD,US dollar
DATAFLOW,OECD.SDD.NAD:DSD_NAMAIN1@DF_QNA_EXPENDITURE_USD(1.1),"Quarterly GDP and components - expenditure approach, US Dollars",I,Q,Quarterly,Y,Calendar and seasonally adjusted,USA,United States,S1,Total economy,S1,Total economy,B1GQ,Gross domestic product,_Z,Not applicable,_Z,Not applicable,_Z,Not applicable,USD_PPP,"US dollars, PPP converted",LR,Chain linked volume (rebased),LA,Annual levels,T0102,Table 0102 - GDP identity from the expenditure side,1980-Q2,,7576940.6,,2020,,,,F,Free (free for publication),1,One,A,Normal value,6,Millions,USD,US dollar
DATAFLOW,OECD.SDD.NAD:DSD_NAMAIN1@DF_QNA_EXPENDITURE_USD(1.1),"Quarterly GDP and components - expenditure approach, US Dollars",I,Q,Quarterly,Y,Calendar and seasonally adjusted,USA,United States,S1,Total economy,S1,Total economy,B1GQ,Gross domestic product,_Z,Not applicable,_Z,Not applicable,_Z,Not applicable,USD_PPP,"US dollars, PPP converted",LR,Chain linked volume (rebased),LA,Annual levels,T0102,Table 0102 - GDP identity from the expenditure side,1980-Q3,,7567935,,2020,,,,F,Free (free for publication),1,One,A,Normal value,6,Millions,USD,US dollar
DATAFLOW,OECD.SDD.NAD:DSD_NAMAIN1@DF_QNA_EXPENDITURE_USD(1.1),"Quarterly GDP and components - expenditure approach, US Dollars",I,Q,Quarterly,Y,Calendar and seasonally adjusted,USA,United States,S1,Total economy,S1,Total economy,B1GQ,Gross domestic product,_Z,Not applicable,_Z,Not applicable,_Z,Not applicable,USD_PPP,"US dollars, PPP converted",LR,Chain linked volume (rebased),LA,Annual levels,T0102,Table 0102 - GDP identity from the expenditure side,1980-Q4,,7709071.2,,2020,,,,F,Free (free for publication),1,One,A,Normal value,6,Millions,USD,US dollar
DATAFLOW,OECD.SDD.NAD:DSD_NAMAIN1@DF_QNA_EXPENDITURE_USD(1.1),"Quarterly GDP and components - expenditure approach, US Dollars",I,Q,Quarterly,Y,Calendar and seasonally adjusted,USA,United States,S1,Total economy,S1,Total economy,B1GQ,Gross domestic product,_Z,Not applicable,_Z,Not applicable,_Z,Not applicable,USD_PPP,"US dollars, PPP converted",LR,Chain linked volume (rebased),LA,Annual levels,T0102,Table 0102 - GDP identity from the expenditure side,1981-Q1,,7860124.5,,2020,,,,F,Free (free for publication),1,One,A,Normal value,6,Millions,USD,US dollar
DATAFLOW,OECD.SDD.NAD:DSD_NAMAIN1@DF_QNA_EXPENDITURE_USD(1.1),"Quarterly GDP and components - expenditure approach, US Dollars",I,Q,Quarterly,Y,Calendar and seasonally adjusted,USA,United States,S1,Total economy,S1,Total economy,B1GQ,Gross domestic product,_Z,Not applicable,_Z,Not applicable,_Z,Not applicable,USD_PPP,"US dollars, PPP converted",LR,Chain linked volume (rebased),LA,Annual levels,T0102,Table 0102 - GDP identity from the expenditure side,1981-Q2,,7801875,,2020,,,,F,Free (free for publication),1,One,A,Normal value,6,Millions,USD,US dollar
DATAFLOW,OECD.SDD.NAD:DSD_NAMAIN1@DF_QNA_EXPENDITURE_USD(1.1),"Quarterly GDP and components - expenditure approach, US Dollars",I,Q,Quarterly,Y,Calendar and seasonally adjusted,USA,United States,S1,Total economy,S1,Total economy,B1GQ,Gross domestic product,_Z,Not applicable,_Z,Not applicable,_Z,Not applicable,USD_PPP,"US dollars, PPP converted",LR,Chain linked volume (rebased),LA,Annual levels,T0102,Table 0102 - GDP identity from the expenditure side,1981-Q3,,7895302.6,,2020,,,,F,Free (free for publication),1,One,A,Normal value,6,Millions,USD,US dollar
DATAFLOW,OECD.SDD.NAD:DSD_NAMAIN1@DF_QNA_EXPENDITURE_USD(1.1),"Quarterly GDP and components - expenditure approach, US Dollars",I,Q,Quarterly,Y,Calendar and seasonally adjusted,USA,United States,S1,Total economy,S1,Total economy,B1GQ,Gross domestic product,_Z,Not applicable,_Z,Not applicable,_Z,Not applicable,USD_PPP,"US dollars, PPP converted",LR,Chain linked volume (rebased),LA,Annual levels,T0102,Table 0102 - GDP identity from the expenditure side,1981-Q4,,7809275.7,,2020,,,,F,Free (free for publication),1,One,A,Normal value,6,Millions,USD,US dollar
DATAFLOW,OECD.SDD.NAD:DSD_NAMAIN1@DF_QNA_EXPENDITURE_USD(1.1),"Quarterly GDP and components - expenditure approach, US Dollars",I,Q,Quarterly,Y,Calendar and seasonally adjusted,USA,United States,S1,Total economy,S1,Total economy,B1GQ,Gross domestic product,_Z,Not applicable,_Z,Not applicable,_Z,Not applicable,USD_PPP,"US dollars, PPP converted",LR,Chain linked volume (rebased),LA,Annual levels,T0102,Table 0102 - GDP identity from the expenditure side,1982-Q1,,7687947.3,,2020,,,,F,Free (free for publication),1,One,A,Normal value,6,Millions,USD,US dollar
DATAFLOW,OECD.SDD.NAD:DSD_NAMAIN1@DF_QNA_EXPENDITURE_USD(1.1),"Quarterly GDP and components - expenditure approach, US Dollars",I,Q,Quarterly,Y,Calendar and seasonally adjusted,USA,United States,S1,Total economy,S1,Total economy,B1GQ,Gross domestic product,_Z,Not applicable,_Z,Not applicable,_Z,Not applicable,USD_PPP,"US dollars, PPP converted",LR,Chain linked volume (rebased),LA,Annual levels,T0102,Table 0102 - GDP identity from the expenditure side,1982-Q2,,7723017.9,,2020,,,,F,Free (free for publication),1,One,A,Normal value,6,Millions,USD,US dollar
DATAFLOW,OECD.SDD.NAD:DSD_NAMAIN1@DF_QNA_EXPENDITURE_USD(1.1),"Quarterly GDP and components - expenditure approach, US Dollars",I,Q,Quarterly,Y,Calendar and seasonally adjusted,USA,United States,S1,Total economy,S1,Total economy,B1GQ,Gross domestic product,_Z,Not applicable,_Z,Not applicable,_Z,Not applicable,USD_PPP,"US dollars, PPP converted",LR,Chain linked volume (rebased),LA,Annual levels,T0102,Table 0102 - GDP identity from the expenditure side,1982-Q3,,7693495.4,,2020,,,,F,Free (free for publication),1,One,A,Normal value,6,Millions,USD,US dollar
DATAFLOW,OECD.SDD.NAD:DSD_NAMAIN1@DF_QNA_EXPENDITURE_USD(1.1),"Quarterly GDP and components - expenditure approach, US Dollars",I,Q,Quarterly,Y,Calendar and seasonally adjusted,USA,United States,S1,Total economy,S1,Total economy,B1GQ,Gross domestic product,_Z,Not applicable,_Z,Not applicable,_Z,Not applicable,USD_PPP,"US dollars, PPP converted",LR,Chain linked volume (rebased),LA,Annual levels,T0102,Table 0102 - GDP identity from the expenditure side,1982-Q4,,7696573.5,,2020,,,,F,Free (free for publication),1,One,A,Normal value,6,Millions,USD,US dollar
DATAFLOW,OECD.SDD.NAD:DSD_NAMAIN1@DF_QNA_EXPENDITURE_USD(1.1),"Quarterly GDP and components - expenditure approach, US Dollars",I,Q,Quarterly,Y,Calendar and seasonally adjusted,USA,United States,S1,Total economy,S1,Total economy,B1GQ,Gross domestic product,_Z,Not applicable,_Z,Not applicable,_Z,Not applicable,USD_PPP,"US dollars, PPP converted",LR,Chain linked volume (rebased),LA,Annual levels,T0102,Table 0102 - GDP identity from the expenditure side,1983-Q1,,7797998.2,,2020,,,,F,Free (free for publication),1,One,A,Normal value,6,Millions,USD,US dollar
DATAFLOW,OECD.SDD.NAD:DSD_NAMAIN1@DF_QNA_EXPENDITURE_USD(1.1),"Quarterly GDP and components - expenditure approach, US Dollars",I,Q,Quarterly,Y,Calendar and seasonally adjusted,USA,United States,S1,Total economy,S1,Total economy,B1GQ,Gross domestic product,_Z,Not applicable,_Z,Not applicable,_Z,Not applicable,USD_PPP,"US dollars, PPP converted",LR,Chain linked volume (rebased),LA,Annual levels,T0102,Table 0102 - GDP identity from the expenditure side,1983-Q2,,7975443.2,,2020,,,,F,Free (free for publication),1,One,A,Normal value,6,Millions,USD,US dollar
DATAFLOW,OECD.SDD.NAD:DSD_NAMAIN1@DF_QNA_EXPENDITURE_USD(1.1),"Quarterly GDP and components - expenditure approach, US Dollars",I,Q,Quarterly,Y,Calendar and seasonally adjusted,USA,United States,S1,Total economy,S1,Total economy,B1GQ,Gross domestic product,_Z,Not applicable,_Z,Not applicable,_Z,Not applicable,USD_PPP,"US dollars, PPP converted",LR,Chain linked volume (rebased),LA,Annual levels,T0102,Table 0102 - GDP identity from the expenditure side,1983-Q3,,8134868.7,,2020,,,,F,Free (free for publication),1,One,A,Normal value,6,Millions,USD,US dollar
DATAFLOW,OECD.SDD.NAD:DSD_NAMAIN1@DF_QNA_EXPENDITURE_USD(1.1),"Quarterly GDP and components - expenditure approach, US Dollars",I,Q,Quarterly,Y,Calendar and seasonally adjusted,USA,United States,S1,Total economy,S1,Total economy,B1GQ,Gross domestic product,_Z,Not applicable,_Z,Not applicable,_Z,Not applicable,USD_PPP,"US dollars, PPP converted",LR,Chain linked volume (rebased),LA,Annual levels,T0102,Table 0102 - GDP identity from the expenditure side,1983-Q4,,8304576.9,,2020,,,,F,Free (free for publication),1,One,A,Normal value,6,Millions,USD,US dollar
DATAFLOW,OECD.SDD.NAD:DSD_NAMAIN1@DF_QNA_EXPENDITURE_USD(1.1),"Quarterly GDP and components - expenditure approach, US Dollars",I,Q,Quarterly,Y,Calendar and seasonally adjusted,USA,United States,S1,Total economy,S1,Total economy,B1GQ,Gross domestic product,_Z,Not applicable,_Z,Not applicable,_Z,Not applicable,USD_PPP,"US dollars, PPP converted",LR,Chain linked volume (rebased),LA,Annual levels,T0102,Table 0102 - GDP identity from the expenditure side,1984-Q1,,8466914,,2020,,,,F,Free (free for publication),1,One,A,Normal value,6,Millions,USD,US dollar
DATAFLOW,OECD.SDD.NAD:DSD_NAMAIN1@DF_QNA_EXPENDITURE_USD(1.1),"Quarterly GDP and components - expenditure approach, US Dollars",I,Q,Quarterly,Y,Calendar and seasonally adjusted,USA,United States,S1,Total economy,S1,Total economy,B1GQ,Gross domestic product,_Z,Not applicable,_Z,Not applicable,_Z,Not applicable,USD_PPP,"US dollars, PPP converted",LR,Chain linked volume (rebased),LA,Annual levels,T0102,Table 0102 - GDP identity from the expenditure side,1984-Q2,,8613202.1,,2020,,,,F,Free (free for publication),1,One,A,Normal value,6,Millions,USD,US dollar
DATAFLOW,OECD.SDD.NAD:DSD_NAMAIN1@DF_QNA_EXPENDITURE_USD(1.1),"Quarterly GDP and components - expenditure approach, US Dollars",I,Q,Quarterly,Y,Calendar and seasonally adjusted,USA,United States,S1,Total economy,S1,Total economy,B1GQ,Gross domestic product,_Z,Not applicable,_Z,Not applicable,_Z,Not applicable,USD_PPP,"US dollars, PPP converted",LR,Chain linked volume (rebased),LA,Annual levels,T0102,Table 0102 - GDP identity from the expenditure side,1984-Q3,,8696234.2,,2020,,,,F,Free (free for publication),1,One,A,Normal value,6,Millions,USD,US dollar
DATAFLOW,OECD.SDD.NAD:DSD_NAMAIN1@DF_QNA_EXPENDITURE_USD(1.1),"Quarterly GDP and components - expenditure approach, US Dollars",I,Q,Quarterly,Y,Calendar and seasonally adjusted,USA,United States,S1,Total economy,S1,Total economy,B1GQ,Gross domestic product,_Z,Not applicable,_Z,Not applicable,_Z,Not applicable,USD_PPP,"US dollars, PPP converted",LR,Chain linked volume (rebased),LA,Annual levels,T0102,Table 0102 - GDP identity from the expenditure side,1984-Q4,,8767610.5,,2020,,,,F,Free (free for publication),1,One,A,Normal value,6,Millions,USD,US dollar
DATAFLOW,OECD.SDD.NAD:DSD_NAMAIN1@DF_QNA_EXPENDITURE_USD(1.1),"Quarterly GDP and components - expenditure approach, US Dollars",I,Q,Quarterly,Y,Calendar and seasonally adjusted,USA,United States,S1,Total economy,S1,Total economy,B1GQ,Gross domestic product,_Z,Not applicable,_Z,Not applicable,_Z,Not applicable,USD_PPP,"US dollars, PPP converted",LR,Chain linked volume (rebased),LA,Annual levels,T0102,Table 0102 - GDP identity from the expenditure side,1985-Q1,,8852566.9,,2020,,,,F,Free (free for publication),1,One,A,Normal value,6,Millions,USD,US dollar
DATAFLOW,OECD.SDD.NAD:DSD_NAMAIN1@DF_QNA_EXPENDITURE_USD(1.1),"Quarterly GDP and components - expenditure approach, US Dollars",I,Q,Quarterly,Y,Calendar and seasonally adjusted,USA,United States,S1,Total economy,S1,Total economy,B1GQ,Gross domestic product,_Z,Not applicable,_Z,Not applicable,_Z,Not applicable,USD_PPP,"US dollars, PPP converted",LR,Chain linked volume (rebased),LA,Annual levels,T0102,Table 0102 - GDP identity from the expenditure side,1985-Q2,,8930511.4,,2020,,,,F,Free (free for publication),1,One,A,Normal value,6,Millions,USD,US dollar
DATAFLOW,OECD.SDD.NAD:DSD_NAMAIN1@DF_QNA_EXPENDITURE_USD(1.1),"Quarterly GDP and components - expenditure approach, US Dollars",I,Q,Quarterly,Y,Calendar and seasonally adjusted,USA,United States,S1,Total economy,S1,Total economy,B1GQ,Gross domestic product,_Z,Not applicable,_Z,Not applicable,_Z,Not applicable,USD_PPP,"US dollars, PPP converted",LR,Chain linked volume (rebased),LA,Annual levels,T0102,Table 0102 - GDP identity from the expenditure side,1985-Q3,,9066904.5,,2020,,,,F,Free (free for publication),1,One,A,Normal value,6,Millions,USD,US dollar
DATAFLOW,OECD.SDD.NAD:DSD_NAMAIN1@DF_QNA_EXPENDITURE_USD(1.1),"Quarterly GDP and components - expenditure approach, US Dollars",I,Q,Quarterly,Y,Calendar and seasonally adjusted,USA,United States,S1,Total economy,S1,Total economy,B1GQ,Gross domestic product,_Z,Not applicable,_Z,Not applicable,_Z,Not applicable,USD_PPP,"US dollars, PPP converted",LR,Chain linked volume (rebased),LA,Annual levels,T0102,Table 0102 - GDP identity from the expenditure side,1985-Q4,,9134312.3,,2020,,,,F,Free (free for publication),1,One,A,Normal value,6,Millions,USD,US dollar
DATAFLOW,OECD.SDD.NAD:DSD_NAMAIN1@DF_QNA_EXPENDITURE_USD(1.1),"Quarterly GDP and components - expenditure approach, US Dollars",I,Q,Quarterly,Y,Calendar and seasonally adjusted,USA,United States,S1,Total economy,S1,Total economy,B1GQ,Gross domestic product,_Z,Not applicable,_Z,Not applicable,_Z,Not applicable,USD_PPP,"US dollars, PPP converted",LR,Chain linked volume (rebased),LA,Annual levels,T0102,Table 0102 - GDP identity from the expenditure side,1986-Q1,,9219603.8,,2020,,,,F,Free (free for publication),1,One,A,Normal value,6,Millions,USD,US dollar
DATAFLOW,OECD.SDD.NAD:DSD_NAMAIN1@DF_QNA_EXPENDITURE_USD(1.1),"Quarterly GDP and components - expenditure approach, US Dollars",I,Q,Quarterly,Y,Calendar and seasonally adjusted,USA,United States,S1,Total economy,S1,Total economy,B1GQ,Gross domestic product,_Z,Not applicable,_Z,Not applicable,_Z,Not applicable,USD_PPP,"US dollars, PPP converted",LR,Chain linked volume (rebased),LA,Annual levels,T0102,Table 0102 - GDP identity from the expenditure side,1986-Q2,,9261119.3,,2020,,,,F,Free (free for publication),1,One,A,Normal value,6,Millions,USD,US dollar
DATAFLOW,OECD.SDD.NAD:DSD_NAMAIN1@DF_QNA_EXPENDITURE_USD(1.1),"Quarterly GDP and components - expenditure approach, US Dollars",I,Q,Quarterly,Y,Calendar and seasonally adjusted,USA,United States,S1,Total economy,S1,Total economy,B1GQ,Gross domestic product,_Z,Not applicable,_Z,Not applicable,_Z,Not applicable,USD_PPP,"US dollars, PPP converted",LR,Chain linked volume (rebased),LA,Annual levels,T0102,Table 0102 - GDP identity from the expenditure side,1986-Q3,,9349717.5,,2020,,,,F,Free (free for publication),1,One,A,Normal value,6,Millions,USD,US dollar
DATAFLOW,OECD.SDD.NAD:DSD_NAMAIN1@DF_QNA_EXPENDITURE_USD(1.1),"Quarterly GDP and components - expenditure approach, US Dollars",I,Q,Quarterly,Y,Calendar and seasonally adjusted,USA,United States,S1,Total economy,S1,Total economy,B1GQ,Gross domestic product,_Z,Not applicable,_Z,Not applicable,_Z,Not applicable,USD_PPP,"US dollars, PPP converted",LR,Chain linked volume (rebased),LA,Annual levels,T0102,Table 0102 - GDP identity from the expenditure side,1986-Q4,,9399868.7,,2020,,,,F,Free (free for publication),1,One,A,Normal value,6,Millions,USD,US dollar
DATAFLOW,OECD.SDD.NAD:DSD_NAMAIN1@DF_QNA_EXPENDITURE_USD(1.1),"Quarterly GDP and components - expenditure approach, US Dollars",I,Q,Quarterly,Y,Calendar and seasonally adjusted,USA,United States,S1,Total economy,S1,Total economy,B1GQ,Gross domestic product,_Z,Not applicable,_Z,Not applicable,_Z,Not applicable,USD_PPP,"US dollars, PPP converted",LR,Chain linked volume (rebased),LA,Annual levels,T0102,Table 0102 - GDP identity from the expenditure side,1987-Q1,,9469601.1,,2020,,,,F,Free (free for publication),1,One,A,Normal value,6,Millions,USD,US dollar
DATAFLOW,OECD.SDD.NAD:DSD_NAMAIN1@DF_QNA_EXPENDITURE_USD(1.1),"Quarterly GDP and components - expenditure approach, US Dollars",I,Q,Quarterly,Y,Calendar and seasonally adjusted,USA,United States,S1,Total economy,S1,Total economy,B1GQ,Gross domestic product,_Z,Not applicable,_Z,Not applicable,_Z,Not applicable,USD_PPP,"US dollars, PPP converted",LR,Chain linked volume (rebased),LA,Annual levels,T0102,Table 0102 - GDP identity from the expenditure side,1987-Q2,,9571700.3,,2020,,,,F,Free (free for publication),1,One,A,Normal value,6,Millions,USD,US dollar
DATAFLOW,OECD.SDD.NAD:DSD_NAMAIN1@DF_QNA_EXPENDITURE_USD(1.1),"Quarterly GDP and components - expenditure approach, US Dollars",I,Q,Quarterly,Y,Calendar and seasonally adjusted,USA,United States,S1,Total economy,S1,Total economy,B1GQ,Gross domestic product,_Z,Not applicable,_Z,Not applicable,_Z,Not applicable,USD_PPP,"US dollars, PPP converted",LR,Chain linked volume (rebased),LA,Annual levels,T0102,Table 0102 - GDP identity from the expenditure side,1987-Q3,,9654703.9,,2020,,,,F,Free (free for publication),1,One,A,Normal value,6,Millions,USD,US dollar
DATAFLOW,OECD.SDD.NAD:DSD_NAMAIN1@DF_QNA_EXPENDITURE_USD(1.1),"Quarterly GDP and components - expenditure approach, US Dollars",I,Q,Quarterly,Y,Calendar and seasonally adjusted,USA,United States,S1,Total economy,S1,Total economy,B1GQ,Gross domestic product,_Z,Not applicable,_Z,Not applicable,_Z,Not applicable,USD_PPP,"US dollars, PPP converted",LR,Chain linked volume (rebased),LA,Annual levels,T0102,Table 0102 - GDP identity from the expenditure side,1987-Q4,,9820471,,2020,,,,F,Free (free for publication),1,One,A,Normal value,6,Millions,USD,US dollar
DATAFLOW,OECD.SDD.NAD:DSD_NAMAIN1@DF_QNA_EXPENDITURE_USD(1.1),"Quarterly GDP and components - expenditure approach, US Dollars",I,Q,Quarterly,Y,Calendar and seasonally adjusted,USA,United States,S1,Total economy,S1,Total economy,B1GQ,Gross domestic product,_Z,Not applicable,_Z,Not applicable,_Z,Not applicable,USD_PPP,"US dollars, PPP converted",LR,Chain linked volume (rebased),LA,Annual levels,T0102,Table 0102 - GDP identity from the expenditure side,1988-Q1,,9871231.3,,2020,,,,F,Free (free for publication),1,One,A,Normal value,6,Millions,USD,US dollar
DATAFLOW,OECD.SDD.NAD:DSD_NAMAIN1@DF_QNA_EXPENDITURE_USD(1.1),"Quarterly GDP and components - expenditure approach, US Dollars",I,Q,Quarterly,Y,Calendar and seasonally adjusted,USA,United States,S1,Total economy,S1,Total economy,B1GQ,Gross domestic product,_Z,Not applicable,_Z,Not applicable,_Z,Not applicable,USD_PPP,"US dollars, PPP converted",LR,Chain linked volume (rebased),LA,Annual levels,T0102,Table 0102 - GDP identity from the expenditure side,1988-Q2,,10000942.5,,2020,,,,F,Free (free for publication),1,One,A,Normal value,6,Millions,USD,US dollar
DATAFLOW,OECD.SDD.NAD:DSD_NAMAIN1@DF_QNA_EXPENDITURE_USD(1.1),"Quarterly GDP and components - expenditure approach, US Dollars",I,Q,Quarterly,Y,Calendar and seasonally adjusted,USA,United States,S1,Total economy,S1,Total economy,B1GQ,Gross domestic product,_Z,Not applicable,_Z,Not applicable,_Z,Not applicable,USD_PPP,"US dollars, PPP converted",LR,Chain linked volume (rebased),LA,Annual levels,T0102,Table 0102 - GDP identity from the expenditure side,1988-Q3,,10059545,,2020,,,,F,Free (free for publication),1,One,A,Normal value,6,Millions,USD,US dollar
DATAFLOW,OECD.SDD.NAD:DSD_NAMAIN1@DF_QNA_EXPENDITURE_USD(1.1),"Quarterly GDP and components - expenditure approach, US Dollars",I,Q,Quarterly,Y,Calendar and seasonally adjusted,USA,United States,S1,Total economy,S1,Total economy,B1GQ,Gross domestic product,_Z,Not applicable,_Z,Not applicable,_Z,Not applicable,USD_PPP,"US dollars, PPP converted",LR,Chain linked volume (rebased),LA,Annual levels,T0102,Table 0102 - GDP identity from the expenditure side,1988-Q4,,10193584,,2020,,,,F,Free (free for publication),1,One,A,Normal value,6,Millions,USD,US dollar
DATAFLOW,OECD.SDD.NAD:DSD_NAMAIN1@DF_QNA_EXPENDITURE_USD(1.1),"Quarterly GDP and components - expenditure approach, US Dollars",I,Q,Quarterly,Y,Calendar and seasonally adjusted,USA,United States,S1,Total economy,S1,Total economy,B1GQ,Gross domestic product,_Z,Not applicable,_Z,Not applicable,_Z,Not applicable,USD_PPP,"US dollars, PPP converted",LR,Chain linked volume (rebased),LA,Annual levels,T0102,Table 0102 - GDP identity from the expenditure side,1989-Q1,,10297191.1,,2020,,,,F,Free (free for publication),1,One,A,Normal value,6,Millions,USD,US dollar
DATAFLOW,OECD.SDD.NAD:DSD_NAMAIN1@DF_QNA_EXPENDITURE_USD(1.1),"Quarterly GDP and components - expenditure approach, US Dollars",I,Q,Quarterly,Y,Calendar and seasonally adjusted,USA,United States,S1,Total economy,S1,Total economy,B1GQ,Gross domestic product,_Z,Not applicable,_Z,Not applicable,_Z,Not applicable,USD_PPP,"US dollars, PPP converted",LR,Chain linked volume (rebased),LA,Annual levels,T0102,Table 0102 - GDP identity from the expenditure side,1989-Q2,,10375768.9,,2020,,,,F,Free (free for publication),1,One,A,Normal value,6,Millions,USD,US dollar
DATAFLOW,OECD.SDD.NAD:DSD_NAMAIN1@DF_QNA_EXPENDITURE_USD(1.1),"Quarterly GDP and components - expenditure approach, US Dollars",I,Q,Quarterly,Y,Calendar and seasonally adjusted,USA,United States,S1,Total economy,S1,Total economy,B1GQ,Gross domestic product,_Z,Not applicable,_Z,Not applicable,_Z,Not applicable,USD_PPP,"US dollars, PPP converted",LR,Chain linked volume (rebased),LA,Annual levels,T0102,Table 0102 - GDP identity from the expenditure side,1989-Q3,,10452625.9,,2020,,,,F,Free (free for publication),1,One,A,Normal value,6,Millions,USD,US dollar
DATAFLOW,OECD.SDD.NAD:DSD_NAMAIN1@DF_QNA_EXPENDITURE_USD(1.1),"Quarterly GDP and components - expenditure approach, US Dollars",I,Q,Quarterly,Y,Calendar and seasonally adjusted,USA,United States,S1,Total economy,S1,Total economy,B1GQ,Gross domestic product,_Z,Not applicable,_Z,Not applicable,_Z,Not applicable,USD_PPP,"US dollars, PPP converted",LR,Chain linked volume (rebased),LA,Annual levels,T0102,Table 0102 - GDP identity from the expenditure side,1989-Q4,,10473215.6,,2020,,,,F,Free (free for publication),1,One,A,Normal value,6,Millions,USD,US dollar
DATAFLOW,OECD.SDD.NAD:DSD_NAMAIN1@DF_QNA_EXPENDITURE_USD(1.1),"Quarterly GDP and components - expenditure approach, US Dollars",I,Q,Quarterly,Y,Calendar and seasonally adjusted,USA,United States,S1,Total economy,S1,Total economy,B1GQ,Gross domestic product,_Z,Not applicable,_Z,Not applicable,_Z,Not applicable,USD_PPP,"US dollars, PPP converted",LR,Chain linked volume (rebased),LA,Annual levels,T0102,Table 0102 - GDP identity from the expenditure side,1990-Q1,,10587675.5,,2020,,,,F,Free (free for publication),1,One,A,Normal value,6,Millions,USD,US dollar
DATAFLOW,OECD.SDD.NAD:DSD_NAMAIN1@DF_QNA_EXPENDITURE_USD(1.1),"Quarterly GDP and components - expenditure approach, US Dollars",I,Q,Quarterly,Y,Calendar and seasonally adjusted,USA,United States,S1,Total economy,S1,Total economy,B1GQ,Gross domestic product,_Z,Not applicable,_Z,Not applicable,_Z,Not applicable,USD_PPP,"US dollars, PPP converted",LR,Chain linked volume (rebased),LA,Annual levels,T0102,Table 0102 - GDP identity from the expenditure side,1990-Q2,,10626105.6,,2020,,,,F,Free (free for publication),1,One,A,Normal value,6,Millions,USD,US dollar
DATAFLOW,OECD.SDD.NAD:DSD_NAMAIN1@DF_QNA_EXPENDITURE_USD(1.1),"Quarterly GDP and components - expenditure approach, US Dollars",I,Q,Quarterly,Y,Calendar and seasonally adjusted,USA,United States,S1,Total economy,S1,Total economy,B1GQ,Gross domestic product,_Z,Not applicable,_Z,Not applicable,_Z,Not applicable,USD_PPP,"US dollars, PPP converted",LR,Chain linked volume (rebased),LA,Annual levels,T0102,Table 0102 - GDP identity from the expenditure side,1990-Q3,,10633180.6,,2020,,,,F,Free (free for publication),1,One,A,Normal value,6,Millions,USD,US dollar
DATAFLOW,OECD.SDD.NAD:DSD_NAMAIN1@DF_QNA_EXPENDITURE_USD(1.1),"Quarterly GDP and components - expenditure approach, US Dollars",I,Q,Quarterly,Y,Calendar and seasonally adjusted,USA,United States,S1,Total economy,S1,Total economy,B1GQ,Gross domestic product,_Z,Not applicable,_Z,Not applicable,_Z,Not applicable,USD_PPP,"US dollars, PPP converted",LR,Chain linked volume (rebased),LA,Annual levels,T0102,Table 0102 - GDP identity from the expenditure side,1990-Q4,,10536375.7,,2020,,,,F,Free (free for publication),1,One,A,Normal value,6,Millions,USD,US dollar
DATAFLOW,OECD.SDD.NAD:DSD_NAMAIN1@DF_QNA_EXPENDITURE_USD(1.1),"Quarterly GDP and components - expenditure approach, US Dollars",I,Q,Quarterly,Y,Calendar and seasonally adjusted,USA,United States,S1,Total economy,S1,Total economy,B1GQ,Gross domestic product,_Z,Not applicable,_Z,Not applicable,_Z,Not applicable,USD_PPP,"US dollars, PPP converted",LR,Chain linked volume (rebased),LA,Annual levels,T0102,Table 0102 - GDP identity from the expenditure side,1991-Q1,,10487071.7,,2020,,,,F,Free (free for publication),1,One,A,Normal value,6,Millions,USD,US dollar
DATAFLOW,OECD.SDD.NAD:DSD_NAMAIN1@DF_QNA_EXPENDITURE_USD(1.1),"Quarterly GDP and components - expenditure approach, US Dollars",I,Q,Quarterly,Y,Calendar and seasonally adjusted,USA,United States,S1,Total economy,S1,Total economy,B1GQ,Gross domestic product,_Z,Not applicable,_Z,Not applicable,_Z,Not applicable,USD_PPP,"US dollars, PPP converted",LR,Chain linked volume (rebased),LA,Annual levels,T0102,Table 0102 - GDP identity from the expenditure side,1991-Q2,,10568838.3,,2020,,,,F,Free (free for publication),1,One,A,Normal value,6,Millions,USD,US dollar
DATAFLOW,OECD.SDD.NAD:DSD_NAMAIN1@DF_QNA_EXPENDITURE_USD(1.1),"Quarterly GDP and components - expenditure approach, US Dollars",I,Q,Quarterly,Y,Calendar and seasonally adjusted,USA,United States,S1,Total economy,S1,Total economy,B1GQ,Gross domestic product,_Z,Not applicable,_Z,Not applicable,_Z,Not applicable,USD_PPP,"US dollars, PPP converted",LR,Chain linked volume (rebased),LA,Annual levels,T0102,Table 0102 - GDP identity from the expenditure side,1991-Q3,,10622248.8,,2020,,,,F,Free (free for publication),1,One,A,Normal value,6,Millions,USD,US dollar
DATAFLOW,OECD.SDD.NAD:DSD_NAMAIN1@DF_QNA_EXPENDITURE_USD(1.1),"Quarterly GDP and components - expenditure approach, US Dollars",I,Q,Quarterly,Y,Calendar and seasonally adjusted,USA,United States,S1,Total economy,S1,Total economy,B1GQ,Gross domestic product,_Z,Not applicable,_Z,Not applicable,_Z,Not applicable,USD_PPP,"US dollars, PPP converted",LR,Chain linked volume (rebased),LA,Annual levels,T0102,Table 0102 - GDP identity from the expenditure side,1991-Q4,,10659272.1,,2020,,,,F,Free (free for publication),1,One,A,Normal value,6,Millions,USD,US dollar
DATAFLOW,OECD.SDD.NAD:DSD_NAMAIN1@DF_QNA_EXPENDITURE_USD(1.1),"Quarterly GDP and components - expenditure approach, US Dollars",I,Q,Quarterly,Y,Calendar and seasonally adjusted,USA,United States,S1,Total economy,S1,Total economy,B1GQ,Gross domestic product,_Z,Not applicable,_Z,Not applicable,_Z,Not applicable,USD_PPP,"US dollars, PPP converted",LR,Chain linked volume (rebased),LA,Annual levels,T0102,Table 0102 - GDP identity from the expenditure side,1992-Q1,,10786890.5,,2020,,,,F,Free (free for publication),1,One,A,Normal value,6,Millions,USD,US dollar
DATAFLOW,OECD.SDD.NAD:DSD_NAMAIN1@DF_QNA_EXPENDITURE_USD(1.1),"Quarterly GDP and components - expenditure approach, US Dollars",I,Q,Quarterly,Y,Calendar and seasonally adjusted,USA,United States,S1,Total economy,S1,Total economy,B1GQ,Gross domestic product,_Z,Not applicable,_Z,Not applicable,_Z,Not applicable,USD_PPP,"US dollars, PPP converted",LR,Chain linked volume (rebased),LA,Annual levels,T0102,Table 0102 - GDP identity from the expenditure side,1992-Q2,,10903853.1,,2020,,,,F,Free (free for publication),1,One,A,Normal value,6,Millions,USD,US dollar
DATAFLOW,OECD.SDD.NAD:DSD_NAMAIN1@DF_QNA_EXPENDITURE_USD(1.1),"Quarterly GDP and components - expenditure approach, US Dollars",I,Q,Quarterly,Y,Calendar and seasonally adjusted,USA,United States,S1,Total economy,S1,Total economy,B1GQ,Gross domestic product,_Z,Not applicable,_Z,Not applicable,_Z,Not applicable,USD_PPP,"US dollars, PPP converted",LR,Chain linked volume (rebased),LA,Annual levels,T0102,Table 0102 - GDP identity from the expenditure side,1992-Q3,,11011595.2,,2020,,,,F,Free (free for publication),1,One,A,Normal value,6,Millions,USD,US dollar
DATAFLOW,OECD.SDD.NAD:DSD_NAMAIN1@DF_QNA_EXPENDITURE_USD(1.1),"Quarterly GDP and components - expenditure approach, US Dollars",I,Q,Quarterly,Y,Calendar and seasonally adjusted,USA,United States,S1,Total economy,S1,Total economy,B1GQ,Gross domestic product,_Z,Not applicable,_Z,Not applicable,_Z,Not applicable,USD_PPP,"US dollars, PPP converted",LR,Chain linked volume (rebased),LA,Annual levels,T0102,Table 0102 - GDP identity from the expenditure side,1992-Q4,,11126430.2,,2020,,,,F,Free (free for publication),1,One,A,Normal value,6,Millions,USD,US dollar
DATAFLOW,OECD.SDD.NAD:DSD_NAMAIN1@DF_QNA_EXPENDITURE_USD(1.1),"Quarterly GDP and components - expenditure approach, US Dollars",I,Q,Quarterly,Y,Calendar and seasonally adjusted,USA,United States,S1,Total economy,S1,Total economy,B1GQ,Gross domestic product,_Z,Not applicable,_Z,Not applicable,_Z,Not applicable,USD_PPP,"US dollars, PPP converted",LR,Chain linked volume (rebased),LA,Annual levels,T0102,Table 0102 - GDP identity from the expenditure side,1993-Q1,,11145005.1,,2020,,,,F,Free (free for publication),1,One,A,Normal value,6,Millions,USD,US dollar
DATAFLOW,OECD.SDD.NAD:DSD_NAMAIN1@DF_QNA_EXPENDITURE_USD(1.1),"Quarterly GDP and components - expenditure approach, US Dollars",I,Q,Quarterly,Y,Calendar and seasonally adjusted,USA,United States,S1,Total economy,S1,Total economy,B1GQ,Gross domestic product,_Z,Not applicable,_Z,Not applicable,_Z,Not applicable,USD_PPP,"US dollars, PPP converted",LR,Chain linked volume (rebased),LA,Annual levels,T0102,Table 0102 - GDP identity from the expenditure side,1993-Q2,,11209888.1,,2020,,,,F,Free (free for publication),1,One,A,Normal value,6,Millions,USD,US dollar
DATAFLOW,OECD.SDD.NAD:DSD_NAMAIN1@DF_QNA_EXPENDITURE_USD(1.1),"Quarterly GDP and components - expenditure approach, US Dollars",I,Q,Quarterly,Y,Calendar and seasonally adjusted,USA,United States,S1,Total economy,S1,Total economy,B1GQ,Gross domestic product,_Z,Not applicable,_Z,Not applicable,_Z,Not applicable,USD_PPP,"US dollars, PPP converted",LR,Chain linked volume (rebased),LA,Annual levels,T0102,Table 0102 - GDP identity from the expenditure side,1993-Q3,,11263376.6,,2020,,,,F,Free (free for publication),1,One,A,Normal value,6,Millions,USD,US dollar
DATAFLOW,OECD.SDD.NAD:DSD_NAMAIN1@DF_QNA_EXPENDITURE_USD(1.1),"Quarterly GDP and components - expenditure approach, US Dollars",I,Q,Quarterly,Y,Calendar and seasonally adjusted,USA,United States,S1,Total economy,S1,Total economy,B1GQ,Gross domestic product,_Z,Not applicable,_Z,Not applicable,_Z,Not applicable,USD_PPP,"US dollars, PPP converted",LR,Chain linked volume (rebased),LA,Annual levels,T0102,Table 0102 - GDP identity from the expenditure side,1993-Q4,,11416575.3,,2020,,,,F,Free (free for publication),1,One,A,Normal value,6,Millions,USD,US dollar
DATAFLOW,OECD.SDD.NAD:DSD_NAMAIN1@DF_QNA_EXPENDITURE_USD(1.1),"Quarterly GDP and components - expenditure approach, US Dollars",I,Q,Quarterly,Y,Calendar and seasonally adjusted,USA,United States,S1,Total economy,S1,Total economy,B1GQ,Gross domestic product,_Z,Not applicable,_Z,Not applicable,_Z,Not applicable,USD_PPP,"US dollars, PPP converted",LR,Chain linked volume (rebased),LA,Annual levels,T0102,Table 0102 - GDP identity from the expenditure side,1994-Q1,,11527357.5,,2020,,,,F,Free (free for publication),1,One,A,Normal value,6,Millions,USD,US dollar
DATAFLOW,OECD.SDD.NAD:DSD_NAMAIN1@DF_QNA_EXPENDITURE_USD(1.1),"Quarterly GDP and components - expenditure approach, US Dollars",I,Q,Quarterly,Y,Calendar and seasonally adjusted,USA,United States,S1,Total economy,S1,Total economy,B1GQ,Gross domestic product,_Z,Not applicable,_Z,Not applicable,_Z,Not applicable,USD_PPP,"US dollars, PPP converted",LR,Chain linked volume (rebased),LA,Annual levels,T0102,Table 0102 - GDP identity from the expenditure side,1994-Q2,,11683574.3,,2020,,,,F,Free (free for publication),1,One,A,Normal value,6,Millions,USD,US dollar
DATAFLOW,OECD.SDD.NAD:DSD_NAMAIN1@DF_QNA_EXPENDITURE_USD(1.1),"Quarterly GDP and components - expenditure approach, US Dollars",I,Q,Quarterly,Y,Calendar and seasonally adjusted,USA,United States,S1,Total economy,S1,Total economy,B1GQ,Gross domestic product,_Z,Not applicable,_Z,Not applicable,_Z,Not applicable,USD_PPP,"US dollars, PPP converted",LR,Chain linked volume (rebased),LA,Annual levels,T0102,Table 0102 - GDP identity from the expenditure side,1994-Q3,,11751874.6,,2020,,,,F,Free (free for publication),1,One,A,Normal value,6,Millions,USD,US dollar
DATAFLOW,OECD.SDD.NAD:DSD_NAMAIN1@DF_QNA_EXPENDITURE_USD(1.1),"Quarterly GDP and components - expenditure approach, US Dollars",I,Q,Quarterly,Y,Calendar and seasonally adjusted,USA,United States,S1,Total economy,S1,Total economy,B1GQ,Gross domestic product,_Z,Not applicable,_Z,Not applicable,_Z,Not applicable,USD_PPP,"US dollars, PPP converted",LR,Chain linked volume (rebased),LA,Annual levels,T0102,Table 0102 - GDP identity from the expenditure side,1994-Q4,,11886500.6,,2020,,,,F,Free (free for publication),1,One,A,Normal value,6,Millions,USD,US dollar
DATAFLOW,OECD.SDD.NAD:DSD_NAMAIN1@DF_QNA_EXPENDITURE_USD(1.1),"Quarterly GDP and components - expenditure approach, US Dollars",I,Q,Quarterly,Y,Calendar and seasonally adjusted,USA,United States,S1,Total economy,S1,Total economy,B1GQ,Gross domestic product,_Z,Not applicable,_Z,Not applicable,_Z,Not applicable,USD_PPP,"US dollars, PPP converted",LR,Chain linked volume (rebased),LA,Annual levels,T0102,Table 0102 - GDP identity from the expenditure side,1995-Q1,,11928671.6,,2020,,,,F,Free (free for publication),1,One,A,Normal value,6,Millions,USD,US dollar
DATAFLOW,OECD.SDD.NAD:DSD_NAMAIN1@DF_QNA_EXPENDITURE_USD(1.1),"Quarterly GDP and components - expenditure approach, US Dollars",I,Q,Quarterly,Y,Calendar and seasonally adjusted,USA,United States,S1,Total economy,S1,Total economy,B1GQ,Gross domestic product,_Z,Not applicable,_Z,Not applicable,_Z,Not applicable,USD_PPP,"US dollars, PPP converted",LR,Chain linked volume (rebased),LA,Annual levels,T0102,Table 0102 - GDP identity from the expenditure side,1995-Q2,,11964257.6,,2020,,,,F,Free (free for publication),1,One,A,Normal value,6,Millions,USD,US dollar
DATAFLOW,OECD.SDD.NAD:DSD_NAMAIN1@DF_QNA_EXPENDITURE_USD(1.1),"Quarterly GDP and components - expenditure approach, US Dollars",I,Q,Quarterly,Y,Calendar and seasonally adjusted,USA,United States,S1,Total economy,S1,Total economy,B1GQ,Gross domestic product,_Z,Not applicable,_Z,Not applicable,_Z,Not applicable,USD_PPP,"US dollars, PPP converted",LR,Chain linked volume (rebased),LA,Annual levels,T0102,Table 0102 - GDP identity from the expenditure side,1995-Q3,,12066040.5,,2020,,,,F,Free (free for publication),1,One,A,Normal value,6,Millions,USD,US dollar
DATAFLOW,OECD.SDD.NAD:DSD_NAMAIN1@DF_QNA_EXPENDITURE_USD(1.1),"Quarterly GDP and components - expenditure approach, US Dollars",I,Q,Quarterly,Y,Calendar and seasonally adjusted,USA,United States,S1,Total economy,S1,Total economy,B1GQ,Gross domestic product,_Z,Not applicable,_Z,Not applicable,_Z,Not applicable,USD_PPP,"US dollars, PPP converted",LR,Chain linked volume (rebased),LA,Annual levels,T0102,Table 0102 - GDP identity from the expenditure side,1995-Q4,,12147978.9,,2020,,,,F,Free (free for publication),1,One,A,Normal value,6,Millions,USD,US dollar
DATAFLOW,OECD.SDD.NAD:DSD_NAMAIN1@DF_QNA_EXPENDITURE_USD(1.1),"Quarterly GDP and components - expenditure approach, US Dollars",I,Q,Quarterly,Y,Calendar and seasonally adjusted,USA,United States,S1,Total economy,S1,Total economy,B1GQ,Gross domestic product,_Z,Not applicable,_Z,Not applicable,_Z,Not applicable,USD_PPP,"US dollars, PPP converted",LR,Chain linked volume (rebased),LA,Annual levels,T0102,Table 0102 - GDP identity from the expenditure side,1996-Q1,,12238973.3,,2020,,,,F,Free (free for publication),1,One,A,Normal value,6,Millions,USD,US dollar
DATAFLOW,OECD.SDD.NAD:DSD_NAMAIN1@DF_QNA_EXPENDITURE_USD(1.1),"Quarterly GDP and components - expenditure approach, US Dollars",I,Q,Quarterly,Y,Calendar and seasonally adjusted,USA,United States,S1,Total economy,S1,Total economy,B1GQ,Gross domestic product,_Z,Not applicable,_Z,Not applicable,_Z,Not applicable,USD_PPP,"US dollars, PPP converted",LR,Chain linked volume (rebased),LA,Annual levels,T0102,Table 0102 - GDP identity from the expenditure side,1996-Q2,,12443112.5,,2020,,,,F,Free (free for publication),1,One,A,Normal value,6,Millions,USD,US dollar
DATAFLOW,OECD.SDD.NAD:DSD_NAMAIN1@DF_QNA_EXPENDITURE_USD(1.1),"Quarterly GDP and components - expenditure approach, US Dollars",I,Q,Quarterly,Y,Calendar and seasonally adjusted,USA,United States,S1,Total economy,S1,Total economy,B1GQ,Gross domestic product,_Z,Not applicable,_Z,Not applicable,_Z,Not applicable,USD_PPP,"US dollars, PPP converted",LR,Chain linked volume (rebased),LA,Annual levels,T0102,Table 0102 - GDP identity from the expenditure side,1996-Q3,,12554731.5,,2020,,,,F,Free (free for publication),1,One,A,Normal value,6,Millions,USD,US dollar
DATAFLOW,OECD.SDD.NAD:DSD_NAMAIN1@DF_QNA_EXPENDITURE_USD(1.1),"Quarterly GDP and components - expenditure approach, US Dollars",I,Q,Quarterly,Y,Calendar and seasonally adjusted,USA,United States,S1,Total economy,S1,Total economy,B1GQ,Gross domestic product,_Z,Not applicable,_Z,Not applicable,_Z,Not applicable,USD_PPP,"US dollars, PPP converted",LR,Chain linked volume (rebased),LA,Annual levels,T0102,Table 0102 - GDP identity from the expenditure side,1996-Q4,,12685096,,2020,,,,F,Free (free for publication),1,One,A,Normal value,6,Millions,USD,US dollar
DATAFLOW,OECD.SDD.NAD:DSD_NAMAIN1@DF_QNA_EXPENDITURE_USD(1.1),"Quarterly GDP and components - expenditure approach, US Dollars",I,Q,Quarterly,Y,Calendar and seasonally adjusted,USA,United States,S1,Total economy,S1,Total economy,B1GQ,Gross domestic product,_Z,Not applicable,_Z,Not applicable,_Z,Not applicable,USD_PPP,"US dollars, PPP converted",LR,Chain linked volume (rebased),LA,Annual levels,T0102,Table 0102 - GDP identity from the expenditure side,1997-Q1,,12766971.1,,2020,,,,F,Free (free for publication),1,One,A,Normal value,6,Millions,USD,US dollar
DATAFLOW,OECD.SDD.NAD:DSD_NAMAIN1@DF_QNA_EXPENDITURE_USD(1.1),"Quarterly GDP and components - expenditure approach, US Dollars",I,Q,Quarterly,Y,Calendar and seasonally adjusted,USA,United States,S1,Total economy,S1,Total economy,B1GQ,Gross domestic product,_Z,Not applicable,_Z,Not applicable,_Z,Not applicable,USD_PPP,"US dollars, PPP converted",LR,Chain linked volume (rebased),LA,Annual levels,T0102,Table 0102 - GDP identity from the expenditure side,1997-Q2,,12979568.9,,2020,,,,F,Free (free for publication),1,One,A,Normal value,6,Millions,USD,US dollar
DATAFLOW,OECD.SDD.NAD:DSD_NAMAIN1@DF_QNA_EXPENDITURE_USD(1.1),"Quarterly GDP and components - expenditure approach, US Dollars",I,Q,Quarterly,Y,Calendar and seasonally adjusted,USA,United States,S1,Total economy,S1,Total economy,B1GQ,Gross domestic product,_Z,Not applicable,_Z,Not applicable,_Z,Not applicable,USD_PPP,"US dollars, PPP converted",LR,Chain linked volume (rebased),LA,Annual levels,T0102,Table 0102 - GDP identity from the expenditure side,1997-Q3,,13141627.8,,2020,,,,F,Free (free for publication),1,One,A,Normal value,6,Millions,USD,US dollar
DATAFLOW,OECD.SDD.NAD:DSD_NAMAIN1@DF_QNA_EXPENDITURE_USD(1.1),"Quarterly GDP and components - expenditure approach, US Dollars",I,Q,Quarterly,Y,Calendar and seasonally adjusted,USA,United States,S1,Total economy,S1,Total economy,B1GQ,Gross domestic product,_Z,Not applicable,_Z,Not applicable,_Z,Not applicable,USD_PPP,"US dollars, PPP converted",LR,Chain linked volume (rebased),LA,Annual levels,T0102,Table 0102 - GDP identity from the expenditure side,1997-Q4,,13253839,,2020,,,,F,Free (free for publication),1,One,A,Normal value,6,Millions,USD,US dollar
DATAFLOW,OECD.SDD.NAD:DSD_NAMAIN1@DF_QNA_EXPENDITURE_USD(1.1),"Quarterly GDP and components - expenditure approach, US Dollars",I,Q,Quarterly,Y,Calendar and seasonally adjusted,USA,United States,S1,Total economy,S1,Total economy,B1GQ,Gross domestic product,_Z,Not applicable,_Z,Not applicable,_Z,Not applicable,USD_PPP,"US dollars, PPP converted",LR,Chain linked volume (rebased),LA,Annual levels,T0102,Table 0102 - GDP identity from the expenditure side,1998-Q1,,13386874.8,,2020,,,,F,Free (free for publication),1,One,A,Normal value,6,Millions,USD,US dollar
DATAFLOW,OECD.SDD.NAD:DSD_NAMAIN1@DF_QNA_EXPENDITURE_USD(1.1),"Quarterly GDP and components - expenditure approach, US Dollars",I,Q,Quarterly,Y,Calendar and seasonally adjusted,USA,United States,S1,Total economy,S1,Total economy,B1GQ,Gross domestic product,_Z,Not applicable,_Z,Not applicable,_Z,Not applicable,USD_PPP,"US dollars, PPP converted",LR,Chain linked volume (rebased),LA,Annual levels,T0102,Table 0102 - GDP identity from the expenditure side,1998-Q2,,13510795.5,,2020,,,,F,Free (free for publication),1,One,A,Normal value,6,Millions,USD,US dollar
DATAFLOW,OECD.SDD.NAD:DSD_NAMAIN1@DF_QNA_EXPENDITURE_USD(1.1),"Quarterly GDP and components - expenditure approach, US Dollars",I,Q,Quarterly,Y,Calendar and seasonally adjusted,USA,United States,S1,Total economy,S1,Total economy,B1GQ,Gross domestic product,_Z,Not applicable,_Z,Not applicable,_Z,Not applicable,USD_PPP,"US dollars, PPP converted",LR,Chain linked volume (rebased),LA,Annual levels,T0102,Table 0102 - GDP identity from the expenditure side,1998-Q3,,13680888.3,,2020,,,,F,Free (free for publication),1,One,A,Normal value,6,Millions,USD,US dollar
DATAFLOW,OECD.SDD.NAD:DSD_NAMAIN1@DF_QNA_EXPENDITURE_USD(1.1),"Quarterly GDP and components - expenditure approach, US Dollars",I,Q,Quarterly,Y,Calendar and seasonally adjusted,USA,United States,S1,Total economy,S1,Total economy,B1GQ,Gross domestic product,_Z,Not applicable,_Z,Not applicable,_Z,Not applicable,USD_PPP,"US dollars, PPP converted",LR,Chain linked volume (rebased),LA,Annual levels,T0102,Table 0102 - GDP identity from the expenditure side,1998-Q4,,13901040.7,,2020,,,,F,Free (free for publication),1,One,A,Normal value,6,Millions,USD,US dollar
DATAFLOW,OECD.SDD.NAD:DSD_NAMAIN1@DF_QNA_EXPENDITURE_USD(1.1),"Quarterly GDP and components - expenditure approach, US Dollars",I,Q,Quarterly,Y,Calendar and seasonally adjusted,USA,United States,S1,Total economy,S1,Total economy,B1GQ,Gross domestic product,_Z,Not applicable,_Z,Not applicable,_Z,Not applicable,USD_PPP,"US dollars, PPP converted",LR,Chain linked volume (rebased),LA,Annual levels,T0102,Table 0102 - GDP identity from the expenditure side,1999-Q1,,14031631.7,,2020,,,,F,Free (free for publication),1,One,A,Normal value,6,Millions,USD,US dollar
DATAFLOW,OECD.SDD.NAD:DSD_NAMAIN1@DF_QNA_EXPENDITURE_USD(1.1),"Quarterly GDP and components - expenditure approach, US Dollars",I,Q,Quarterly,Y,Calendar and seasonally adjusted,USA,United States,S1,Total economy,S1,Total economy,B1GQ,Gross domestic product,_Z,Not applicable,_Z,Not applicable,_Z,Not applicable,USD_PPP,"US dollars, PPP converted",LR,Chain linked volume (rebased),LA,Annual levels,T0102,Table 0102 - GDP identity from the expenditure side,1999-Q2,,14148759.8,,2020,,,,F,Free (free for publication),1,One,A,Normal value,6,Millions,USD,US dollar
DATAFLOW,OECD.SDD.NAD:DSD_NAMAIN1@DF_QNA_EXPENDITURE_USD(1.1),"Quarterly GDP and components - expenditure approach, US Dollars",I,Q,Quarterly,Y,Calendar and seasonally adjusted,USA,United States,S1,Total economy,S1,Total economy,B1GQ,Gross domestic product,_Z,Not applicable,_Z,Not applicable,_Z,Not applicable,USD_PPP,"US dollars, PPP converted",LR,Chain linked volume (rebased),LA,Annual levels,T0102,Table 0102 - GDP identity from the expenditure side,1999-Q3,,14336355.8,,2020,,,,F,Free (free for publication),1,One,A,Normal value,6,Millions,USD,US dollar
DATAFLOW,OECD.SDD.NAD:DSD_NAMAIN1@DF_QNA_EXPENDITURE_USD(1.1),"Quarterly GDP and components - expenditure approach, US Dollars",I,Q,Quarterly,Y,Calendar and seasonally adjusted,USA,United States,S1,Total economy,S1,Total economy,B1GQ,Gross domestic product,_Z,Not applicable,_Z,Not applicable,_Z,Not applicable,USD_PPP,"US dollars, PPP converted",LR,Chain linked volume (rebased),LA,Annual levels,T0102,Table 0102 - GDP identity from the expenditure side,1999-Q4,,14571567.7,,2020,,,,F,Free (free for publication),1,One,A,Normal value,6,Millions,USD,US dollar
DATAFLOW,OECD.SDD.NAD:DSD_NAMAIN1@DF_QNA_EXPENDITURE_USD(1.1),"Quarterly GDP and components - expenditure approach, US Dollars",I,Q,Quarterly,Y,Calendar and seasonally adjusted,USA,United States,S1,Total economy,S1,Total economy,B1GQ,Gross domestic product,_Z,Not applicable,_Z,Not applicable,_Z,Not applicable,USD_PPP,"US dollars, PPP converted",LR,Chain linked volume (rebased),LA,Annual levels,T0102,Table 0102 - GDP identity from the expenditure side,2000-Q1,,14624432.4,,2020,,,,F,Free (free for publication),1,One,A,Normal value,6,Millions,USD,US dollar
DATAFLOW,OECD.SDD.NAD:DSD_NAMAIN1@DF_QNA_EXPENDITURE_USD(1.1),"Quarterly GDP and components - expenditure approach, US Dollars",I,Q,Quarterly,Y,Calendar and seasonally adjusted,USA,United States,S1,Total economy,S1,Total economy,B1GQ,Gross domestic product,_Z,Not applicable,_Z,Not applicable,_Z,Not applicable,USD_PPP,"US dollars, PPP converted",LR,Chain linked volume (rebased),LA,Annual levels,T0102,Table 0102 - GDP identity from the expenditure side,2000-Q2,,14890785.4,,2020,,,,F,Free (free for publication),1,One,A,Normal value,6,Millions,USD,US dollar
DATAFLOW,OECD.SDD.NAD:DSD_NAMAIN1@DF_QNA_EXPENDITURE_USD(1.1),"Quarterly GDP and components - expenditure approach, US Dollars",I,Q,Quarterly,Y,Calendar and seasonally adjusted,USA,United States,S1,Total economy,S1,Total economy,B1GQ,Gross domestic product,_Z,Not applicable,_Z,Not applicable,_Z,Not applicable,USD_PPP,"US dollars, PPP converted",LR,Chain linked volume (rebased),LA,Annual levels,T0102,Table 0102 - GDP identity from the expenditure side,2000-Q3,,14905964,,2020,,,,F,Free (free for publication),1,One,A,Normal value,6,Millions,USD,US dollar
DATAFLOW,OECD.SDD.NAD:DSD_NAMAIN1@DF_QNA_EXPENDITURE_USD(1.1),"Quarterly GDP and components - expenditure approach, US Dollars",I,Q,Quarterly,Y,Calendar and seasonally adjusted,USA,United States,S1,Total economy,S1,Total economy,B1GQ,Gross domestic product,_Z,Not applicable,_Z,Not applicable,_Z,Not applicable,USD_PPP,"US dollars, PPP converted",LR,Chain linked volume (rebased),LA,Annual levels,T0102,Table 0102 - GDP identity from the expenditure side,2000-Q4,,14994958.3,,2020,,,,F,Free (free for publication),1,One,A,Normal value,6,Millions,USD,US dollar
DATAFLOW,OECD.SDD.NAD:DSD_NAMAIN1@DF_QNA_EXPENDITURE_USD(1.1),"Quarterly GDP and components - expenditure approach, US Dollars",I,Q,Quarterly,Y,Calendar and seasonally adjusted,USA,United States,S1,Total economy,S1,Total economy,B1GQ,Gross domestic product,_Z,Not applicable,_Z,Not applicable,_Z,Not applicable,USD_PPP,"US dollars, PPP converted",LR,Chain linked volume (rebased),LA,Annual levels,T0102,Table 0102 - GDP identity from the expenditure side,2001-Q1,,14945805.1,,2020,,,,F,Free (free for publication),1,One,A,Normal value,6,Millions,USD,US dollar
DATAFLOW,OECD.SDD.NAD:DSD_NAMAIN1@DF_QNA_EXPENDITURE_USD(1.1),"Quarterly GDP and components - expenditure approach, US Dollars",I,Q,Quarterly,Y,Calendar and seasonally adjusted,USA,United States,S1,Total economy,S1,Total economy,B1GQ,Gross domestic product,_Z,Not applicable,_Z,Not applicable,_Z,Not applicable,USD_PPP,"US dollars, PPP converted",LR,Chain linked volume (rebased),LA,Annual levels,T0102,Table 0102 - GDP identity from the expenditure side,2001-Q2,,15039142,,2020,,,,F,Free (free for publication),1,One,A,Normal value,6,Millions,USD,US dollar
DATAFLOW,OECD.SDD.NAD:DSD_NAMAIN1@DF_QNA_EXPENDITURE_USD(1.1),"Quarterly GDP and components - expenditure approach, US Dollars",I,Q,Quarterly,Y,Calendar and seasonally adjusted,USA,United States,S1,Total economy,S1,Total economy,B1GQ,Gross domestic product,_Z,Not applicable,_Z,Not applicable,_Z,Not applicable,USD_PPP,"US dollars, PPP converted",LR,Chain linked volume (rebased),LA,Annual levels,T0102,Table 0102 - GDP identity from the expenditure side,2001-Q3,,14978889.3,,2020,,,,F,Free (free for publication),1,One,A,Normal value,6,Millions,USD,US dollar
DATAFLOW,OECD.SDD.NAD:DSD_NAMAIN1@DF_QNA_EXPENDITURE_USD(1.1),"Quarterly GDP and components - expenditure approach, US Dollars",I,Q,Quarterly,Y,Calendar and seasonally adjusted,USA,United States,S1,Total economy,S1,Total economy,B1GQ,Gross domestic product,_Z,Not applicable,_Z,Not applicable,_Z,Not applicable,USD_PPP,"US dollars, PPP converted",LR,Chain linked volume (rebased),LA,Annual levels,T0102,Table 0102 - GDP identity from the expenditure side,2001-Q4,,15020047.7,,2020,,,,F,Free (free for publication),1,One,A,Normal value,6,Millions,USD,US dollar
DATAFLOW,OECD.SDD.NAD:DSD_NAMAIN1@DF_QNA_EXPENDITURE_USD(1.1),"Quarterly GDP and components - expenditure approach, US Dollars",I,Q,Quarterly,Y,Calendar and seasonally adjusted,USA,United States,S1,Total economy,S1,Total economy,B1GQ,Gross domestic product,_Z,Not applicable,_Z,Not applicable,_Z,Not applicable,USD_PPP,"US dollars, PPP converted",LR,Chain linked volume (rebased),LA,Annual levels,T0102,Table 0102 - GDP identity from the expenditure side,2002-Q1,,15145669.1,,2020,,,,F,Free (free for publication),1,One,A,Normal value,6,Millions,USD,US dollar
DATAFLOW,OECD.SDD.NAD:DSD_NAMAIN1@DF_QNA_EXPENDITURE_USD(1.1),"Quarterly GDP and components - expenditure approach, US Dollars",I,Q,Quarterly,Y,Calendar and seasonally adjusted,USA,United States,S1,Total economy,S1,Total economy,B1GQ,Gross domestic product,_Z,Not applicable,_Z,Not applicable,_Z,Not applicable,USD_PPP,"US dollars, PPP converted",LR,Chain linked volume (rebased),LA,Annual levels,T0102,Table 0102 - GDP identity from the expenditure side,2002-Q2,,15238467.6,,2020,,,,F,Free (free for publication),1,One,A,Normal value,6,Millions,USD,US dollar
DATAFLOW,OECD.SDD.NAD:DSD_NAMAIN1@DF_QNA_EXPENDITURE_USD(1.1),"Quarterly GDP and components - expenditure approach, US Dollars",I,Q,Quarterly,Y,Calendar and seasonally adjusted,USA,United States,S1,Total economy,S1,Total economy,B1GQ,Gross domestic product,_Z,Not applicable,_Z,Not applicable,_Z,Not applicable,USD_PPP,"US dollars, PPP converted",LR,Chain linked volume (rebased),LA,Annual levels,T0102,Table 0102 - GDP identity from the expenditure side,2002-Q3,,15300413.7,,2020,,,,F,Free (free for publication),1,One,A,Normal value,6,Millions,USD,US dollar
DATAFLOW,OECD.SDD.NAD:DSD_NAMAIN1@DF_QNA_EXPENDITURE_USD(1.1),"Quarterly GDP and components - expenditure approach, US Dollars",I,Q,Quarterly,Y,Calendar and seasonally adjusted,USA,United States,S1,Total economy,S1,Total economy,B1GQ,Gross domestic product,_Z,Not applicable,_Z,Not applicable,_Z,Not applicable,USD_PPP,"US dollars, PPP converted",LR,Chain linked volume (rebased),LA,Annual levels,T0102,Table 0102 - GDP identity from the expenditure side,2002-Q4,,15319325.8,,2020,,,,F,Free (free for publication),1,One,A,Normal value,6,Millions,USD,US dollar
DATAFLOW,OECD.SDD.NAD:DSD_NAMAIN1@DF_QNA_EXPENDITURE_USD(1.1),"Quarterly GDP and components - expenditure approach, US Dollars",I,Q,Quarterly,Y,Calendar and seasonally adjusted,USA,United States,S1,Total economy,S1,Total economy,B1GQ,Gross domestic product,_Z,Not applicable,_Z,Not applicable,_Z,Not applicable,USD_PPP,"US dollars, PPP converted",LR,Chain linked volume (rebased),LA,Annual levels,T0102,Table 0102 - GDP identity from the expenditure side,2003-Q1,,15400003.8,,2020,,,,F,Free (free for publication),1,One,A,Normal value,6,Millions,USD,US dollar
DATAFLOW,OECD.SDD.NAD:DSD_NAMAIN1@DF_QNA_EXPENDITURE_USD(1.1),"Quarterly GDP and components - expenditure approach, US Dollars",I,Q,Quarterly,Y,Calendar and seasonally adjusted,USA,United States,S1,Total economy,S1,Total economy,B1GQ,Gross domestic product,_Z,Not applicable,_Z,Not applicable,_Z,Not applicable,USD_PPP,"US dollars, PPP converted",LR,Chain linked volume (rebased),LA,Annual levels,T0102,Table 0102 - GDP identity from the expenditure side,2003-Q2,,15536389.6,,2020,,,,F,Free (free for publication),1,One,A,Normal value,6,Millions,USD,US dollar
DATAFLOW,OECD.SDD.NAD:DSD_NAMAIN1@DF_QNA_EXPENDITURE_USD(1.1),"Quarterly GDP and components - expenditure approach, US Dollars",I,Q,Quarterly,Y,Calendar and seasonally adjusted,USA,United States,S1,Total economy,S1,Total economy,B1GQ,Gross domestic product,_Z,Not applicable,_Z,Not applicable,_Z,Not applicable,USD_PPP,"US dollars, PPP converted",LR,Chain linked volume (rebased),LA,Annual levels,T0102,Table 0102 - GDP identity from the expenditure side,2003-Q3,,15794790.8,,2020,,,,F,Free (free for publication),1,One,A,Normal value,6,Millions,USD,US dollar
DATAFLOW,OECD.SDD.NAD:DSD_NAMAIN1@DF_QNA_EXPENDITURE_USD(1.1),"Quarterly GDP and components - expenditure approach, US Dollars",I,Q,Quarterly,Y,Calendar and seasonally adjusted,USA,United States,S1,Total economy,S1,Total economy,B1GQ,Gross domestic product,_Z,Not applicable,_Z,Not applicable,_Z,Not applicable,USD_PPP,"US dollars, PPP converted",LR,Chain linked volume (rebased),LA,Annual levels,T0102,Table 0102 - GDP identity from the expenditure side,2003-Q4,,15978124.3,,2020,,,,F,Free (free for publication),1,One,A,Normal value,6,Millions,USD,US dollar
DATAFLOW,OECD.SDD.NAD:DSD_NAMAIN1@DF_QNA_EXPENDITURE_USD(1.1),"Quarterly GDP and components - expenditure approach, US Dollars",I,Q,Quarterly,Y,Calendar and seasonally adjusted,USA,United States,S1,Total economy,S1,Total economy,B1GQ,Gross domestic product,_Z,Not applicable,_Z,Not applicable,_Z,Not applicable,USD_PPP,"US dollars, PPP converted",LR,Chain linked volume (rebased),LA,Annual levels,T0102,Table 0102 - GDP identity from the expenditure side,2004-Q1,,16068664.6,,2020,,,,F,Free (free for publication),1,One,A,Normal value,6,Millions,USD,US dollar
DATAFLOW,OECD.SDD.NAD:DSD_NAMAIN1@DF_QNA_EXPENDITURE_USD(1.1),"Quarterly GDP and components - expenditure approach, US Dollars",I,Q,Quarterly,Y,Calendar and seasonally adjusted,USA,United States,S1,Total economy,S1,Total economy,B1GQ,Gross domestic product,_Z,Not applicable,_Z,Not applicable,_Z,Not applicable,USD_PPP,"US dollars, PPP converted",LR,Chain linked volume (rebased),LA,Annual levels,T0102,Table 0102 - GDP identity from the expenditure side,2004-Q2,,16193189.1,,2020,,,,F,Free (free for publication),1,One,A,Normal value,6,Millions,USD,US dollar
DATAFLOW,OECD.SDD.NAD:DSD_NAMAIN1@DF_QNA_EXPENDITURE_USD(1.1),"Quarterly GDP and components - expenditure approach, US Dollars",I,Q,Quarterly,Y,Calendar and seasonally adjusted,USA,United States,S1,Total economy,S1,Total economy,B1GQ,Gross domestic product,_Z,Not applicable,_Z,Not applicable,_Z,Not applicable,USD_PPP,"US dollars, PPP converted",LR,Chain linked volume (rebased),LA,Annual levels,T0102,Table 0102 - GDP identity from the expenditure side,2004-Q3,,16346796.7,,2020,,,,F,Free (free for publication),1,One,A,Normal value,6,Millions,USD,US dollar
DATAFLOW,OECD.SDD.NAD:DSD_NAMAIN1@DF_QNA_EXPENDITURE_USD(1.1),"Quarterly GDP and components - expenditure approach, US Dollars",I,Q,Quarterly,Y,Calendar and seasonally adjusted,USA,United States,S1,Total economy,S1,Total economy,B1GQ,Gross domestic product,_Z,Not applicable,_Z,Not applicable,_Z,Not applicable,USD_PPP,"US dollars, PPP converted",LR,Chain linked volume (rebased),LA,Annual levels,T0102,Table 0102 - GDP identity from the expenditure side,2004-Q4,,16513568.1,,2020,,,,F,Free (free for publication),1,One,A,Normal value,6,Millions,USD,US dollar
DATAFLOW,OECD.SDD.NAD:DSD_NAMAIN1@DF_QNA_EXPENDITURE_USD(1.1),"Quarterly GDP and components - expenditure approach, US Dollars",I,Q,Quarterly,Y,Calendar and seasonally adjusted,USA,United States,S1,Total economy,S1,Total economy,B1GQ,Gross domestic product,_Z,Not applicable,_Z,Not applicable,_Z,Not applicable,USD_PPP,"US dollars, PPP converted",LR,Chain linked volume (rebased),LA,Annual levels,T0102,Table 0102 - GDP identity from the expenditure side,2005-Q1,,16696763.5,,2020,,,,F,Free (free for publication),1,One,A,Normal value,6,Millions,USD,US dollar
DATAFLOW,OECD.SDD.NAD:DSD_NAMAIN1@DF_QNA_EXPENDITURE_USD(1.1),"Quarterly GDP and components - expenditure approach, US Dollars",I,Q,Quarterly,Y,Calendar and seasonally adjusted,USA,United States,S1,Total economy,S1,Total economy,B1GQ,Gross domestic product,_Z,Not applicable,_Z,Not applicable,_Z,Not applicable,USD_PPP,"US dollars, PPP converted",LR,Chain linked volume (rebased),LA,Annual levels,T0102,Table 0102 - GDP identity from the expenditure side,2005-Q2,,16779015.9,,2020,,,,F,Free (free for publication),1,One,A,Normal value,6,Millions,USD,US dollar
DATAFLOW,OECD.SDD.NAD:DSD_NAMAIN1@DF_QNA_EXPENDITURE_USD(1.1),"Quarterly GDP and components - expenditure approach, US Dollars",I,Q,Quarterly,Y,Calendar and seasonally adjusted,USA,United States,S1,Total economy,S1,Total economy,B1GQ,Gross domestic product,_Z,Not applicable,_Z,Not applicable,_Z,Not applicable,USD_PPP,"US dollars, PPP converted",LR,Chain linked volume (rebased),LA,Annual levels,T0102,Table 0102 - GDP identity from the expenditure side,2005-Q3,,16910532.2,,2020,,,,F,Free (free for publication),1,One,A,Normal value,6,Millions,USD,US dollar
DATAFLOW,OECD.SDD.NAD:DSD_NAMAIN1@DF_QNA_EXPENDITURE_USD(1.1),"Quarterly GDP and components - expenditure approach, US Dollars",I,Q,Quarterly,Y,Calendar and seasonally adjusted,USA,United States,S1,Total economy,S1,Total economy,B1GQ,Gross domestic product,_Z,Not applicable,_Z,Not applicable,_Z,Not applicable,USD_PPP,"US dollars, PPP converted",LR,Chain linked volume (rebased),LA,Annual levels,T0102,Table 0102 - GDP identity from the expenditure side,2005-Q4,,17004473,,2020,,,,F,Free (free for publication),1,One,A,Normal value,6,Millions,USD,US dollar
DATAFLOW,OECD.SDD.NAD:DSD_NAMAIN1@DF_QNA_EXPENDITURE_USD(1.1),"Quarterly GDP and components - expenditure approach, US Dollars",I,Q,Quarterly,Y,Calendar and seasonally adjusted,USA,United States,S1,Total economy,S1,Total economy,B1GQ,Gross domestic product,_Z,Not applicable,_Z,Not applicable,_Z,Not applicable,USD_PPP,"US dollars, PPP converted",LR,Chain linked volume (rebased),LA,Annual levels,T0102,Table 0102 - GDP identity from the expenditure side,2006-Q1,,17233248.4,,2020,,,,F,Free (free for publication),1,One,A,Normal value,6,Millions,USD,US dollar
DATAFLOW,OECD.SDD.NAD:DSD_NAMAIN1@DF_QNA_EXPENDITURE_USD(1.1),"Quarterly GDP and components - expenditure approach, US Dollars",I,Q,Quarterly,Y,Calendar and seasonally adjusted,USA,United States,S1,Total economy,S1,Total economy,B1GQ,Gross domestic product,_Z,Not applicable,_Z,Not applicable,_Z,Not applicable,USD_PPP,"US dollars, PPP converted",LR,Chain linked volume (rebased),LA,Annual levels,T0102,Table 0102 - GDP identity from the expenditure side,2006-Q2,,17277839.9,,2020,,,,F,Free (free for publication),1,One,A,Normal value,6,Millions,USD,US dollar
DATAFLOW,OECD.SDD.NAD:DSD_NAMAIN1@DF_QNA_EXPENDITURE_USD(1.1),"Quarterly GDP and components - expenditure approach, US Dollars",I,Q,Quarterly,Y,Calendar and seasonally adjusted,USA,United States,S1,Total economy,S1,Total economy,B1GQ,Gross domestic product,_Z,Not applicable,_Z,Not applicable,_Z,Not applicable,USD_PPP,"US dollars, PPP converted",LR,Chain linked volume (rebased),LA,Annual levels,T0102,Table 0102 - GDP identity from the expenditure side,2006-Q3,,17303749,,2020,,,,F,Free (free for publication),1,One,A,Normal value,6,Millions,USD,US dollar
DATAFLOW,OECD.SDD.NAD:DSD_NAMAIN1@DF_QNA_EXPENDITURE_USD(1.1),"Quarterly GDP and components - expenditure approach, US Dollars",I,Q,Quarterly,Y,Calendar and seasonally adjusted,USA,United States,S1,Total economy,S1,Total economy,B1GQ,Gross domestic product,_Z,Not applicable,_Z,Not applicable,_Z,Not applicable,USD_PPP,"US dollars, PPP converted",LR,Chain linked volume (rebased),LA,Annual levels,T0102,Table 0102 - GDP identity from the expenditure side,2006-Q4,,17452466.1,,2020,,,,F,Free (free for publication),1,One,A,Normal value,6,Millions,USD,US dollar
DATAFLOW,OECD.SDD.NAD:DSD_NAMAIN1@DF_QNA_EXPENDITURE_USD(1.1),"Quarterly GDP and components - expenditure approach, US Dollars",I,Q,Quarterly,Y,Calendar and seasonally adjusted,USA,United States,S1,Total economy,S1,Total economy,B1GQ,Gross domestic product,_Z,Not applicable,_Z,Not applicable,_Z,Not applicable,USD_PPP,"US dollars, PPP converted",LR,Chain linked volume (rebased),LA,Annual levels,T0102,Table 0102 - GDP identity from the expenditure side,2007-Q1,,17504969.3,,2020,,,,F,Free (free for publication),1,One,A,Normal value,6,Millions,USD,US dollar
DATAFLOW,OECD.SDD.NAD:DSD_NAMAIN1@DF_QNA_EXPENDITURE_USD(1.1),"Quarterly GDP and components - expenditure approach, US Dollars",I,Q,Quarterly,Y,Calendar and seasonally adjusted,USA,United States,S1,Total economy,S1,Total economy,B1GQ,Gross domestic product,_Z,Not applicable,_Z,Not applicable,_Z,Not applicable,USD_PPP,"US dollars, PPP converted",LR,Chain linked volume (rebased),LA,Annual levels,T0102,Table 0102 - GDP identity from the expenditure side,2007-Q2,,17612058.1,,2020,,,,F,Free (free for publication),1,One,A,Normal value,6,Millions,USD,US dollar
DATAFLOW,OECD.SDD.NAD:DSD_NAMAIN1@DF_QNA_EXPENDITURE_USD(1.1),"Quarterly GDP and components - expenditure approach, US Dollars",I,Q,Quarterly,Y,Calendar and seasonally adjusted,USA,United States,S1,Total economy,S1,Total economy,B1GQ,Gross domestic product,_Z,Not applicable,_Z,Not applicable,_Z,Not applicable,USD_PPP,"US dollars, PPP converted",LR,Chain linked volume (rebased),LA,Annual levels,T0102,Table 0102 - GDP identity from the expenditure side,2007-Q3,,17713508,,2020,,,,F,Free (free for publication),1,One,A,Normal value,6,Millions,USD,US dollar
DATAFLOW,OECD.SDD.NAD:DSD_NAMAIN1@DF_QNA_EXPENDITURE_USD(1.1),"Quarterly GDP and components - expenditure approach, US Dollars",I,Q,Quarterly,Y,Calendar and seasonally adjusted,USA,United States,S1,Total economy,S1,Total economy,B1GQ,Gross domestic product,_Z,Not applicable,_Z,Not applicable,_Z,Not applicable,USD_PPP,"US dollars, PPP converted",LR,Chain linked volume (rebased),LA,Annual levels,T0102,Table 0102 - GDP identity from the expenditure side,2007-Q4,,17824790.8,,2020,,,,F,Free (free for publication),1,One,A,Normal value,6,Millions,USD,US dollar
DATAFLOW,OECD.SDD.NAD:DSD_NAMAIN1@DF_QNA_EXPENDITURE_USD(1.1),"Quarterly GDP and components - expenditure approach, US Dollars",I,Q,Quarterly,Y,Calendar and seasonally adjusted,USA,United States,S1,Total economy,S1,Total economy,B1GQ,Gross domestic product,_Z,Not applicable,_Z,Not applicable,_Z,Not applicable,USD_PPP,"US dollars, PPP converted",LR,Chain linked volume (rebased),LA,Annual levels,T0102,Table 0102 - GDP identity from the expenditure side,2008-Q1,,17748721,,2020,,,,F,Free (free for publication),1,One,A,Normal value,6,Millions,USD,US dollar
DATAFLOW,OECD.SDD.NAD:DSD_NAMAIN1@DF_QNA_EXPENDITURE_USD(1.1),"Quarterly GDP and components - expenditure approach, US Dollars",I,Q,Quarterly,Y,Calendar and seasonally adjusted,USA,United States,S1,Total economy,S1,Total economy,B1GQ,Gross domestic product,_Z,Not applicable,_Z,Not applicable,_Z,Not applicable,USD_PPP,"US dollars, PPP converted",LR,Chain linked volume (rebased),LA,Annual levels,T0102,Table 0102 - GDP identity from the expenditure side,2008-Q2,,17854401.9,,2020,,,,F,Free (free for publication),1,One,A,Normal value,6,Millions,USD,US dollar
DATAFLOW,OECD.SDD.NAD:DSD_NAMAIN1@DF_QNA_EXPENDITURE_USD(1.1),"Quarterly GDP and components - expenditure approach, US Dollars",I,Q,Quarterly,Y,Calendar and seasonally adjusted,USA,United States,S1,Total economy,S1,Total economy,B1GQ,Gross domestic product,_Z,Not applicable,_Z,Not applicable,_Z,Not applicable,USD_PPP,"US dollars, PPP converted",LR,Chain linked volume (rebased),LA,Annual levels,T0102,Table 0102 - GDP identity from the expenditure side,2008-Q3,,17760620.2,,2020,,,,F,Free (free for publication),1,One,A,Normal value,6,Millions,USD,US dollar
DATAFLOW,OECD.SDD.NAD:DSD_NAMAIN1@DF_QNA_EXPENDITURE_USD(1.1),"Quarterly GDP and components - expenditure approach, US Dollars",I,Q,Quarterly,Y,Calendar and seasonally adjusted,USA,United States,S1,Total economy,S1,Total economy,B1GQ,Gross domestic product,_Z,Not applicable,_Z,Not applicable,_Z,Not applicable,USD_PPP,"US dollars, PPP converted",LR,Chain linked volume (rebased),LA,Annual levels,T0102,Table 0102 - GDP identity from the expenditure side,2008-Q4,,17371835.5,,2020,,,,F,Free (free for publication),1,One,A,Normal value,6,Millions,USD,US dollar
DATAFLOW,OECD.SDD.NAD:DSD_NAMAIN1@DF_QNA_EXPENDITURE_USD(1.1),"Quarterly GDP and components - expenditure approach, US Dollars",I,Q,Quarterly,Y,Calendar and seasonally adjusted,USA,United States,S1,Total economy,S1,Total economy,B1GQ,Gross domestic product,_Z,Not applicable,_Z,Not applicable,_Z,Not applicable,USD_PPP,"US dollars, PPP converted",LR,Chain linked volume (rebased),LA,Annual levels,T0102,Table 0102 - GDP identity from the expenditure side,2009-Q1,,17174687,,2020,,,,F,Free (free for publication),1,One,A,Normal value,6,Millions,USD,US dollar
DATAFLOW,OECD.SDD.NAD:DSD_NAMAIN1@DF_QNA_EXPENDITURE_USD(1.1),"Quarterly GDP and components - expenditure approach, US Dollars",I,Q,Quarterly,Y,Calendar and seasonally adjusted,USA,United States,S1,Total economy,S1,Total economy,B1GQ,Gross domestic product,_Z,Not applicable,_Z,Not applicable,_Z,Not applicable,USD_PPP,"US dollars, PPP converted",LR,Chain linked volume (rebased),LA,Annual levels,T0102,Table 0102 - GDP identity from the expenditure side,2009-Q2,,17144004.2,,2020,,,,F,Free (free for publication),1,One,A,Normal value,6,Millions,USD,US dollar
DATAFLOW,OECD.SDD.NAD:DSD_NAMAIN1@DF_QNA_EXPENDITURE_USD(1.1),"Quarterly GDP and components - expenditure approach, US Dollars",I,Q,Quarterly,Y,Calendar and seasonally adjusted,USA,United States,S1,Total economy,S1,Total economy,B1GQ,Gross domestic product,_Z,Not applicable,_Z,Not applicable,_Z,Not applicable,USD_PPP,"US dollars, PPP converted",LR,Chain linked volume (rebased),LA,Annual levels,T0102,Table 0102 - GDP identity from the expenditure side,2009-Q3,,17204212.7,,2020,,,,F,Free (free for publication),1,One,A,Normal value,6,Millions,USD,US dollar
DATAFLOW,OECD.SDD.NAD:DSD_NAMAIN1@DF_QNA_EXPENDITURE_USD(1.1),"Quarterly GDP and components - expenditure approach, US Dollars",I,Q,Quarterly,Y,Calendar and seasonally adjusted,USA,United States,S1,Total economy,S1,Total economy,B1GQ,Gross domestic product,_Z,Not applicable,_Z,Not applicable,_Z,Not applicable,USD_PPP,"US dollars, PPP converted",LR,Chain linked volume (rebased),LA,Annual levels,T0102,Table 0102 - GDP identity from the expenditure side,2009-Q4,,17390175.4,,2020,,,,F,Free (free for publication),1,One,A,Normal value,6,Millions,USD,US dollar
DATAFLOW,OECD.SDD.NAD:DSD_NAMAIN1@DF_QNA_EXPENDITURE_USD(1.1),"Quarterly GDP and components - expenditure approach, US Dollars",I,Q,Quarterly,Y,Calendar and seasonally adjusted,USA,United States,S1,Total economy,S1,Total economy,B1GQ,Gross domestic product,_Z,Not applicable,_Z,Not applicable,_Z,Not applicable,USD_PPP,"US dollars, PPP converted",LR,Chain linked volume (rebased),LA,Annual levels,T0102,Table 0102 - GDP identity from the expenditure side,2010-Q1,,17474430.9,,2020,,,,F,Free (free for publication),1,One,A,Normal value,6,Millions,USD,US dollar
DATAFLOW,OECD.SDD.NAD:DSD_NAMAIN1@DF_QNA_EXPENDITURE_USD(1.1),"Quarterly GDP and components - expenditure approach, US Dollars",I,Q,Quarterly,Y,Calendar and seasonally adjusted,USA,United States,S1,Total economy,S1,Total economy,B1GQ,Gross domestic product,_Z,Not applicable,_Z,Not applicable,_Z,Not applicable,USD_PPP,"US dollars, PPP converted",LR,Chain linked volume (rebased),LA,Annual levels,T0102,Table 0102 - GDP identity from the expenditure side,2010-Q2,,17643511.1,,2020,,,,F,Free (free for publication),1,One,A,Normal value,6,Millions,USD,US dollar
DATAFLOW,OECD.SDD.NAD:DSD_NAMAIN1@DF_QNA_EXPENDITURE_USD(1.1),"Quarterly GDP and components - expenditure approach, US Dollars",I,Q,Quarterly,Y,Calendar and seasonally adjusted,USA,United States,S1,Total economy,S1,Total economy,B1GQ,Gross domestic product,_Z,Not applicable,_Z,Not applicable,_Z,Not applicable,USD_PPP,"US dollars, PPP converted",LR,Chain linked volume (rebased),LA,Annual levels,T0102,Table 0102 - GDP identity from the expenditure side,2010-Q3,,17779557.6,,2020,,,,F,Free (free for publication),1,One,A,Normal value,6,Millions,USD,US dollar
DATAFLOW,OECD.SDD.NAD:DSD_NAMAIN1@DF_QNA_EXPENDITURE_USD(1.1),"Quarterly GDP and components - expenditure approach, US Dollars",I,Q,Quarterly,Y,Calendar and seasonally adjusted,USA,United States,S1,Total economy,S1,Total economy,B1GQ,Gross domestic product,_Z,Not applicable,_Z,Not applicable,_Z,Not applicable,USD_PPP,"US dollars, PPP converted",LR,Chain linked volume (rebased),LA,Annual levels,T0102,Table 0102 - GDP identity from the expenditure side,2010-Q4,,17872919.8,,2020,,,,F,Free (free for publication),1,One,A,Normal value,6,Millions,USD,US dollar
DATAFLOW,OECD.SDD.NAD:DSD_NAMAIN1@DF_QNA_EXPENDITURE_USD(1.1),"Quarterly GDP and components - expenditure approach, US Dollars",I,Q,Quarterly,Y,Calendar and seasonally adjusted,USA,United States,S1,Total economy,S1,Total economy,B1GQ,Gross domestic product,_Z,Not applicable,_Z,Not applicable,_Z,Not applicable,USD_PPP,"US dollars, PPP converted",LR,Chain linked volume (rebased),LA,Annual levels,T0102,Table 0102 - GDP identity from the expenditure side,2011-Q1,,17830524.4,,2020,,,,F,Free (free for publication),1,One,A,Normal value,6,Millions,USD,US dollar
DATAFLOW,OECD.SDD.NAD:DSD_NAMAIN1@DF_QNA_EXPENDITURE_USD(1.1),"Quarterly GDP and components - expenditure approach, US Dollars",I,Q,Quarterly,Y,Calendar and seasonally adjusted,USA,United States,S1,Total economy,S1,Total economy,B1GQ,Gross domestic product,_Z,Not applicable,_Z,Not applicable,_Z,Not applicable,USD_PPP,"US dollars, PPP converted",LR,Chain linked volume (rebased),LA,Annual levels,T0102,Table 0102 - GDP identity from the expenditure side,2011-Q2,,17951162.6,,2020,,,,F,Free (free for publication),1,One,A,Normal value,6,Millions,USD,US dollar
DATAFLOW,OECD.SDD.NAD:DSD_NAMAIN1@DF_QNA_EXPENDITURE_USD(1.1),"Quarterly GDP and components - expenditure approach, US Dollars",I,Q,Quarterly,Y,Calendar and seasonally adjusted,USA,United States,S1,Total economy,S1,Total economy,B1GQ,Gross domestic product,_Z,Not applicable,_Z,Not applicable,_Z,Not applicable,USD_PPP,"US dollars, PPP converted",LR,Chain linked volume (rebased),LA,Annual levels,T0102,Table 0102 - GDP identity from the expenditure side,2011-Q3,,17947157.2,,2020,,,,F,Free (free for publication),1,One,A,Normal value,6,Millions,USD,US dollar
DATAFLOW,OECD.SDD.NAD:DSD_NAMAIN1@DF_QNA_EXPENDITURE_USD(1.1),"Quarterly GDP and components - expenditure approach, US Dollars",I,Q,Quarterly,Y,Calendar and seasonally adjusted,USA,United States,S1,Total economy,S1,Total economy,B1GQ,Gross domestic product,_Z,Not applicable,_Z,Not applicable,_Z,Not applicable,USD_PPP,"US dollars, PPP converted",LR,Chain linked volume (rebased),LA,Annual levels,T0102,Table 0102 - GDP identity from the expenditure side,2011-Q4,,18148712.6,,2020,,,,F,Free (free for publication),1,One,A,Normal value,6,Millions,USD,US dollar
DATAFLOW,OECD.SDD.NAD:DSD_NAMAIN1@DF_QNA_EXPENDITURE_USD(1.1),"Quarterly GDP and components - expenditure approach, US Dollars",I,Q,Quarterly,Y,Calendar and seasonally adjusted,USA,United States,S1,Total economy,S1,Total economy,B1GQ,Gross domestic product,_Z,Not applicable,_Z,Not applicable,_Z,Not applicable,USD_PPP,"US dollars, PPP converted",LR,Chain linked volume (rebased),LA,Annual levels,T0102,Table 0102 - GDP identity from the expenditure side,2012-Q1,,18300906,,2020,,,,F,Free (free for publication),1,One,A,Normal value,6,Millions,USD,US dollar
DATAFLOW,OECD.SDD.NAD:DSD_NAMAIN1@DF_QNA_EXPENDITURE_USD(1.1),"Quarterly GDP and components - expenditure approach, US Dollars",I,Q,Quarterly,Y,Calendar and seasonally adjusted,USA,United States,S1,Total economy,S1,Total economy,B1GQ,Gross domestic product,_Z,Not applicable,_Z,Not applicable,_Z,Not applicable,USD_PPP,"US dollars, PPP converted",LR,Chain linked volume (rebased),LA,Annual levels,T0102,Table 0102 - GDP identity from the expenditure side,2012-Q2,,18382589.3,,2020,,,,F,Free (free for publication),1,One,A,Normal value,6,Millions,USD,US dollar
DATAFLOW,OECD.SDD.NAD:DSD_NAMAIN1@DF_QNA_EXPENDITURE_USD(1.1),"Quarterly GDP and components - expenditure approach, US Dollars",I,Q,Quarterly,Y,Calendar and seasonally adjusted,USA,United States,S1,Total economy,S1,Total economy,B1GQ,Gross domestic product,_Z,Not applicable,_Z,Not applicable,_Z,Not applicable,USD_PPP,"US dollars, PPP converted",LR,Chain linked volume (rebased),LA,Annual levels,T0102,Table 0102 - GDP identity from the expenditure side,2012-Q3,,18409065.4,,2020,,,,F,Free (free for publication),1,One,A,Normal value,6,Millions,USD,US dollar
DATAFLOW,OECD.SDD.NAD:DSD_NAMAIN1@DF_QNA_EXPENDITURE_USD(1.1),"Quarterly GDP and components - expenditure approach, US Dollars",I,Q,Quarterly,Y,Calendar and seasonally adjusted,USA,United States,S1,Total economy,S1,Total economy,B1GQ,Gross domestic product,_Z,Not applicable,_Z,Not applicable,_Z,Not applicable,USD_PPP,"US dollars, PPP converted",LR,Chain linked volume (rebased),LA,Annual levels,T0102,Table 0102 - GDP identity from the expenditure side,2012-Q4,,18430353.7,,2020,,,,F,Free (free for publication),1,One,A,Normal value,6,Millions,USD,US dollar
DATAFLOW,OECD.SDD.NAD:DSD_NAMAIN1@DF_QNA_EXPENDITURE_USD(1.1),"Quarterly GDP and components - expenditure approach, US Dollars",I,Q,Quarterly,Y,Calendar and seasonally adjusted,USA,United States,S1,Total economy,S1,Total economy,B1GQ,Gross domestic product,_Z,Not applicable,_Z,Not applicable,_Z,Not applicable,USD_PPP,"US dollars, PPP converted",LR,Chain linked volume (rebased),LA,Annual levels,T0102,Table 0102 - GDP identity from the expenditure side,2013-Q1,,18612180.3,,2020,,,,F,Free (free for publication),1,One,A,Normal value,6,Millions,USD,US dollar
DATAFLOW,OECD.SDD.NAD:DSD_NAMAIN1@DF_QNA_EXPENDITURE_USD(1.1),"Quarterly GDP and components - expenditure approach, US Dollars",I,Q,Quarterly,Y,Calendar and seasonally adjusted,USA,United States,S1,Total economy,S1,Total economy,B1GQ,Gross domestic product,_Z,Not applicable,_Z,Not applicable,_Z,Not applicable,USD_PPP,"US dollars, PPP converted",LR,Chain linked volume (rebased),LA,Annual levels,T0102,Table 0102 - GDP identity from the expenditure side,2013-Q2,,18661993.3,,2020,,,,F,Free (free for publication),1,One,A,Normal value,6,Millions,USD,US dollar
DATAFLOW,OECD.SDD.NAD:DSD_NAMAIN1@DF_QNA_EXPENDITURE_USD(1.1),"Quarterly GDP and components - expenditure approach, US Dollars",I,Q,Quarterly,Y,Calendar and seasonally adjusted,USA,United States,S1,Total economy,S1,Total economy,B1GQ,Gross domestic product,_Z,Not applicable,_Z,Not applicable,_Z,Not applicable,USD_PPP,"US dollars, PPP converted",LR,Chain linked volume (rebased),LA,Annual levels,T0102,Table 0102 - GDP identity from the expenditure side,2013-Q3,,18820880.3,,2020,,,,F,Free (free for publication),1,One,A,Normal value,6,Millions,USD,US dollar
DATAFLOW,OECD.SDD.NAD:DSD_NAMAIN1@DF_QNA_EXPENDITURE_USD(1.1),"Quarterly GDP and components - expenditure approach, US Dollars",I,Q,Quarterly,Y,Calendar and seasonally adjusted,USA,United States,S1,Total economy,S1,Total economy,B1GQ,Gross domestic product,_Z,Not applicable,_Z,Not applicable,_Z,Not applicable,USD_PPP,"US dollars, PPP converted",LR,Chain linked volume (rebased),LA,Annual levels,T0102,Table 0102 - GDP identity from the expenditure side,2013-Q4,,18984949.8,,2020,,,,F,Free (free for publication),1,One,A,Normal value,6,Millions,USD,US dollar
DATAFLOW,OECD.SDD.NAD:DSD_NAMAIN1@DF_QNA_EXPENDITURE_USD(1.1),"Quarterly GDP and components - expenditure approach, US Dollars",I,Q,Quarterly,Y,Calendar and seasonally adjusted,USA,United States,S1,Total economy,S1,Total economy,B1GQ,Gross domestic product,_Z,Not applicable,_Z,Not applicable,_Z,Not applicable,USD_PPP,"US dollars, PPP converted",LR,Chain linked volume (rebased),LA,Annual levels,T0102,Table 0102 - GDP identity from the expenditure side,2014-Q1,,18919433.5,,2020,,,,F,Free (free for publication),1,One,A,Normal value,6,Millions,USD,US dollar
DATAFLOW,OECD.SDD.NAD:DSD_NAMAIN1@DF_QNA_EXPENDITURE_USD(1.1),"Quarterly GDP and components - expenditure approach, US Dollars",I,Q,Quarterly,Y,Calendar and seasonally adjusted,USA,United States,S1,Total economy,S1,Total economy,B1GQ,Gross domestic product,_Z,Not applicable,_Z,Not applicable,_Z,Not applicable,USD_PPP,"US dollars, PPP converted",LR,Chain linked volume (rebased),LA,Annual levels,T0102,Table 0102 - GDP identity from the expenditure side,2014-Q2,,19163842.7,,2020,,,,F,Free (free for publication),1,One,A,Normal value,6,Millions,USD,US dollar
DATAFLOW,OECD.SDD.NAD:DSD_NAMAIN1@DF_QNA_EXPENDITURE_USD(1.1),"Quarterly GDP and components - expenditure approach, US Dollars",I,Q,Quarterly,Y,Calendar and seasonally adjusted,USA,United States,S1,Total economy,S1,Total economy,B1GQ,Gross domestic product,_Z,Not applicable,_Z,Not applicable,_Z,Not applicable,USD_PPP,"US dollars, PPP converted",LR,Chain linked volume (rebased),LA,Annual levels,T0102,Table 0102 - GDP identity from the expenditure side,2014-Q3,,19396758.4,,2020,,,,F,Free (free for publication),1,One,A,Normal value,6,Millions,USD,US dollar
DATAFLOW,OECD.SDD.NAD:DSD_NAMAIN1@DF_QNA_EXPENDITURE_USD(1.1),"Quarterly GDP and components - expenditure approach, US Dollars",I,Q,Quarterly,Y,Calendar and seasonally adjusted,USA,United States,S1,Total economy,S1,Total economy,B1GQ,Gross domestic product,_Z,Not applicable,_Z,Not applicable,_Z,Not applicable,USD_PPP,"US dollars, PPP converted",LR,Chain linked volume (rebased),LA,Annual levels,T0102,Table 0102 - GDP identity from the expenditure side,2014-Q4,,19494854.2,,2020,,,,F,Free (free for publication),1,One,A,Normal value,6,Millions,USD,US dollar
DATAFLOW,OECD.SDD.NAD:DSD_NAMAIN1@DF_QNA_EXPENDITURE_USD(1.1),"Quarterly GDP and components - expenditure approach, US Dollars",I,Q,Quarterly,Y,Calendar and seasonally adjusted,USA,United States,S1,Total economy,S1,Total economy,B1GQ,Gross domestic product,_Z,Not applicable,_Z,Not applicable,_Z,Not applicable,USD_PPP,"US dollars, PPP converted",LR,Chain linked volume (rebased),LA,Annual levels,T0102,Table 0102 - GDP identity from the expenditure side,2015-Q1,,19670402.5,,2020,,,,F,Free (free for publication),1,One,A,Normal value,6,Millions,USD,US dollar
DATAFLOW,OECD.SDD.NAD:DSD_NAMAIN1@DF_QNA_EXPENDITURE_USD(1.1),"Quarterly GDP and components - expenditure approach, US Dollars",I,Q,Quarterly,Y,Calendar and seasonally adjusted,USA,United States,S1,Total economy,S1,Total economy,B1GQ,Gross domestic product,_Z,Not applicable,_Z,Not applicable,_Z,Not applicable,USD_PPP,"US dollars, PPP converted",LR,Chain linked volume (rebased),LA,Annual levels,T0102,Table 0102 - GDP identity from the expenditure side,2015-Q2,,19792241.9,,2020,,,,F,Free (free for publication),1,One,A,Normal value,6,Millions,USD,US dollar
DATAFLOW,OECD.SDD.NAD:DSD_NAMAIN1@DF_QNA_EXPENDITURE_USD(1.1),"Quarterly GDP and components - expenditure approach, US Dollars",I,Q,Quarterly,Y,Calendar and seasonally adjusted,USA,United States,S1,Total economy,S1,Total economy,B1GQ,Gross domestic product,_Z,Not applicable,_Z,Not applicable,_Z,Not applicable,USD_PPP,"US dollars, PPP converted",LR,Chain linked volume (rebased),LA,Annual levels,T0102,Table 0102 - GDP identity from the expenditure side,2015-Q3,,19871459.4,,2020,,,,F,Free (free for publication),1,One,A,Normal value,6,Millions,USD,US dollar
DATAFLOW,OECD.SDD.NAD:DSD_NAMAIN1@DF_QNA_EXPENDITURE_USD(1.1),"Quarterly GDP and components - expenditure approach, US Dollars",I,Q,Quarterly,Y,Calendar and seasonally adjusted,USA,United States,S1,Total economy,S1,Total economy,B1GQ,Gross domestic product,_Z,Not applicable,_Z,Not applicable,_Z,Not applicable,USD_PPP,"US dollars, PPP converted",LR,Chain linked volume (rebased),LA,Annual levels,T0102,Table 0102 - GDP identity from the expenditure side,2015-Q4,,19908118.1,,2020,,,,F,Free (free for publication),1,One,A,Normal value,6,Millions,USD,US dollar
DATAFLOW,OECD.SDD.NAD:DSD_NAMAIN1@DF_QNA_EXPENDITURE_USD(1.1),"Quarterly GDP and components - expenditure approach, US Dollars",I,Q,Quarterly,Y,Calendar and seasonally adjusted,USA,United States,S1,Total economy,S1,Total economy,B1GQ,Gross domestic product,_Z,Not applicable,_Z,Not applicable,_Z,Not applicable,USD_PPP,"US dollars, PPP converted",LR,Chain linked volume (rebased),LA,Annual levels,T0102,Table 0102 - GDP identity from the expenditure side,2016-Q1,,20023489.5,,2020,,,,F,Free (free for publication),1,One,A,Normal value,6,Millions,USD,US dollar
DATAFLOW,OECD.SDD.NAD:DSD_NAMAIN1@DF_QNA_EXPENDITURE_USD(1.1),"Quarterly GDP and components - expenditure approach, US Dollars",I,Q,Quarterly,Y,Calendar and seasonally adjusted,USA,United States,S1,Total economy,S1,Total economy,B1GQ,Gross domestic product,_Z,Not applicable,_Z,Not applicable,_Z,Not applicable,USD_PPP,"US dollars, PPP converted",LR,Chain linked volume (rebased),LA,Annual levels,T0102,Table 0102 - GDP identity from the expenditure side,2016-Q2,,20087789.7,,2020,,,,F,Free (free for publication),1,One,A,Normal value,6,Millions,USD,US dollar
DATAFLOW,OECD.SDD.NAD:DSD_NAMAIN1@DF_QNA_EXPENDITURE_USD(1.1),"Quarterly GDP and components - expenditure approach, US Dollars",I,Q,Quarterly,Y,Calendar and seasonally adjusted,USA,United States,S1,Total economy,S1,Total economy,B1GQ,Gross domestic product,_Z,Not applicable,_Z,Not applicable,_Z,Not applicable,USD_PPP,"US dollars, PPP converted",LR,Chain linked volume (rebased),LA,Annual levels,T0102,Table 0102 - GDP identity from the expenditure side,2016-Q3,,20230290.6,,2020,,,,F,Free (free for publication),1,One,A,Normal value,6,Millions,USD,US dollar
DATAFLOW,OECD.SDD.NAD:DSD_NAMAIN1@DF_QNA_EXPENDITURE_USD(1.1),"Quarterly GDP and components - expenditure approach, US Dollars",I,Q,Quarterly,Y,Calendar and seasonally adjusted,USA,United States,S1,Total economy,S1,Total economy,B1GQ,Gross domestic product,_Z,Not applicable,_Z,Not applicable,_Z,Not applicable,USD_PPP,"US dollars, PPP converted",LR,Chain linked volume (rebased),LA,Annual levels,T0102,Table 0102 - GDP identity from the expenditure side,2016-Q4,,20342426.9,,2020,,,,F,Free (free for publication),1,One,A,Normal value,6,Millions,USD,US dollar
DATAFLOW,OECD.SDD.NAD:DSD_NAMAIN1@DF_QNA_EXPENDITURE_USD(1.1),"Quarterly GDP and components - expenditure approach, US Dollars",I,Q,Quarterly,Y,Calendar and seasonally adjusted,USA,United States,S1,Total economy,S1,Total economy,B1GQ,Gross domestic product,_Z,Not applicable,_Z,Not applicable,_Z,Not applicable,USD_PPP,"US dollars, PPP converted",LR,Chain linked volume (rebased),LA,Annual levels,T0102,Table 0102 - GDP identity from the expenditure side,2017-Q1,,20441472.2,,2020,,,,F,Free (free for publication),1,One,A,Normal value,6,Millions,USD,US dollar
DATAFLOW,OECD.SDD.NAD:DSD_NAMAIN1@DF_QNA_EXPENDITURE_USD(1.1),"Quarterly GDP and components - expenditure approach, US Dollars",I,Q,Quarterly,Y,Calendar and seasonally adjusted,USA,United States,S1,Total economy,S1,Total economy,B1GQ,Gross domestic product,_Z,Not applicable,_Z,Not applicable,_Z,Not applicable,USD_PPP,"US dollars, PPP converted",LR,Chain linked volume (rebased),LA,Annual levels,T0102,Table 0102 - GDP identity from the expenditure side,2017-Q2,,20555918.4,,2020,,,,F,Free (free for publication),1,One,A,Normal value,6,Millions,USD,US dollar
DATAFLOW,OECD.SDD.NAD:DSD_NAMAIN1@DF_QNA_EXPENDITURE_USD(1.1),"Quarterly GDP and components - expenditure approach, US Dollars",I,Q,Quarterly,Y,Calendar and seasonally adjusted,USA,United States,S1,Total economy,S1,Total economy,B1GQ,Gross domestic product,_Z,Not applicable,_Z,Not applicable,_Z,Not applicable,USD_PPP,"US dollars, PPP converted",LR,Chain linked volume (rebased),LA,Annual levels,T0102,Table 0102 - GDP identity from the expenditure side,2017-Q3,,20718006.7,,2020,,,,F,Free (free for publication),1,One,A,Normal value,6,Millions,USD,US dollar
DATAFLOW,OECD.SDD.NAD:DSD_NAMAIN1@DF_QNA_EXPENDITURE_USD(1.1),"Quarterly GDP and components - expenditure approach, US Dollars",I,Q,Quarterly,Y,Calendar and seasonally adjusted,USA,United States,S1,Total economy,S1,Total economy,B1GQ,Gross domestic product,_Z,Not applicable,_Z,Not applicable,_Z,Not applicable,USD_PPP,"US dollars, PPP converted",LR,Chain linked volume (rebased),LA,Annual levels,T0102,Table 0102 - GDP identity from the expenditure side,2017-Q4,,20951508.3,,2020,,,,F,Free (free for publication),1,One,A,Normal value,6,Millions,USD,US dollar
DATAFLOW,OECD.SDD.NAD:DSD_NAMAIN1@DF_QNA_EXPENDITURE_USD(1.1),"Quarterly GDP and components - expenditure approach, US Dollars",I,Q,Quarterly,Y,Calendar and seasonally adjusted,USA,United States,S1,Total economy,S1,Total economy,B1GQ,Gross domestic product,_Z,Not applicable,_Z,Not applicable,_Z,Not applicable,USD_PPP,"US dollars, PPP converted",LR,Chain linked volume (rebased),LA,Annual levels,T0102,Table 0102 - GDP identity from the expenditure side,2018-Q1,,21121930,,2020,,,,F,Free (free for publication),1,One,A,Normal value,6,Millions,USD,US dollar
DATAFLOW,OECD.SDD.NAD:DSD_NAMAIN1@DF_QNA_EXPENDITURE_USD(1.1),"Quarterly GDP and components - expenditure approach, US Dollars",I,Q,Quarterly,Y,Calendar and seasonally adjusted,USA,United States,S1,Total economy,S1,Total economy,B1GQ,Gross domestic product,_Z,Not applicable,_Z,Not applicable,_Z,Not applicable,USD_PPP,"US dollars, PPP converted",LR,Chain linked volume (rebased),LA,Annual levels,T0102,Table 0102 - GDP identity from the expenditure side,2018-Q2,,21234050.5,,2020,,,,F,Free (free for publication),1,One,A,Normal value,6,Millions,USD,US dollar
DATAFLOW,OECD.SDD.NAD:DSD_NAMAIN1@DF_QNA_EXPENDITURE_USD(1.1),"Quarterly GDP and components - expenditure approach, US Dollars",I,Q,Quarterly,Y,Calendar and seasonally adjusted,USA,United States,S1,Total economy,S1,Total economy,B1GQ,Gross domestic product,_Z,Not applicable,_Z,Not applicable,_Z,Not applicable,USD_PPP,"US dollars, PPP converted",LR,Chain linked volume (rebased),LA,Annual levels,T0102,Table 0102 - GDP identity from the expenditure side,2018-Q3,,21366486.7,,2020,,,,F,Free (free for publication),1,One,A,Normal value,6,Millions,USD,US dollar
DATAFLOW,OECD.SDD.NAD:DSD_NAMAIN1@DF_QNA_EXPENDITURE_USD(1.1),"Quarterly GDP and components - expenditure approach, US Dollars",I,Q,Quarterly,Y,Calendar and seasonally adjusted,USA,United States,S1,Total economy,S1,Total economy,B1GQ,Gross domestic product,_Z,Not applicable,_Z,Not applicable,_Z,Not applicable,USD_PPP,"US dollars, PPP converted",LR,Chain linked volume (rebased),LA,Annual levels,T0102,Table 0102 - GDP identity from the expenditure side,2018-Q4,,21396751.1,,2020,,,,F,Free (free for publication),1,One,A,Normal value,6,Millions,USD,US dollar
DATAFLOW,OECD.SDD.NAD:DSD_NAMAIN1@DF_QNA_EXPENDITURE_USD(1.1),"Quarterly GDP and components - expenditure approach, US Dollars",I,Q,Quarterly,Y,Calendar and seasonally adjusted,USA,United States,S1,Total economy,S1,Total economy,B1GQ,Gross domestic product,_Z,Not applicable,_Z,Not applicable,_Z,Not applicable,USD_PPP,"US dollars, PPP converted",LR,Chain linked volume (rebased),LA,Annual levels,T0102,Table 0102 - GDP identity from the expenditure side,2019-Q1,,21530334.9,,2020,,,,F,Free (free for publication),1,One,A,Normal value,6,Millions,USD,US dollar
DATAFLOW,OECD.SDD.NAD:DSD_NAMAIN1@DF_QNA_EXPENDITURE_USD(1.1),"Quarterly GDP and components - expenditure approach, US Dollars",I,Q,Quarterly,Y,Calendar and seasonally adjusted,USA,United States,S1,Total economy,S1,Total economy,B1GQ,Gross domestic product,_Z,Not applicable,_Z,Not applicable,_Z,Not applicable,USD_PPP,"US dollars, PPP converted",LR,Chain linked volume (rebased),LA,Annual levels,T0102,Table 0102 - GDP identity from the expenditure side,2019-Q2,,21710144.6,,2020,,,,F,Free (free for publication),1,One,A,Normal value,6,Millions,USD,US dollar
DATAFLOW,OECD.SDD.NAD:DSD_NAMAIN1@DF_QNA_EXPENDITURE_USD(1.1),"Quarterly GDP and components - expenditure approach, US Dollars",I,Q,Quarterly,Y,Calendar and seasonally adjusted,USA,United States,S1,Total economy,S1,Total economy,B1GQ,Gross domestic product,_Z,Not applicable,_Z,Not applicable,_Z,Not applicable,USD_PPP,"US dollars, PPP converted",LR,Chain linked volume (rebased),LA,Annual levels,T0102,Table 0102 - GDP identity from the expenditure side,2019-Q3,,21964153.7,,2020,,,,F,Free (free for publication),1,One,A,Normal value,6,Millions,USD,US dollar
DATAFLOW,OECD.SDD.NAD:DSD_NAMAIN1@DF_QNA_EXPENDITURE_USD(1.1),"Quarterly GDP and components - expenditure approach, US Dollars",I,Q,Quarterly,Y,Calendar and seasonally adjusted,USA,United States,S1,Total economy,S1,Total economy,B1GQ,Gross domestic product,_Z,Not applicable,_Z,Not applicable,_Z,Not applicable,USD_PPP,"US dollars, PPP converted",LR,Chain linked volume (rebased),LA,Annual levels,T0102,Table 0102 - GDP identity from the expenditure side,2019-Q4,,22113922.4,,2020,,,,F,Free (free for publication),1,One,A,Normal value,6,Millions,USD,US dollar
DATAFLOW,OECD.SDD.NAD:DSD_NAMAIN1@DF_QNA_EXPENDITURE_USD(1.1),"Quarterly GDP and components - expenditure approach, US Dollars",I,Q,Quarterly,Y,Calendar and seasonally adjusted,USA,United States,S1,Total economy,S1,Total economy,B1GQ,Gross domestic product,_Z,Not applicable,_Z,Not applicable,_Z,Not applicable,USD_PPP,"US dollars, PPP converted",LR,Chain linked volume (rebased),LA,Annual levels,T0102,Table 0102 - GDP identity from the expenditure side,2020-Q1,,21822832,,2020,,,,F,Free (free for publication),1,One,A,Normal value,6,Millions,USD,US dollar
DATAFLOW,OECD.SDD.NAD:DSD_NAMAIN1@DF_QNA_EXPENDITURE_USD(1.1),"Quarterly GDP and components - expenditure approach, US Dollars",I,Q,Quarterly,Y,Calendar and seasonally adjusted,USA,United States,S1,Total economy,S1,Total economy,B1GQ,Gross domestic product,_Z,Not applicable,_Z,Not applicable,_Z,Not applicable,USD_PPP,"US dollars, PPP converted",LR,Chain linked volume (rebased),LA,Annual levels,T0102,Table 0102 - GDP identity from the expenditure side,2020-Q2,,20103894.6,,2020,,,,F,Free (free for publication),1,One,A,Normal value,6,Millions,USD,US dollar
DATAFLOW,OECD.SDD.NAD:DSD_NAMAIN1@DF_QNA_EXPENDITURE_USD(1.1),"Quarterly GDP and components - expenditure approach, US Dollars",I,Q,Quarterly,Y,Calendar and seasonally adjusted,USA,United States,S1,Total economy,S1,Total economy,B1GQ,Gross domestic product,_Z,Not applicable,_Z,Not applicable,_Z,Not applicable,USD_PPP,"US dollars, PPP converted",LR,Chain linked volume (rebased),LA,Annual levels,T0102,Table 0102 - GDP identity from the expenditure side,2020-Q3,,21664415,,2020,,,,F,Free (free for publication),1,One,A,Normal value,6,Millions,USD,US dollar
DATAFLOW,OECD.SDD.NAD:DSD_NAMAIN1@DF_QNA_EXPENDITURE_USD(1.1),"Quarterly GDP and components - expenditure approach, US Dollars",I,Q,Quarterly,Y,Calendar and seasonally adjusted,USA,United States,S1,Total economy,S1,Total economy,B1GQ,Gross domestic product,_Z,Not applicable,_Z,Not applicable,_Z,Not applicable,USD_PPP,"US dollars, PPP converted",LR,Chain linked volume (rebased),LA,Annual levels,T0102,Table 0102 - GDP identity from the expenditure side,2020-Q4,,21909984.4,,2020,,,,F,Free (free for publication),1,One,A,Normal value,6,Millions,USD,US dollar
DATAFLOW,OECD.SDD.NAD:DSD_NAMAIN1@DF_QNA_EXPENDITURE_USD(1.1),"Quarterly GDP and components - expenditure approach, US Dollars",I,Q,Quarterly,Y,Calendar and seasonally adjusted,USA,United States,S1,Total economy,S1,Total economy,B1GQ,Gross domestic product,_Z,Not applicable,_Z,Not applicable,_Z,Not applicable,USD_PPP,"US dollars, PPP converted",LR,Chain linked volume (rebased),LA,Annual levels,T0102,Table 0102 - GDP identity from the expenditure side,2021-Q1,,22215807.6,,2020,,,,F,Free (free for publication),1,One,A,Normal value,6,Millions,USD,US dollar
DATAFLOW,OECD.SDD.NAD:DSD_NAMAIN1@DF_QNA_EXPENDITURE_USD(1.1),"Quarterly GDP and components - expenditure approach, US Dollars",I,Q,Quarterly,Y,Calendar and seasonally adjusted,USA,United States,S1,Total economy,S1,Total economy,B1GQ,Gross domestic product,_Z,Not applicable,_Z,Not applicable,_Z,Not applicable,USD_PPP,"US dollars, PPP converted",LR,Chain linked volume (rebased),LA,Annual levels,T0102,Table 0102 - GDP identity from the expenditure side,2021-Q2,,22593896.5,,2020,,,,F,Free (free for publication),1,One,A,Normal value,6,Millions,USD,US dollar
DATAFLOW,OECD.SDD.NAD:DSD_NAMAIN1@DF_QNA_EXPENDITURE_USD(1.1),"Quarterly GDP and components - expenditure approach, US Dollars",I,Q,Quarterly,Y,Calendar and seasonally adjusted,USA,United States,S1,Total economy,S1,Total economy,B1GQ,Gross domestic product,_Z,Not applicable,_Z,Not applicable,_Z,Not applicable,USD_PPP,"US dollars, PPP converted",LR,Chain linked volume (rebased),LA,Annual levels,T0102,Table 0102 - GDP identity from the expenditure side,2021-Q3,,22780308.1,,2020,,,,F,Free (free for publication),1,One,A,Normal value,6,Millions,USD,US dollar
DATAFLOW,OECD.SDD.NAD:DSD_NAMAIN1@DF_QNA_EXPENDITURE_USD(1.1),"Quarterly GDP and components - expenditure approach, US Dollars",I,Q,Quarterly,Y,Calendar and seasonally adjusted,USA,United States,S1,Total economy,S1,Total economy,B1GQ,Gross domestic product,_Z,Not applicable,_Z,Not applicable,_Z,Not applicable,USD_PPP,"US dollars, PPP converted",LR,Chain linked volume (rebased),LA,Annual levels,T0102,Table 0102 - GDP identity from the expenditure side,2021-Q4,,23171162.4,,2020,,,,F,Free (free for publication),1,One,A,Normal value,6,Millions,USD,US dollar
DATAFLOW,OECD.SDD.NAD:DSD_NAMAIN1@DF_QNA_EXPENDITURE_USD(1.1),"Quarterly GDP and components - expenditure approach, US Dollars",I,Q,Quarterly,Y,Calendar and seasonally adjusted,USA,United States,S1,Total economy,S1,Total economy,B1GQ,Gross domestic product,_Z,Not applicable,_Z,Not applicable,_Z,Not applicable,USD_PPP,"US dollars, PPP converted",LR,Chain linked volume (rebased),LA,Annual levels,T0102,Table 0102 - GDP identity from the expenditure side,2022-Q1,,23112122.6,,2020,,,,F,Free (free for publication),1,One,A,Normal value,6,Millions,USD,US dollar
DATAFLOW,OECD.SDD.NAD:DSD_NAMAIN1@DF_QNA_EXPENDITURE_USD(1.1),"Quarterly GDP and components - expenditure approach, US Dollars",I,Q,Quarterly,Y,Calendar and seasonally adjusted,USA,United States,S1,Total economy,S1,Total economy,B1GQ,Gross domestic product,_Z,Not applicable,_Z,Not applicable,_Z,Not applicable,USD_PPP,"US dollars, PPP converted",LR,Chain linked volume (rebased),LA,Annual levels,T0102,Table 0102 - GDP identity from the expenditure side,2022-Q2,,23148303.9,,2020,,,,F,Free (free for publication),1,One,A,Normal value,6,Millions,USD,US dollar
DATAFLOW,OECD.SDD.NAD:DSD_NAMAIN1@DF_QNA_EXPENDITURE_USD(1.1),"Quarterly GDP and components - expenditure approach, US Dollars",I,Q,Quarterly,Y,Calendar and seasonally adjusted,USA,United States,S1,Total economy,S1,Total economy,B1GQ,Gross domestic product,_Z,Not applicable,_Z,Not applicable,_Z,Not applicable,USD_PPP,"US dollars, PPP converted",LR,Chain linked volume (rebased),LA,Annual levels,T0102,Table 0102 - GDP identity from the expenditure side,2022-Q3,,23315411.4,,2020,,,,F,Free (free for publication),1,One,A,Normal value,6,Millions,USD,US dollar
DATAFLOW,OECD.SDD.NAD:DSD_NAMAIN1@DF_QNA_EXPENDITURE_USD(1.1),"Quarterly GDP and components - expenditure approach, US Dollars",I,Q,Quarterly,Y,Calendar and seasonally adjusted,USA,United States,S1,Total economy,S1,Total economy,B1GQ,Gross domestic product,_Z,Not applicable,_Z,Not applicable,_Z,Not applicable,USD_PPP,"US dollars, PPP converted",LR,Chain linked volume (rebased),LA,Annual levels,T0102,Table 0102 - GDP identity from the expenditure side,2022-Q4,,23476343.8,,2020,,,,F,Free (free for publication),1,One,A,Normal value,6,Millions,USD,US dollar
DATAFLOW,OECD.SDD.NAD:DSD_NAMAIN1@DF_QNA_EXPENDITURE_USD(1.1),"Quarterly GDP and components - expenditure approach, US Dollars",I,Q,Quarterly,Y,Calendar and seasonally adjusted,USA,United States,S1,Total economy,S1,Total economy,B1GQ,Gross domestic product,_Z,Not applicable,_Z,Not applicable,_Z,Not applicable,USD_PPP,"US dollars, PPP converted",LR,Chain linked volume (rebased),LA,Annual levels,T0102,Table 0102 - GDP identity from the expenditure side,2023-Q1,,23646277.5,,2020,,,,F,Free (free for publication),1,One,A,Normal value,6,Millions,USD,US dollar
DATAFLOW,OECD.SDD.NAD:DSD_NAMAIN1@DF_QNA_EXPENDITURE_USD(1.1),"Quarterly GDP and components - expenditure approach, US Dollars",I,Q,Quarterly,Y,Calendar and seasonally adjusted,USA,United States,S1,Total economy,S1,Total economy,B1GQ,Gross domestic product,_Z,Not applicable,_Z,Not applicable,_Z,Not applicable,USD_PPP,"US dollars, PPP converted",LR,Chain linked volume (rebased),LA,Annual levels,T0102,Table 0102 - GDP identity from the expenditure side,2023-Q2,,23794745.9,,2020,,,,F,Free (free for publication),1,One,A,Normal value,6,Millions,USD,US dollar
DATAFLOW,OECD.SDD.NAD:DSD_NAMAIN1@DF_QNA_EXPENDITURE_USD(1.1),"Quarterly GDP and components - expenditure approach, US Dollars",I,Q,Quarterly,Y,Calendar and seasonally adjusted,USA,United States,S1,Total economy,S1,Total economy,B1GQ,Gross domestic product,_Z,Not applicable,_Z,Not applicable,_Z,Not applicable,USD_PPP,"US dollars, PPP converted",LR,Chain linked volume (rebased),LA,Annual levels,T0102,Table 0102 - GDP identity from the expenditure side,2023-Q3,,24069243.5,,2020,,,,F,Free (free for publication),1,One,A,Normal value,6,Millions,USD,US dollar
DATAFLOW,OECD.SDD.NAD:DSD_NAMAIN1@DF_QNA_EXPENDITURE_USD(1.1),"Quarterly GDP and components - expenditure approach, US Dollars",I,Q,Quarterly,Y,Calendar and seasonally adjusted,USA,United States,S1,Total economy,S1,Total economy,B1GQ,Gross domestic product,_Z,Not applicable,_Z,Not applicable,_Z,Not applicable,USD_PPP,"US dollars, PPP converted",LR,Chain linked volume (rebased),LA,Annual levels,T0102,Table 0102 - GDP identity from the expenditure side,2023-Q4,,24272401.7,,2020,,,,F,Free (free for publication),1,One,A,Normal value,6,Millions,USD,US dollar
DATAFLOW,OECD.SDD.NAD:DSD_NAMAIN1@DF_QNA_EXPENDITURE_USD(1.1),"Quarterly GDP and components - expenditure approach, US Dollars",I,Q,Quarterly,Y,Calendar and seasonally adjusted,USA,United States,S1,Total economy,S1,Total economy,B1GQ,Gross domestic product,_Z,Not applicable,_Z,Not applicable,_Z,Not applicable,USD_PPP,"US dollars, PPP converted",LR,Chain linked volume (rebased),LA,Annual levels,T0102,Table 0102 - GDP identity from the expenditure side,2024-Q1,,24323340,,2020,,,,F,Free (free for publication),1,One,A,Normal value,6,Millions,USD,US dollar
DATAFLOW,OECD.SDD.NAD:DSD_NAMAIN1@DF_QNA_EXPENDITURE_USD(1.1),"Quarterly GDP and components - expenditure approach, US Dollars",I,Q,Quarterly,Y,Calendar and seasonally adjusted,USA,United States,S1,Total economy,S1,Total economy,B1GQ,Gross domestic product,_Z,Not applicable,_Z,Not applicable,_Z,Not applicable,USD_PPP,"US dollars, PPP converted",LR,Chain linked volume (rebased),LA,Annual levels,T0102,Table 0102 - GDP identity from the expenditure side,2024-Q2,,24538719.9,,2020,,,,F,Free (free for publication),1,One,A,Normal value,6,Millions,USD,US dollar
DATAFLOW,OECD.SDD.NAD:DSD_NAMAIN1@DF_QNA_EXPENDITURE_USD(1.1),"Quarterly GDP and components - expenditure approach, US Dollars",I,Q,Quarterly,Y,Calendar and seasonally adjusted,USA,United States,S1,Total economy,S1,Total economy,B1GQ,Gross domestic product,_Z,Not applicable,_Z,Not applicable,_Z,Not applicable,USD_PPP,"US dollars, PPP converted",LR,Chain linked volume (rebased),LA,Annual levels,T0102,Table 0102 - GDP identity from the expenditure side,2024-Q3,,24741109.9,,2020,,,,F,Free (free for publication),1,One,A,Normal value,6,Millions,USD,US dollar
DATAFLOW,OECD.SDD.NAD:DSD_NAMAIN1@DF_QNA_EXPENDITURE_USD(1.1),"Quarterly GDP and components - expenditure approach, US Dollars",I,Q,Quarterly,Y,Calendar and seasonally adjusted,USA,United States,S1,Total economy,S1,Total economy,B1GQ,Gross domestic product,_Z,Not applicable,_Z,Not applicable,_Z,Not applicable,USD_PPP,"US dollars, PPP converted",LR,Chain linked volume (rebased),LA,Annual levels,T0102,Table 0102 - GDP identity from the expenditure side,2024-Q4,,24854888,,2020,,,,F,Free (free for publication),1,One,A,Normal value,6,Millions,USD,US dollar
DATAFLOW,OECD.SDD.NAD:DSD_NAMAIN1@DF_QNA_EXPENDITURE_USD(1.1),"Quarterly GDP and components - expenditure approach, US Dollars",I,Q,Quarterly,Y,Calendar and seasonally adjusted,USA,United States,S1,Total economy,S1,Total economy,B1GQ,Gross domestic product,_Z,Not applicable,_Z,Not applicable,_Z,Not applicable,USD_PPP,"US dollars, PPP converted",LR,Chain linked volume (rebased),LA,Annual levels,T0102,Table 0102 - GDP identity from the expenditure side,2025-Q1,,24814494.7,,2020,,,,F,Free (free for publication),1,One,A,Normal value,6,Millions,USD,US dollar
DATAFLOW,OECD.SDD.NAD:DSD_NAMAIN1@DF_QNA_EXPENDITURE_USD(1.1),"Quarterly GDP and components - expenditure approach, US Dollars",I,Q,Quarterly,Y,Calendar and seasonally adjusted,USA,United States,S1,Total economy,S1,Total economy,B1GQ,Gross domestic product,_Z,Not applicable,_Z,Not applicable,_Z,Not applicable,USD_PPP,"US dollars, PPP converted",LR,Chain linked volume (rebased),LA,Annual levels,T0102,Table 0102 - GDP identity from the expenditure side,2025-Q2,,25049239.7,,2020,,,,F,Free (free for publication),1,One,A,Normal value,6,Millions,USD,US dollar
DATAFLOW,OECD.SDD.NAD:DSD_NAMAIN1@DF_QNA_EXPENDITURE_USD(1.1),"Quarterly GDP and components - expenditure approach, US Dollars",I,Q,Quarterly,Y,Calendar and seasonally adjusted,USA,United States,S1,Total economy,S1,Total economy,B1GQ,Gross domestic product,_Z,Not applicable,_Z,Not applicable,_Z,Not applicable,USD_PPP,"US dollars, PPP converted",LR,Chain linked volume (rebased),LA,Annual levels,T0102,Table 0102 - GDP identity from the expenditure side,2025-Q3,,25318856.3,,2020,,,,F,Free (free for publication),1,One,A,Normal value,6,Millions,USD,US dollar
DATAFLOW,OECD.SDD.NAD:DSD_NAMAIN1@DF_QNA_EXPENDITURE_USD(1.1),"Quarterly GDP and components - expenditure approach, US Dollars",I,Q,Quarterly,Y,Calendar and seasonally adjusted,USA,United States,S1,Total economy,S1,Total economy,B1GQ,Gross domestic product,_Z,Not applicable,_Z,Not applicable,_Z,Not applicable,USD_PPP,"US dollars, PPP converted",LR,Chain linked volume (rebased),LA,Annual levels,T0102,Table 0102 - GDP identity from the expenditure side,2025-Q4,,25349326.2,,2020,,,,F,Free (free for publication),1,One,A,Normal value,6,Millions,USD,US dollar
DATAFLOW,OECD.SDD.NAD:DSD_NAMAIN1@DF_QNA_EXPENDITURE_USD(1.1),"Quarterly GDP and components - expenditure approach, US Dollars",I,Q,Quarterly,Y,Calendar and seasonally adjusted,DEU,Germany,S1,Total economy,S1,Total economy,B1GQ,Gross domestic product,_Z,Not applicable,_Z,Not applicable,_Z,Not applicable,USD_PPP,"US dollars, PPP converted",LR,Chain linked volume (rebased),LA,Annual levels,T0102,Table 0102 - GDP identity from the expenditure side,1960-Q1,,1225152,,2020,,,,F,Free (free for publication),1,One,E,Estimated value,6,Millions,USD,US dollar
DATAFLOW,OECD.SDD.NAD:DSD_NAMAIN1@DF_QNA_EXPENDITURE_USD(1.1),"Quarterly GDP and components - expenditure approach, US Dollars",I,Q,Quarterly,Y,Calendar and seasonally adjusted,DEU,Germany,S1,Total economy,S1,Total economy,B1GQ,Gross domestic product,_Z,Not applicable,_Z,Not applicable,_Z,Not applicable,USD_PPP,"US dollars, PPP converted",LR,Chain linked volume (rebased),LA,Annual levels,T0102,Table 0102 - GDP identity from the expenditure side,1960-Q2,,1246955.4,,2020,,,,F,Free (free for publication),1,One,E,Estimated value,6,Millions,USD,US dollar
DATAFLOW,OECD.SDD.NAD:DSD_NAMAIN1@DF_QNA_EXPENDITURE_USD(1.1),"Quarterly GDP and components - expenditure approach, US Dollars",I,Q,Quarterly,Y,Calendar and seasonally adjusted,DEU,Germany,S1,Total economy,S1,Total economy,B1GQ,Gross domestic product,_Z,Not applicable,_Z,Not applicable,_Z,Not applicable,USD_PPP,"US dollars, PPP converted",LR,Chain linked volume (rebased),LA,Annual levels,T0102,Table 0102 - GDP identity from the expenditure side,1960-Q3,,1290058.8,,2020,,,,F,Free (free for publication),1,One,E,Estimated value,6,Millions,USD,US dollar
DATAFLOW,OECD.SDD.NAD:DSD_NAMAIN1@DF_QNA_EXPENDITURE_USD(1.1),"Quarterly GDP and components - expenditure approach, US Dollars",I,Q,Quarterly,Y,Calendar and seasonally adjusted,DEU,Germany,S1,Total economy,S1,Total economy,B1GQ,Gross domestic product,_Z,Not applicable,_Z,Not applicable,_Z,Not applicable,USD_PPP,"US dollars, PPP converted",LR,Chain linked volume (rebased),LA,Annual levels,T0102,Table 0102 - GDP identity from the expenditure side,1960-Q4,,1303244.1,,2020,,,,F,Free (free for publication),1,One,E,Estimated value,6,Millions,USD,US dollar
DATAFLOW,OECD.SDD.NAD:DSD_NAMAIN1@DF_QNA_EXPENDITURE_USD(1.1),"Quarterly GDP and components - expenditure approach, US Dollars",I,Q,Quarterly,Y,Calendar and seasonally adjusted,DEU,Germany,S1,Total economy,S1,Total economy,B1GQ,Gross domestic product,_Z,Not applicable,_Z,Not applicable,_Z,Not applicable,USD_PPP,"US dollars, PPP converted",LR,Chain linked volume (rebased),LA,Annual levels,T0102,Table 0102 - GDP identity from the expenditure side,1961-Q1,,1316429.3,,2020,,,,F,Free (free for publication),1,One,E,Estimated value,6,Millions,USD,US dollar
DATAFLOW,OECD.SDD.NAD:DSD_NAMAIN1@DF_QNA_EXPENDITURE_USD(1.1),"Quarterly GDP and components - expenditure approach, US Dollars",I,Q,Quarterly,Y,Calendar and seasonally adjusted,DEU,Germany,S1,Total economy,S1,Total economy,B1GQ,Gross domestic product,_Z,Not applicable,_Z,Not applicable,_Z,Not applicable,USD_PPP,"US dollars, PPP converted",LR,Chain linked volume (rebased),LA,Annual levels,T0102,Table 0102 - GDP identity from the expenditure side,1961-Q2,,1309329.4,,2020,,,,F,Free (free for publication),1,One,E,Estimated value,6,Millions,USD,US dollar
DATAFLOW,OECD.SDD.NAD:DSD_NAMAIN1@DF_QNA_EXPENDITURE_USD(1.1),"Quarterly GDP and components - expenditure approach, US Dollars",I,Q,Quarterly,Y,Calendar and seasonally adjusted,DEU,Germany,S1,Total economy,S1,Total economy,B1GQ,Gross domestic product,_Z,Not applicable,_Z,Not applicable,_Z,Not applicable,USD_PPP,"US dollars, PPP converted",LR,Chain linked volume (rebased),LA,Annual levels,T0102,Table 0102 - GDP identity from the expenditure side,1961-Q3,,1336203.5,,2020,,,,F,Free (free for publication),1,One,E,Estimated value,6,Millions,USD,US dollar
DATAFLOW,OECD.SDD.NAD:DSD_NAMAIN1@DF_QNA_EXPENDITURE_USD(1.1),"Quarterly GDP and components - expenditure approach, US Dollars",I,Q,Quarterly,Y,Calendar and seasonally adjusted,DEU,Germany,S1,Total economy,S1,Total economy,B1GQ,Gross domestic product,_Z,Not applicable,_Z,Not applicable,_Z,Not applicable,USD_PPP,"US dollars, PPP converted",LR,Chain linked volume (rebased),LA,Annual levels,T0102,Table 0102 - GDP identity from the expenditure side,1961-Q4,,1342291.3,,2020,,,,F,Free (free for publication),1,One,E,Estimated value,6,Millions,USD,US dollar
DATAFLOW,OECD.SDD.NAD:DSD_NAMAIN1@DF_QNA_EXPENDITURE_USD(1.1),"Quarterly GDP and components - expenditure approach, US Dollars",I,Q,Quarterly,Y,Calendar and seasonally adjusted,DEU,Germany,S1,Total economy,S1,Total economy,B1GQ,Gross domestic product,_Z,Not applicable,_Z,Not applicable,_Z,Not applicable,USD_PPP,"US dollars, PPP converted",LR,Chain linked volume (rebased),LA,Annual levels,T0102,Table 0102 - GDP identity from the expenditure side,1962-Q1,,1362068,,2020,,,,F,Free (free for publication),1,One,E,Estimated value,6,Millions,USD,US dollar
DATAFLOW,OECD.SDD.NAD:DSD_NAMAIN1@DF_QNA_EXPENDITURE_USD(1.1),"Quarterly GDP and components - expenditure approach, US Dollars",I,Q,Quarterly,Y,Calendar and seasonally adjusted,DEU,Germany,S1,Total economy,S1,Total economy,B1GQ,Gross domestic product,_Z,Not applicable,_Z,Not applicable,_Z,Not applicable,USD_PPP,"US dollars, PPP converted",LR,Chain linked volume (rebased),LA,Annual levels,T0102,Table 0102 - GDP identity from the expenditure side,1962-Q2,,1376265.5,,2020,,,,F,Free (free for publication),1,One,E,Estimated value,6,Millions,USD,US dollar
DATAFLOW,OECD.SDD.NAD:DSD_NAMAIN1@DF_QNA_EXPENDITURE_USD(1.1),"Quarterly GDP and components - expenditure approach, US Dollars",I,Q,Quarterly,Y,Calendar and seasonally adjusted,DEU,Germany,S1,Total economy,S1,Total economy,B1GQ,Gross domestic product,_Z,Not applicable,_Z,Not applicable,_Z,Not applicable,USD_PPP,"US dollars, PPP converted",LR,Chain linked volume (rebased),LA,Annual levels,T0102,Table 0102 - GDP identity from the expenditure side,1962-Q3,,1409229.9,,2020,,,,F,Free (free for publication),1,One,E,Estimated value,6,Millions,USD,US dollar
DATAFLOW,OECD.SDD.NAD:DSD_NAMAIN1@DF_QNA_EXPENDITURE_USD(1.1),"Quarterly GDP and components - expenditure approach, US Dollars",I,Q,Quarterly,Y,Calendar and seasonally adjusted,DEU,Germany,S1,Total economy,S1,Total economy,B1GQ,Gross domestic product,_Z,Not applicable,_Z,Not applicable,_Z,Not applicable,USD_PPP,"US dollars, PPP converted",LR,Chain linked volume (rebased),LA,Annual levels,T0102,Table 0102 - GDP identity from the expenditure side,1962-Q4,,1406183.5,,2020,,,,F,Free (free for publication),1,One,E,Estimated value,6,Millions,USD,US dollar
DATAFLOW,OECD.SDD.NAD:DSD_NAMAIN1@DF_QNA_EXPENDITURE_USD(1.1),"Quarterly GDP and components - expenditure approach, US Dollars",I,Q,Quarterly,Y,Calendar and seasonally adjusted,DEU,Germany,S1,Total economy,S1,Total economy,B1GQ,Gross domestic product,_Z,Not applicable,_Z,Not applicable,_Z,Not applicable,USD_PPP,"US dollars, PPP converted",LR,Chain linked volume (rebased),LA,Annual levels,T0102,Table 0102 - GDP identity from the expenditure side,1963-Q1,,1356994.9,,2020,,,,F,Free (free for publication),1,One,E,Estimated value,6,Millions,USD,US dollar
DATAFLOW,OECD.SDD.NAD:DSD_NAMAIN1@DF_QNA_EXPENDITURE_USD(1.1),"Quarterly GDP and components - expenditure approach, US Dollars",I,Q,Quarterly,Y,Calendar and seasonally adjusted,DEU,Germany,S1,Total economy,S1,Total economy,B1GQ,Gross domestic product,_Z,Not applicable,_Z,Not applicable,_Z,Not applicable,USD_PPP,"US dollars, PPP converted",LR,Chain linked volume (rebased),LA,Annual levels,T0102,Table 0102 - GDP identity from the expenditure side,1963-Q2,,1417848.1,,2020,,,,F,Free (free for publication),1,One,E,Estimated value,6,Millions,USD,US dollar
DATAFLOW,OECD.SDD.NAD:DSD_NAMAIN1@DF_QNA_EXPENDITURE_USD(1.1),"Quarterly GDP and components - expenditure approach, US Dollars",I,Q,Quarterly,Y,Calendar and seasonally adjusted,DEU,Germany,S1,Total economy,S1,Total economy,B1GQ,Gross domestic product,_Z,Not applicable,_Z,Not applicable,_Z,Not applicable,USD_PPP,"US dollars, PPP converted",LR,Chain linked volume (rebased),LA,Annual levels,T0102,Table 0102 - GDP identity from the expenditure side,1963-Q3,,1467036.8,,2020,,,,F,Free (free for publication),1,One,E,Estimated value,6,Millions,USD,US dollar
DATAFLOW,OECD.SDD.NAD:DSD_NAMAIN1@DF_QNA_EXPENDITURE_USD(1.1),"Quarterly GDP and components - expenditure approach, US Dollars",I,Q,Quarterly,Y,Calendar and seasonally adjusted,DEU,Germany,S1,Total economy,S1,Total economy,B1GQ,Gross domestic product,_Z,Not applicable,_Z,Not applicable,_Z,Not applicable,USD_PPP,"US dollars, PPP converted",LR,Chain linked volume (rebased),LA,Annual levels,T0102,Table 0102 - GDP identity from the expenditure side,1963-Q4,,1474136.7,,2020,,,,F,Free (free for publication),1,One,E,Estimated value,6,Millions,USD,US dollar
DATAFLOW,OECD.SDD.NAD:DSD_NAMAIN1@DF_QNA_EXPENDITURE_USD(1.1),"Quarterly GDP and components - expenditure approach, US Dollars",I,Q,Quarterly,Y,Calendar and seasonally adjusted,DEU,Germany,S1,Total economy,S1,Total economy,B1GQ,Gross domestic product,_Z,Not applicable,_Z,Not applicable,_Z,Not applicable,USD_PPP,"US dollars, PPP converted",LR,Chain linked volume (rebased),LA,Annual levels,T0102,Table 0102 - GDP identity from the expenditure side,1964-Q1,,1494419.5,,2020,,,,F,Free (free for publication),1,One,E,Estimated value,6,Millions,USD,US dollar
DATAFLOW,OECD.SDD.NAD:DSD_NAMAIN1@DF_QNA_EXPENDITURE_USD(1.1),"Quarterly GDP and components - expenditure approach, US Dollars",I,Q,Quarterly,Y,Calendar and seasonally adjusted,DEU,Germany,S1,Total economy,S1,Total economy,B1GQ,Gross domestic product,_Z,Not applicable,_Z,Not applicable,_Z,Not applicable,USD_PPP,"US dollars, PPP converted",LR,Chain linked volume (rebased),LA,Annual levels,T0102,Table 0102 - GDP identity from the expenditure side,1964-Q2,,1512677.9,,2020,,,,F,Free (free for publication),1,One,E,Estimated value,6,Millions,USD,US dollar
DATAFLOW,OECD.SDD.NAD:DSD_NAMAIN1@DF_QNA_EXPENDITURE_USD(1.1),"Quarterly GDP and components - expenditure approach, US Dollars",I,Q,Quarterly,Y,Calendar and seasonally adjusted,DEU,Germany,S1,Total economy,S1,Total economy,B1GQ,Gross domestic product,_Z,Not applicable,_Z,Not applicable,_Z,Not applicable,USD_PPP,"US dollars, PPP converted",LR,Chain linked volume (rebased),LA,Annual levels,T0102,Table 0102 - GDP identity from the expenditure side,1964-Q3,,1528396.1,,2020,,,,F,Free (free for publication),1,One,E,Estimated value,6,Millions,USD,US dollar
DATAFLOW,OECD.SDD.NAD:DSD_NAMAIN1@DF_QNA_EXPENDITURE_USD(1.1),"Quarterly GDP and components - expenditure approach, US Dollars",I,Q,Quarterly,Y,Calendar and seasonally adjusted,DEU,Germany,S1,Total economy,S1,Total economy,B1GQ,Gross domestic product,_Z,Not applicable,_Z,Not applicable,_Z,Not applicable,USD_PPP,"US dollars, PPP converted",LR,Chain linked volume (rebased),LA,Annual levels,T0102,Table 0102 - GDP identity from the expenditure side,1964-Q4,,1549187.4,,2020,,,,F,Free (free for publication),1,One,E,Estimated value,6,Millions,USD,US dollar
DATAFLOW,OECD.SDD.NAD:DSD_NAMAIN1@DF_QNA_EXPENDITURE_USD(1.1),"Quarterly GDP and components - expenditure approach, US Dollars",I,Q,Quarterly,Y,Calendar and seasonally adjusted,DEU,Germany,S1,Total economy,S1,Total economy,B1GQ,Gross domestic product,_Z,Not applicable,_Z,Not applicable,_Z,Not applicable,USD_PPP,"US dollars, PPP converted",LR,Chain linked volume (rebased),LA,Annual levels,T0102,Table 0102 - GDP identity from the expenditure side,1965-Q1,,1574540.8,,2020,,,,F,Free (free for publication),1,One,E,Estimated value,6,Millions,USD,US dollar
DATAFLOW,OECD.SDD.NAD:DSD_NAMAIN1@DF_QNA_EXPENDITURE_USD(1.1),"Quarterly GDP and components - expenditure approach, US Dollars",I,Q,Quarterly,Y,Calendar and seasonally adjusted,DEU,Germany,S1,Total economy,S1,Total economy,B1GQ,Gross domestic product,_Z,Not applicable,_Z,Not applicable,_Z,Not applicable,USD_PPP,"US dollars, PPP converted",LR,Chain linked volume (rebased),LA,Annual levels,T0102,Table 0102 - GDP identity from the expenditure side,1965-Q2,,1599388.2,,2020,,,,F,Free (free for publication),1,One,E,Estimated value,6,Millions,USD,US dollar
DATAFLOW,OECD.SDD.NAD:DSD_NAMAIN1@DF_QNA_EXPENDITURE_USD(1.1),"Quarterly GDP and components - expenditure approach, US Dollars",I,Q,Quarterly,Y,Calendar and seasonally adjusted,DEU,Germany,S1,Total economy,S1,Total economy,B1GQ,Gross domestic product,_Z,Not applicable,_Z,Not applicable,_Z,Not applicable,USD_PPP,"US dollars, PPP converted",LR,Chain linked volume (rebased),LA,Annual levels,T0102,Table 0102 - GDP identity from the expenditure side,1965-Q3,,1610038.1,,2020,,,,F,Free (free for publication),1,One,E,Estimated value,6,Millions,USD,US dollar
DATAFLOW,OECD.SDD.NAD:DSD_NAMAIN1@DF_QNA_EXPENDITURE_USD(1.1),"Quarterly GDP and components - expenditure approach, US Dollars",I,Q,Quarterly,Y,Calendar and seasonally adjusted,DEU,Germany,S1,Total economy,S1,Total economy,B1GQ,Gross domestic product,_Z,Not applicable,_Z,Not applicable,_Z,Not applicable,USD_PPP,"US dollars, PPP converted",LR,Chain linked volume (rebased),LA,Annual levels,T0102,Table 0102 - GDP identity from the expenditure side,1965-Q4,,1619673.4,,2020,,,,F,Free (free for publication),1,One,E,Estimated value,6,Millions,USD,US dollar
DATAFLOW,OECD.SDD.NAD:DSD_NAMAIN1@DF_QNA_EXPENDITURE_USD(1.1),"Quarterly GDP and components - expenditure approach, US Dollars",I,Q,Quarterly,Y,Calendar and seasonally adjusted,DEU,Germany,S1,Total economy,S1,Total economy,B1GQ,Gross domestic product,_Z,Not applicable,_Z,Not applicable,_Z,Not applicable,USD_PPP,"US dollars, PPP converted",LR,Chain linked volume (rebased),LA,Annual levels,T0102,Table 0102 - GDP identity from the expenditure side,1966-Q1,,1649085.4,,2020,,,,F,Free (free for publication),1,One,E,Estimated value,6,Millions,USD,US dollar
DATAFLOW,OECD.SDD.NAD:DSD_NAMAIN1@DF_QNA_EXPENDITURE_USD(1.1),"Quarterly GDP and components - expenditure approach, US Dollars",I,Q,Quarterly,Y,Calendar and seasonally adjusted,DEU,Germany,S1,Total economy,S1,Total economy,B1GQ,Gross domestic product,_Z,Not applicable,_Z,Not applicable,_Z,Not applicable,USD_PPP,"US dollars, PPP converted",LR,Chain linked volume (rebased),LA,Annual levels,T0102,Table 0102 - GDP identity from the expenditure side,1966-Q2,,1654156.1,,2020,,,,F,Free (free for publication),1,One,E,Estimated value,6,Millions,USD,US dollar
DATAFLOW,OECD.SDD.NAD:DSD_NAMAIN1@DF_QNA_EXPENDITURE_USD(1.1),"Quarterly GDP and components - expenditure approach, US Dollars",I,Q,Quarterly,Y,Calendar and seasonally adjusted,DEU,Germany,S1,Total economy,S1,Total economy,B1GQ,Gross domestic product,_Z,Not applicable,_Z,Not applicable,_Z,Not applicable,USD_PPP,"US dollars, PPP converted",LR,Chain linked volume (rebased),LA,Annual levels,T0102,Table 0102 - GDP identity from the expenditure side,1966-Q3,,1656185.4,,2020,,,,F,Free (free for publication),1,One,E,Estimated value,6,Millions,USD,US dollar
DATAFLOW,OECD.SDD.NAD:DSD_NAMAIN1@DF_QNA_EXPENDITURE_USD(1.1),"Quarterly GDP and components - expenditure approach, US Dollars",I,Q,Quarterly,Y,Calendar and seasonally adjusted,DEU,Germany,S1,Total economy,S1,Total economy,B1GQ,Gross domestic product,_Z,Not applicable,_Z,Not applicable,_Z,Not applicable,USD_PPP,"US dollars, PPP converted",LR,Chain linked volume (rebased),LA,Annual levels,T0102,Table 0102 - GDP identity from the expenditure side,1966-Q4,,1630323.4,,2020,,,,F,Free (free for publication),1,One,E,Estimated value,6,Millions,USD,US dollar
DATAFLOW,OECD.SDD.NAD:DSD_NAMAIN1@DF_QNA_EXPENDITURE_USD(1.1),"Quarterly GDP and components - expenditure approach, US Dollars",I,Q,Quarterly,Y,Calendar and seasonally adjusted,DEU,Germany,S1,Total economy,S1,Total economy,B1GQ,Gross domestic product,_Z,Not applicable,_Z,Not applicable,_Z,Not applicable,USD_PPP,"US dollars, PPP converted",LR,Chain linked volume (rebased),LA,Annual levels,T0102,Table 0102 - GDP identity from the expenditure side,1967-Q1,,1622208.8,,2020,,,,F,Free (free for publication),1,One,E,Estimated value,6,Millions,USD,US dollar
DATAFLOW,OECD.SDD.NAD:DSD_NAMAIN1@DF_QNA_EXPENDITURE_USD(1.1),"Quarterly GDP and components - expenditure approach, US Dollars",I,Q,Quarterly,Y,Calendar and seasonally adjusted,DEU,Germany,S1,Total economy,S1,Total economy,B1GQ,Gross domestic product,_Z,Not applicable,_Z,Not applicable,_Z,Not applicable,USD_PPP,"US dollars, PPP converted",LR,Chain linked volume (rebased),LA,Annual levels,T0102,Table 0102 - GDP identity from the expenditure side,1967-Q2,,1617138.1,,2020,,,,F,Free (free for publication),1,One,E,Estimated value,6,Millions,USD,US dollar
DATAFLOW,OECD.SDD.NAD:DSD_NAMAIN1@DF_QNA_EXPENDITURE_USD(1.1),"Quarterly GDP and components - expenditure approach, US Dollars",I,Q,Quarterly,Y,Calendar and seasonally adjusted,DEU,Germany,S1,Total economy,S1,Total economy,B1GQ,Gross domestic product,_Z,Not applicable,_Z,Not applicable,_Z,Not applicable,USD_PPP,"US dollars, PPP converted",LR,Chain linked volume (rebased),LA,Annual levels,T0102,Table 0102 - GDP identity from the expenditure side,1967-Q3,,1656185.4,,2020,,,,F,Free (free for publication),1,One,E,Estimated value,6,Millions,USD,US dollar
DATAFLOW,OECD.SDD.NAD:DSD_NAMAIN1@DF_QNA_EXPENDITURE_USD(1.1),"Quarterly GDP and components - expenditure approach, US Dollars",I,Q,Quarterly,Y,Calendar and seasonally adjusted,DEU,Germany,S1,Total economy,S1,Total economy,B1GQ,Gross domestic product,_Z,Not applicable,_Z,Not applicable,_Z,Not applicable,USD_PPP,"US dollars, PPP converted",LR,Chain linked volume (rebased),LA,Annual levels,T0102,Table 0102 - GDP identity from the expenditure side,1967-Q4,,1677482.8,,2020,,,,F,Free (free for publication),1,One,E,Estimated value,6,Millions,USD,US dollar
DATAFLOW,OECD.SDD.NAD:DSD_NAMAIN1@DF_QNA_EXPENDITURE_USD(1.1),"Quarterly GDP and components - expenditure approach, US Dollars",I,Q,Quarterly,Y,Calendar and seasonally adjusted,DEU,Germany,S1,Total economy,S1,Total economy,B1GQ,Gross domestic product,_Z,Not applicable,_Z,Not applicable,_Z,Not applicable,USD_PPP,"US dollars, PPP converted",LR,Chain linked volume (rebased),LA,Annual levels,T0102,Table 0102 - GDP identity from the expenditure side,1968-Q1,,1697114.4,,2020,,,,F,Free (free for publication),1,One,E,Estimated value,6,Millions,USD,US dollar
DATAFLOW,OECD.SDD.NAD:DSD_NAMAIN1@DF_QNA_EXPENDITURE_USD(1.1),"Quarterly GDP and components - expenditure approach, US Dollars",I,Q,Quarterly,Y,Calendar and seasonally adjusted,DEU,Germany,S1,Total economy,S1,Total economy,B1GQ,Gross domestic product,_Z,Not applicable,_Z,Not applicable,_Z,Not applicable,USD_PPP,"US dollars, PPP converted",LR,Chain linked volume (rebased),LA,Annual levels,T0102,Table 0102 - GDP identity from the expenditure side,1968-Q2,,1710305.7,,2020,,,,F,Free (free for publication),1,One,E,Estimated value,6,Millions,USD,US dollar
DATAFLOW,OECD.SDD.NAD:DSD_NAMAIN1@DF_QNA_EXPENDITURE_USD(1.1),"Quarterly GDP and components - expenditure approach, US Dollars",I,Q,Quarterly,Y,Calendar and seasonally adjusted,DEU,Germany,S1,Total economy,S1,Total economy,B1GQ,Gross domestic product,_Z,Not applicable,_Z,Not applicable,_Z,Not applicable,USD_PPP,"US dollars, PPP converted",LR,Chain linked volume (rebased),LA,Annual levels,T0102,Table 0102 - GDP identity from the expenditure side,1968-Q3,,1747850.3,,2020,,,,F,Free (free for publication),1,One,E,Estimated value,6,Millions,USD,US dollar
DATAFLOW,OECD.SDD.NAD:DSD_NAMAIN1@DF_QNA_EXPENDITURE_USD(1.1),"Quarterly GDP and components - expenditure approach, US Dollars",I,Q,Quarterly,Y,Calendar and seasonally adjusted,DEU,Germany,S1,Total economy,S1,Total economy,B1GQ,Gross domestic product,_Z,Not applicable,_Z,Not applicable,_Z,Not applicable,USD_PPP,"US dollars, PPP converted",LR,Chain linked volume (rebased),LA,Annual levels,T0102,Table 0102 - GDP identity from the expenditure side,1968-Q4,,1774232.9,,2020,,,,F,Free (free for publication),1,One,E,Estimated value,6,Millions,USD,US dollar
DATAFLOW,OECD.SDD.NAD:DSD_NAMAIN1@DF_QNA_EXPENDITURE_USD(1.1),"Quarterly GDP and components - expenditure approach, US Dollars",I,Q,Quarterly,Y,Calendar and seasonally adjusted,DEU,Germany,S1,Total economy,S1,Total economy,B1GQ,Gross domestic product,_Z,Not applicable,_Z,Not applicable,_Z,Not applicable,USD_PPP,"US dollars, PPP converted",LR,Chain linked volume (rebased),LA,Annual levels,T0102,Table 0102 - GDP identity from the expenditure side,1969-Q1,,1818880.5,,2020,,,,F,Free (free for publication),1,One,E,Estimated value,6,Millions,USD,US dollar
DATAFLOW,OECD.SDD.NAD:DSD_NAMAIN1@DF_QNA_EXPENDITURE_USD(1.1),"Quarterly GDP and components - expenditure approach, US Dollars",I,Q,Quarterly,Y,Calendar and seasonally adjusted,DEU,Germany,S1,Total economy,S1,Total economy,B1GQ,Gross domestic product,_Z,Not applicable,_Z,Not applicable,_Z,Not applicable,USD_PPP,"US dollars, PPP converted",LR,Chain linked volume (rebased),LA,Annual levels,T0102,Table 0102 - GDP identity from the expenditure side,1969-Q2,,1842218.3,,2020,,,,F,Free (free for publication),1,One,E,Estimated value,6,Millions,USD,US dollar
DATAFLOW,OECD.SDD.NAD:DSD_NAMAIN1@DF_QNA_EXPENDITURE_USD(1.1),"Quarterly GDP and components - expenditure approach, US Dollars",I,Q,Quarterly,Y,Calendar and seasonally adjusted,DEU,Germany,S1,Total economy,S1,Total economy,B1GQ,Gross domestic product,_Z,Not applicable,_Z,Not applicable,_Z,Not applicable,USD_PPP,"US dollars, PPP converted",LR,Chain linked volume (rebased),LA,Annual levels,T0102,Table 0102 - GDP identity from the expenditure side,1969-Q3,,1881794,,2020,,,,F,Free (free for publication),1,One,E,Estimated value,6,Millions,USD,US dollar
DATAFLOW,OECD.SDD.NAD:DSD_NAMAIN1@DF_QNA_EXPENDITURE_USD(1.1),"Quarterly GDP and components - expenditure approach, US Dollars",I,Q,Quarterly,Y,Calendar and seasonally adjusted,DEU,Germany,S1,Total economy,S1,Total economy,B1GQ,Gross domestic product,_Z,Not applicable,_Z,Not applicable,_Z,Not applicable,USD_PPP,"US dollars, PPP converted",LR,Chain linked volume (rebased),LA,Annual levels,T0102,Table 0102 - GDP identity from the expenditure side,1969-Q4,,1910712.3,,2020,,,,F,Free (free for publication),1,One,E,Estimated value,6,Millions,USD,US dollar
DATAFLOW,OECD.SDD.NAD:DSD_NAMAIN1@DF_QNA_EXPENDITURE_USD(1.1),"Quarterly GDP and components - expenditure approach, US Dollars",I,Q,Quarterly,Y,Calendar and seasonally adjusted,DEU,Germany,S1,Total economy,S1,Total economy,B1GQ,Gross domestic product,_Z,Not applicable,_Z,Not applicable,_Z,Not applicable,USD_PPP,"US dollars, PPP converted",LR,Chain linked volume (rebased),LA,Annual levels,T0102,Table 0102 - GDP identity from the expenditure side,1970-Q1,,1880223.8,,2020,,,,F,Free (free for publication),1,One,E,Estimated value,6,Millions,USD,US dollar
DATAFLOW,OECD.SDD.NAD:DSD_NAMAIN1@DF_QNA_EXPENDITURE_USD(1.1),"Quarterly GDP and components - expenditure approach, US Dollars",I,Q,Quarterly,Y,Calendar and seasonally adjusted,DEU,Germany,S1,Total economy,S1,Total economy,B1GQ,Gross domestic product,_Z,Not applicable,_Z,Not applicable,_Z,Not applicable,USD_PPP,"US dollars, PPP converted",LR,Chain linked volume (rebased),LA,Annual levels,T0102,Table 0102 - GDP identity from the expenditure side,1970-Q2,,1954978.1,,2020,,,,F,Free (free for publication),1,One,E,Estimated value,6,Millions,USD,US dollar
DATAFLOW,OECD.SDD.NAD:DSD_NAMAIN1@DF_QNA_EXPENDITURE_USD(1.1),"Quarterly GDP and components - expenditure approach, US Dollars",I,Q,Quarterly,Y,Calendar and seasonally adjusted,DEU,Germany,S1,Total economy,S1,Total economy,B1GQ,Gross domestic product,_Z,Not applicable,_Z,Not applicable,_Z,Not applicable,USD_PPP,"US dollars, PPP converted",LR,Chain linked volume (rebased),LA,Annual levels,T0102,Table 0102 - GDP identity from the expenditure side,1970-Q3,,1991493.8,,2020,,,,F,Free (free for publication),1,One,E,Estimated value,6,Millions,USD,US dollar
DATAFLOW,OECD.SDD.NAD:DSD_NAMAIN1@DF_QNA_EXPENDITURE_USD(1.1),"Quarterly GDP and components - expenditure approach, US Dollars",I,Q,Quarterly,Y,Calendar and seasonally adjusted,DEU,Germany,S1,Total economy,S1,Total economy,B1GQ,Gross domestic product,_Z,Not applicable,_Z,Not applicable,_Z,Not applicable,USD_PPP,"US dollars, PPP converted",LR,Chain linked volume (rebased),LA,Annual levels,T0102,Table 0102 - GDP identity from the expenditure side,1970-Q4,,2008373.9,,2020,,,,F,Free (free for publication),1,One,E,Estimated value,6,Millions,USD,US dollar
DATAFLOW,OECD.SDD.NAD:DSD_NAMAIN1@DF_QNA_EXPENDITURE_USD(1.1),"Quarterly GDP and components - expenditure approach, US Dollars",I,Q,Quarterly,Y,Calendar and seasonally adjusted,DEU,Germany,S1,Total economy,S1,Total economy,B1GQ,Gross domestic product,_Z,Not applicable,_Z,Not applicable,_Z,Not applicable,USD_PPP,"US dollars, PPP converted",LR,Chain linked volume (rebased),LA,Annual levels,T0102,Table 0102 - GDP identity from the expenditure side,1971-Q1,,1969791,,2020,,,,F,Free (free for publication),1,One,E,Estimated value,6,Millions,USD,US dollar
DATAFLOW,OECD.SDD.NAD:DSD_NAMAIN1@DF_QNA_EXPENDITURE_USD(1.1),"Quarterly GDP and components - expenditure approach, US Dollars",I,Q,Quarterly,Y,Calendar and seasonally adjusted,DEU,Germany,S1,Total economy,S1,Total economy,B1GQ,Gross domestic product,_Z,Not applicable,_Z,Not applicable,_Z,Not applicable,USD_PPP,"US dollars, PPP converted",LR,Chain linked volume (rebased),LA,Annual levels,T0102,Table 0102 - GDP identity from the expenditure side,1971-Q2,,2011129.8,,2020,,,,F,Free (free for publication),1,One,E,Estimated value,6,Millions,USD,US dollar
DATAFLOW,OECD.SDD.NAD:DSD_NAMAIN1@DF_QNA_EXPENDITURE_USD(1.1),"Quarterly GDP and components - expenditure approach, US Dollars",I,Q,Quarterly,Y,Calendar and seasonally adjusted,DEU,Germany,S1,Total economy,S1,Total economy,B1GQ,Gross domestic product,_Z,Not applicable,_Z,Not applicable,_Z,Not applicable,USD_PPP,"US dollars, PPP converted",LR,Chain linked volume (rebased),LA,Annual levels,T0102,Table 0102 - GDP identity from the expenditure side,1971-Q3,,2045923.1,,2020,,,,F,Free (free for publication),1,One,E,Estimated value,6,Millions,USD,US dollar
DATAFLOW,OECD.SDD.NAD:DSD_NAMAIN1@DF_QNA_EXPENDITURE_USD(1.1),"Quarterly GDP and components - expenditure approach, US Dollars",I,Q,Quarterly,Y,Calendar and seasonally adjusted,DEU,Germany,S1,Total economy,S1,Total economy,B1GQ,Gross domestic product,_Z,Not applicable,_Z,Not applicable,_Z,Not applicable,USD_PPP,"US dollars, PPP converted",LR,Chain linked volume (rebased),LA,Annual levels,T0102,Table 0102 - GDP identity from the expenditure side,1971-Q4,,2044200.8,,2020,,,,F,Free (free for publication),1,One,E,Estimated value,6,Millions,USD,US dollar
DATAFLOW,OECD.SDD.NAD:DSD_NAMAIN1@DF_QNA_EXPENDITURE_USD(1.1),"Quarterly GDP and components - expenditure approach, US Dollars",I,Q,Quarterly,Y,Calendar and seasonally adjusted,DEU,Germany,S1,Total economy,S1,Total economy,B1GQ,Gross domestic product,_Z,Not applicable,_Z,Not applicable,_Z,Not applicable,USD_PPP,"US dollars, PPP converted",LR,Chain linked volume (rebased),LA,Annual levels,T0102,Table 0102 - GDP identity from the expenditure side,1972-Q1,,2046267.5,,2020,,,,F,Free (free for publication),1,One,E,Estimated value,6,Millions,USD,US dollar
DATAFLOW,OECD.SDD.NAD:DSD_NAMAIN1@DF_QNA_EXPENDITURE_USD(1.1),"Quarterly GDP and components - expenditure approach, US Dollars",I,Q,Quarterly,Y,Calendar and seasonally adjusted,DEU,Germany,S1,Total economy,S1,Total economy,B1GQ,Gross domestic product,_Z,Not applicable,_Z,Not applicable,_Z,Not applicable,USD_PPP,"US dollars, PPP converted",LR,Chain linked volume (rebased),LA,Annual levels,T0102,Table 0102 - GDP identity from the expenditure side,1972-Q2,,2079683.1,,2020,,,,F,Free (free for publication),1,One,E,Estimated value,6,Millions,USD,US dollar
DATAFLOW,OECD.SDD.NAD:DSD_NAMAIN1@DF_QNA_EXPENDITURE_USD(1.1),"Quarterly GDP and components - expenditure approach, US Dollars",I,Q,Quarterly,Y,Calendar and seasonally adjusted,DEU,Germany,S1,Total economy,S1,Total economy,B1GQ,Gross domestic product,_Z,Not applicable,_Z,Not applicable,_Z,Not applicable,USD_PPP,"US dollars, PPP converted",LR,Chain linked volume (rebased),LA,Annual levels,T0102,Table 0102 - GDP identity from the expenditure side,1972-Q3,,2128256.2,,2020,,,,F,Free (free for publication),1,One,E,Estimated value,6,Millions,USD,US dollar
DATAFLOW,OECD.SDD.NAD:DSD_NAMAIN1@DF_QNA_EXPENDITURE_USD(1.1),"Quarterly GDP and components - expenditure approach, US Dollars",I,Q,Quarterly,Y,Calendar and seasonally adjusted,DEU,Germany,S1,Total economy,S1,Total economy,B1GQ,Gross domestic product,_Z,Not applicable,_Z,Not applicable,_Z,Not applicable,USD_PPP,"US dollars, PPP converted",LR,Chain linked volume (rebased),LA,Annual levels,T0102,Table 0102 - GDP identity from the expenditure side,1972-Q4,,2161327.1,,2020,,,,F,Free (free for publication),1,One,E,Estimated value,6,Millions,USD,US dollar
DATAFLOW,OECD.SDD.NAD:DSD_NAMAIN1@DF_QNA_EXPENDITURE_USD(1.1),"Quarterly GDP and components - expenditure approach, US Dollars",I,Q,Quarterly,Y,Calendar and seasonally adjusted,DEU,Germany,S1,Total economy,S1,Total economy,B1GQ,Gross domestic product,_Z,Not applicable,_Z,Not applicable,_Z,Not applicable,USD_PPP,"US dollars, PPP converted",LR,Chain linked volume (rebased),LA,Annual levels,T0102,Table 0102 - GDP identity from the expenditure side,1973-Q1,,2191212.3,,2020,,,,F,Free (free for publication),1,One,E,Estimated value,6,Millions,USD,US dollar
DATAFLOW,OECD.SDD.NAD:DSD_NAMAIN1@DF_QNA_EXPENDITURE_USD(1.1),"Quarterly GDP and components - expenditure approach, US Dollars",I,Q,Quarterly,Y,Calendar and seasonally adjusted,DEU,Germany,S1,Total economy,S1,Total economy,B1GQ,Gross domestic product,_Z,Not applicable,_Z,Not applicable,_Z,Not applicable,USD_PPP,"US dollars, PPP converted",LR,Chain linked volume (rebased),LA,Annual levels,T0102,Table 0102 - GDP identity from the expenditure side,1973-Q2,,2207402.7,,2020,,,,F,Free (free for publication),1,One,E,Estimated value,6,Millions,USD,US dollar
DATAFLOW,OECD.SDD.NAD:DSD_NAMAIN1@DF_QNA_EXPENDITURE_USD(1.1),"Quarterly GDP and components - expenditure approach, US Dollars",I,Q,Quarterly,Y,Calendar and seasonally adjusted,DEU,Germany,S1,Total economy,S1,Total economy,B1GQ,Gross domestic product,_Z,Not applicable,_Z,Not applicable,_Z,Not applicable,USD_PPP,"US dollars, PPP converted",LR,Chain linked volume (rebased),LA,Annual levels,T0102,Table 0102 - GDP identity from the expenditure side,1973-Q3,,2214636.6,,2020,,,,F,Free (free for publication),1,One,E,Estimated value,6,Millions,USD,US dollar
DATAFLOW,OECD.SDD.NAD:DSD_NAMAIN1@DF_QNA_EXPENDITURE_USD(1.1),"Quarterly GDP and components - expenditure approach, US Dollars",I,Q,Quarterly,Y,Calendar and seasonally adjusted,DEU,Germany,S1,Total economy,S1,Total economy,B1GQ,Gross domestic product,_Z,Not applicable,_Z,Not applicable,_Z,Not applicable,USD_PPP,"US dollars, PPP converted",LR,Chain linked volume (rebased),LA,Annual levels,T0102,Table 0102 - GDP identity from the expenditure side,1973-Q4,,2220148.2,,2020,,,,F,Free (free for publication),1,One,E,Estimated value,6,Millions,USD,US dollar
DATAFLOW,OECD.SDD.NAD:DSD_NAMAIN1@DF_QNA_EXPENDITURE_USD(1.1),"Quarterly GDP and components - expenditure approach, US Dollars",I,Q,Quarterly,Y,Calendar and seasonally adjusted,DEU,Germany,S1,Total economy,S1,Total economy,B1GQ,Gross domestic product,_Z,Not applicable,_Z,Not applicable,_Z,Not applicable,USD_PPP,"US dollars, PPP converted",LR,Chain linked volume (rebased),LA,Annual levels,T0102,Table 0102 - GDP identity from the expenditure side,1974-Q1,,2238923.7,,2020,,,,F,Free (free for publication),1,One,E,Estimated value,6,Millions,USD,US dollar
DATAFLOW,OECD.SDD.NAD:DSD_NAMAIN1@DF_QNA_EXPENDITURE_USD(1.1),"Quarterly GDP and components - expenditure approach, US Dollars",I,Q,Quarterly,Y,Calendar and seasonally adjusted,DEU,Germany,S1,Total economy,S1,Total economy,B1GQ,Gross domestic product,_Z,Not applicable,_Z,Not applicable,_Z,Not applicable,USD_PPP,"US dollars, PPP converted",LR,Chain linked volume (rebased),LA,Annual levels,T0102,Table 0102 - GDP identity from the expenditure side,1974-Q2,,2237201.1,,2020,,,,F,Free (free for publication),1,One,E,Estimated value,6,Millions,USD,US dollar
DATAFLOW,OECD.SDD.NAD:DSD_NAMAIN1@DF_QNA_EXPENDITURE_USD(1.1),"Quarterly GDP and components - expenditure approach, US Dollars",I,Q,Quarterly,Y,Calendar and seasonally adjusted,DEU,Germany,S1,Total economy,S1,Total economy,B1GQ,Gross domestic product,_Z,Not applicable,_Z,Not applicable,_Z,Not applicable,USD_PPP,"US dollars, PPP converted",LR,Chain linked volume (rebased),LA,Annual levels,T0102,Table 0102 - GDP identity from the expenditure side,1974-Q3,,2237201.2,,2020,,,,F,Free (free for publication),1,One,E,Estimated value,6,Millions,USD,US dollar
DATAFLOW,OECD.SDD.NAD:DSD_NAMAIN1@DF_QNA_EXPENDITURE_USD(1.1),"Quarterly GDP and components - expenditure approach, US Dollars",I,Q,Quarterly,Y,Calendar and seasonally adjusted,DEU,Germany,S1,Total economy,S1,Total economy,B1GQ,Gross domestic product,_Z,Not applicable,_Z,Not applicable,_Z,Not applicable,USD_PPP,"US dollars, PPP converted",LR,Chain linked volume (rebased),LA,Annual levels,T0102,Table 0102 - GDP identity from the expenditure side,1974-Q4,,2208951.9,,2020,,,,F,Free (free for publication),1,One,E,Estimated value,6,Millions,USD,US dollar
DATAFLOW,OECD.SDD.NAD:DSD_NAMAIN1@DF_QNA_EXPENDITURE_USD(1.1),"Quarterly GDP and components - expenditure approach, US Dollars",I,Q,Quarterly,Y,Calendar and seasonally adjusted,DEU,Germany,S1,Total economy,S1,Total economy,B1GQ,Gross domestic product,_Z,Not applicable,_Z,Not applicable,_Z,Not applicable,USD_PPP,"US dollars, PPP converted",LR,Chain linked volume (rebased),LA,Annual levels,T0102,Table 0102 - GDP identity from the expenditure side,1975-Q1,,2196206.2,,2020,,,,F,Free (free for publication),1,One,E,Estimated value,6,Millions,USD,US dollar
DATAFLOW,OECD.SDD.NAD:DSD_NAMAIN1@DF_QNA_EXPENDITURE_USD(1.1),"Quarterly GDP and components - expenditure approach, US Dollars",I,Q,Quarterly,Y,Calendar and seasonally adjusted,DEU,Germany,S1,Total economy,S1,Total economy,B1GQ,Gross domestic product,_Z,Not applicable,_Z,Not applicable,_Z,Not applicable,USD_PPP,"US dollars, PPP converted",LR,Chain linked volume (rebased),LA,Annual levels,T0102,Table 0102 - GDP identity from the expenditure side,1975-Q2,,2185182.2,,2020,,,,F,Free (free for publication),1,One,E,Estimated value,6,Millions,USD,US dollar
DATAFLOW,OECD.SDD.NAD:DSD_NAMAIN1@DF_QNA_EXPENDITURE_USD(1.1),"Quarterly GDP and components - expenditure approach, US Dollars",I,Q,Quarterly,Y,Calendar and seasonally adjusted,DEU,Germany,S1,Total economy,S1,Total economy,B1GQ,Gross domestic product,_Z,Not applicable,_Z,Not applicable,_Z,Not applicable,USD_PPP,"US dollars, PPP converted",LR,Chain linked volume (rebased),LA,Annual levels,T0102,Table 0102 - GDP identity from the expenditure side,1975-Q3,,2208952.8,,2020,,,,F,Free (free for publication),1,One,E,Estimated value,6,Millions,USD,US dollar
DATAFLOW,OECD.SDD.NAD:DSD_NAMAIN1@DF_QNA_EXPENDITURE_USD(1.1),"Quarterly GDP and components - expenditure approach, US Dollars",I,Q,Quarterly,Y,Calendar and seasonally adjusted,DEU,Germany,S1,Total economy,S1,Total economy,B1GQ,Gross domestic product,_Z,Not applicable,_Z,Not applicable,_Z,Not applicable,USD_PPP,"US dollars, PPP converted",LR,Chain linked volume (rebased),LA,Annual levels,T0102,Table 0102 - GDP identity from the expenditure side,1975-Q4,,2252359.9,,2020,,,,F,Free (free for publication),1,One,E,Estimated value,6,Millions,USD,US dollar
DATAFLOW,OECD.SDD.NAD:DSD_NAMAIN1@DF_QNA_EXPENDITURE_USD(1.1),"Quarterly GDP and components - expenditure approach, US Dollars",I,Q,Quarterly,Y,Calendar and seasonally adjusted,DEU,Germany,S1,Total economy,S1,Total economy,B1GQ,Gross domestic product,_Z,Not applicable,_Z,Not applicable,_Z,Not applicable,USD_PPP,"US dollars, PPP converted",LR,Chain linked volume (rebased),LA,Annual levels,T0102,Table 0102 - GDP identity from the expenditure side,1976-Q1,,2272597.5,,2020,,,,F,Free (free for publication),1,One,E,Estimated value,6,Millions,USD,US dollar
DATAFLOW,OECD.SDD.NAD:DSD_NAMAIN1@DF_QNA_EXPENDITURE_USD(1.1),"Quarterly GDP and components - expenditure approach, US Dollars",I,Q,Quarterly,Y,Calendar and seasonally adjusted,DEU,Germany,S1,Total economy,S1,Total economy,B1GQ,Gross domestic product,_Z,Not applicable,_Z,Not applicable,_Z,Not applicable,USD_PPP,"US dollars, PPP converted",LR,Chain linked volume (rebased),LA,Annual levels,T0102,Table 0102 - GDP identity from the expenditure side,1976-Q2,,2306357.2,,2020,,,,F,Free (free for publication),1,One,E,Estimated value,6,Millions,USD,US dollar
DATAFLOW,OECD.SDD.NAD:DSD_NAMAIN1@DF_QNA_EXPENDITURE_USD(1.1),"Quarterly GDP and components - expenditure approach, US Dollars",I,Q,Quarterly,Y,Calendar and seasonally adjusted,DEU,Germany,S1,Total economy,S1,Total economy,B1GQ,Gross domestic product,_Z,Not applicable,_Z,Not applicable,_Z,Not applicable,USD_PPP,"US dollars, PPP converted",LR,Chain linked volume (rebased),LA,Annual levels,T0102,Table 0102 - GDP identity from the expenditure side,1976-Q3,,2307046.1,,2020,,,,F,Free (free for publication),1,One,E,Estimated value,6,Millions,USD,US dollar
DATAFLOW,OECD.SDD.NAD:DSD_NAMAIN1@DF_QNA_EXPENDITURE_USD(1.1),"Quarterly GDP and components - expenditure approach, US Dollars",I,Q,Quarterly,Y,Calendar and seasonally adjusted,DEU,Germany,S1,Total economy,S1,Total economy,B1GQ,Gross domestic product,_Z,Not applicable,_Z,Not applicable,_Z,Not applicable,USD_PPP,"US dollars, PPP converted",LR,Chain linked volume (rebased),LA,Annual levels,T0102,Table 0102 - GDP identity from the expenditure side,1976-Q4,,2349762.9,,2020,,,,F,Free (free for publication),1,One,E,Estimated value,6,Millions,USD,US dollar
DATAFLOW,OECD.SDD.NAD:DSD_NAMAIN1@DF_QNA_EXPENDITURE_USD(1.1),"Quarterly GDP and components - expenditure approach, US Dollars",I,Q,Quarterly,Y,Calendar and seasonally adjusted,DEU,Germany,S1,Total economy,S1,Total economy,B1GQ,Gross domestic product,_Z,Not applicable,_Z,Not applicable,_Z,Not applicable,USD_PPP,"US dollars, PPP converted",LR,Chain linked volume (rebased),LA,Annual levels,T0102,Table 0102 - GDP identity from the expenditure side,1977-Q1,,2369828.6,,2020,,,,F,Free (free for publication),1,One,E,Estimated value,6,Millions,USD,US dollar
DATAFLOW,OECD.SDD.NAD:DSD_NAMAIN1@DF_QNA_EXPENDITURE_USD(1.1),"Quarterly GDP and components - expenditure approach, US Dollars",I,Q,Quarterly,Y,Calendar and seasonally adjusted,DEU,Germany,S1,Total economy,S1,Total economy,B1GQ,Gross domestic product,_Z,Not applicable,_Z,Not applicable,_Z,Not applicable,USD_PPP,"US dollars, PPP converted",LR,Chain linked volume (rebased),LA,Annual levels,T0102,Table 0102 - GDP identity from the expenditure side,1977-Q2,,2383264.3,,2020,,,,F,Free (free for publication),1,One,E,Estimated value,6,Millions,USD,US dollar
DATAFLOW,OECD.SDD.NAD:DSD_NAMAIN1@DF_QNA_EXPENDITURE_USD(1.1),"Quarterly GDP and components - expenditure approach, US Dollars",I,Q,Quarterly,Y,Calendar and seasonally adjusted,DEU,Germany,S1,Total economy,S1,Total economy,B1GQ,Gross domestic product,_Z,Not applicable,_Z,Not applicable,_Z,Not applicable,USD_PPP,"US dollars, PPP converted",LR,Chain linked volume (rebased),LA,Annual levels,T0102,Table 0102 - GDP identity from the expenditure side,1977-Q3,,2382575.4,,2020,,,,F,Free (free for publication),1,One,E,Estimated value,6,Millions,USD,US dollar
DATAFLOW,OECD.SDD.NAD:DSD_NAMAIN1@DF_QNA_EXPENDITURE_USD(1.1),"Quarterly GDP and components - expenditure approach, US Dollars",I,Q,Quarterly,Y,Calendar and seasonally adjusted,DEU,Germany,S1,Total economy,S1,Total economy,B1GQ,Gross domestic product,_Z,Not applicable,_Z,Not applicable,_Z,Not applicable,USD_PPP,"US dollars, PPP converted",LR,Chain linked volume (rebased),LA,Annual levels,T0102,Table 0102 - GDP identity from the expenditure side,1977-Q4,,2423570.9,,2020,,,,F,Free (free for publication),1,One,E,Estimated value,6,Millions,USD,US dollar
DATAFLOW,OECD.SDD.NAD:DSD_NAMAIN1@DF_QNA_EXPENDITURE_USD(1.1),"Quarterly GDP and components - expenditure approach, US Dollars",I,Q,Quarterly,Y,Calendar and seasonally adjusted,DEU,Germany,S1,Total economy,S1,Total economy,B1GQ,Gross domestic product,_Z,Not applicable,_Z,Not applicable,_Z,Not applicable,USD_PPP,"US dollars, PPP converted",LR,Chain linked volume (rebased),LA,Annual levels,T0102,Table 0102 - GDP identity from the expenditure side,1978-Q1,,2433558.8,,2020,,,,F,Free (free for publication),1,One,E,Estimated value,6,Millions,USD,US dollar
DATAFLOW,OECD.SDD.NAD:DSD_NAMAIN1@DF_QNA_EXPENDITURE_USD(1.1),"Quarterly GDP and components - expenditure approach, US Dollars",I,Q,Quarterly,Y,Calendar and seasonally adjusted,DEU,Germany,S1,Total economy,S1,Total economy,B1GQ,Gross domestic product,_Z,Not applicable,_Z,Not applicable,_Z,Not applicable,USD_PPP,"US dollars, PPP converted",LR,Chain linked volume (rebased),LA,Annual levels,T0102,Table 0102 - GDP identity from the expenditure side,1978-Q2,,2443205,,2020,,,,F,Free (free for publication),1,One,E,Estimated value,6,Millions,USD,US dollar
DATAFLOW,OECD.SDD.NAD:DSD_NAMAIN1@DF_QNA_EXPENDITURE_USD(1.1),"Quarterly GDP and components - expenditure approach, US Dollars",I,Q,Quarterly,Y,Calendar and seasonally adjusted,DEU,Germany,S1,Total economy,S1,Total economy,B1GQ,Gross domestic product,_Z,Not applicable,_Z,Not applicable,_Z,Not applicable,USD_PPP,"US dollars, PPP converted",LR,Chain linked volume (rebased),LA,Annual levels,T0102,Table 0102 - GDP identity from the expenditure side,1978-Q3,,2475243.7,,2020,,,,F,Free (free for publication),1,One,E,Estimated value,6,Millions,USD,US dollar
DATAFLOW,OECD.SDD.NAD:DSD_NAMAIN1@DF_QNA_EXPENDITURE_USD(1.1),"Quarterly GDP and components - expenditure approach, US Dollars",I,Q,Quarterly,Y,Calendar and seasonally adjusted,DEU,Germany,S1,Total economy,S1,Total economy,B1GQ,Gross domestic product,_Z,Not applicable,_Z,Not applicable,_Z,Not applicable,USD_PPP,"US dollars, PPP converted",LR,Chain linked volume (rebased),LA,Annual levels,T0102,Table 0102 - GDP identity from the expenditure side,1978-Q4,,2504181.9,,2020,,,,F,Free (free for publication),1,One,E,Estimated value,6,Millions,USD,US dollar
DATAFLOW,OECD.SDD.NAD:DSD_NAMAIN1@DF_QNA_EXPENDITURE_USD(1.1),"Quarterly GDP and components - expenditure approach, US Dollars",I,Q,Quarterly,Y,Calendar and seasonally adjusted,DEU,Germany,S1,Total economy,S1,Total economy,B1GQ,Gross domestic product,_Z,Not applicable,_Z,Not applicable,_Z,Not applicable,USD_PPP,"US dollars, PPP converted",LR,Chain linked volume (rebased),LA,Annual levels,T0102,Table 0102 - GDP identity from the expenditure side,1979-Q1,,2507278.5,,2020,,,,F,Free (free for publication),1,One,E,Estimated value,6,Millions,USD,US dollar
DATAFLOW,OECD.SDD.NAD:DSD_NAMAIN1@DF_QNA_EXPENDITURE_USD(1.1),"Quarterly GDP and components - expenditure approach, US Dollars",I,Q,Quarterly,Y,Calendar and seasonally adjusted,DEU,Germany,S1,Total economy,S1,Total economy,B1GQ,Gross domestic product,_Z,Not applicable,_Z,Not applicable,_Z,Not applicable,USD_PPP,"US dollars, PPP converted",LR,Chain linked volume (rebased),LA,Annual levels,T0102,Table 0102 - GDP identity from the expenditure side,1979-Q2,,2585135.8,,2020,,,,F,Free (free for publication),1,One,E,Estimated value,6,Millions,USD,US dollar
DATAFLOW,OECD.SDD.NAD:DSD_NAMAIN1@DF_QNA_EXPENDITURE_USD(1.1),"Quarterly GDP and components - expenditure approach, US Dollars",I,Q,Quarterly,Y,Calendar and seasonally adjusted,DEU,Germany,S1,Total economy,S1,Total economy,B1GQ,Gross domestic product,_Z,Not applicable,_Z,Not applicable,_Z,Not applicable,USD_PPP,"US dollars, PPP converted",LR,Chain linked volume (rebased),LA,Annual levels,T0102,Table 0102 - GDP identity from the expenditure side,1979-Q3,,2585136,,2020,,,,F,Free (free for publication),1,One,E,Estimated value,6,Millions,USD,US dollar
DATAFLOW,OECD.SDD.NAD:DSD_NAMAIN1@DF_QNA_EXPENDITURE_USD(1.1),"Quarterly GDP and components - expenditure approach, US Dollars",I,Q,Quarterly,Y,Calendar and seasonally adjusted,DEU,Germany,S1,Total economy,S1,Total economy,B1GQ,Gross domestic product,_Z,Not applicable,_Z,Not applicable,_Z,Not applicable,USD_PPP,"US dollars, PPP converted",LR,Chain linked volume (rebased),LA,Annual levels,T0102,Table 0102 - GDP identity from the expenditure side,1979-Q4,,2600982.7,,2020,,,,F,Free (free for publication),1,One,E,Estimated value,6,Millions,USD,US dollar
DATAFLOW,OECD.SDD.NAD:DSD_NAMAIN1@DF_QNA_EXPENDITURE_USD(1.1),"Quarterly GDP and components - expenditure approach, US Dollars",I,Q,Quarterly,Y,Calendar and seasonally adjusted,DEU,Germany,S1,Total economy,S1,Total economy,B1GQ,Gross domestic product,_Z,Not applicable,_Z,Not applicable,_Z,Not applicable,USD_PPP,"US dollars, PPP converted",LR,Chain linked volume (rebased),LA,Annual levels,T0102,Table 0102 - GDP identity from the expenditure side,1980-Q1,,2621822.7,,2020,,,,F,Free (free for publication),1,One,E,Estimated value,6,Millions,USD,US dollar
DATAFLOW,OECD.SDD.NAD:DSD_NAMAIN1@DF_QNA_EXPENDITURE_USD(1.1),"Quarterly GDP and components - expenditure approach, US Dollars",I,Q,Quarterly,Y,Calendar and seasonally adjusted,DEU,Germany,S1,Total economy,S1,Total economy,B1GQ,Gross domestic product,_Z,Not applicable,_Z,Not applicable,_Z,Not applicable,USD_PPP,"US dollars, PPP converted",LR,Chain linked volume (rebased),LA,Annual levels,T0102,Table 0102 - GDP identity from the expenditure side,1980-Q2,,2604943.4,,2020,,,,F,Free (free for publication),1,One,E,Estimated value,6,Millions,USD,US dollar
DATAFLOW,OECD.SDD.NAD:DSD_NAMAIN1@DF_QNA_EXPENDITURE_USD(1.1),"Quarterly GDP and components - expenditure approach, US Dollars",I,Q,Quarterly,Y,Calendar and seasonally adjusted,DEU,Germany,S1,Total economy,S1,Total economy,B1GQ,Gross domestic product,_Z,Not applicable,_Z,Not applicable,_Z,Not applicable,USD_PPP,"US dollars, PPP converted",LR,Chain linked volume (rebased),LA,Annual levels,T0102,Table 0102 - GDP identity from the expenditure side,1980-Q3,,2594609,,2020,,,,F,Free (free for publication),1,One,E,Estimated value,6,Millions,USD,US dollar
DATAFLOW,OECD.SDD.NAD:DSD_NAMAIN1@DF_QNA_EXPENDITURE_USD(1.1),"Quarterly GDP and components - expenditure approach, US Dollars",I,Q,Quarterly,Y,Calendar and seasonally adjusted,DEU,Germany,S1,Total economy,S1,Total economy,B1GQ,Gross domestic product,_Z,Not applicable,_Z,Not applicable,_Z,Not applicable,USD_PPP,"US dollars, PPP converted",LR,Chain linked volume (rebased),LA,Annual levels,T0102,Table 0102 - GDP identity from the expenditure side,1980-Q4,,2591164.4,,2020,,,,F,Free (free for publication),1,One,E,Estimated value,6,Millions,USD,US dollar
DATAFLOW,OECD.SDD.NAD:DSD_NAMAIN1@DF_QNA_EXPENDITURE_USD(1.1),"Quarterly GDP and components - expenditure approach, US Dollars",I,Q,Quarterly,Y,Calendar and seasonally adjusted,DEU,Germany,S1,Total economy,S1,Total economy,B1GQ,Gross domestic product,_Z,Not applicable,_Z,Not applicable,_Z,Not applicable,USD_PPP,"US dollars, PPP converted",LR,Chain linked volume (rebased),LA,Annual levels,T0102,Table 0102 - GDP identity from the expenditure side,1981-Q1,,2621995.8,,2020,,,,F,Free (free for publication),1,One,E,Estimated value,6,Millions,USD,US dollar
DATAFLOW,OECD.SDD.NAD:DSD_NAMAIN1@DF_QNA_EXPENDITURE_USD(1.1),"Quarterly GDP and components - expenditure approach, US Dollars",I,Q,Quarterly,Y,Calendar and seasonally adjusted,DEU,Germany,S1,Total economy,S1,Total economy,B1GQ,Gross domestic product,_Z,Not applicable,_Z,Not applicable,_Z,Not applicable,USD_PPP,"US dollars, PPP converted",LR,Chain linked volume (rebased),LA,Annual levels,T0102,Table 0102 - GDP identity from the expenditure side,1981-Q2,,2615450.4,,2020,,,,F,Free (free for publication),1,One,E,Estimated value,6,Millions,USD,US dollar
DATAFLOW,OECD.SDD.NAD:DSD_NAMAIN1@DF_QNA_EXPENDITURE_USD(1.1),"Quarterly GDP and components - expenditure approach, US Dollars",I,Q,Quarterly,Y,Calendar and seasonally adjusted,DEU,Germany,S1,Total economy,S1,Total economy,B1GQ,Gross domestic product,_Z,Not applicable,_Z,Not applicable,_Z,Not applicable,USD_PPP,"US dollars, PPP converted",LR,Chain linked volume (rebased),LA,Annual levels,T0102,Table 0102 - GDP identity from the expenditure side,1981-Q3,,2622340.4,,2020,,,,F,Free (free for publication),1,One,E,Estimated value,6,Millions,USD,US dollar
DATAFLOW,OECD.SDD.NAD:DSD_NAMAIN1@DF_QNA_EXPENDITURE_USD(1.1),"Quarterly GDP and components - expenditure approach, US Dollars",I,Q,Quarterly,Y,Calendar and seasonally adjusted,DEU,Germany,S1,Total economy,S1,Total economy,B1GQ,Gross domestic product,_Z,Not applicable,_Z,Not applicable,_Z,Not applicable,USD_PPP,"US dollars, PPP converted",LR,Chain linked volume (rebased),LA,Annual levels,T0102,Table 0102 - GDP identity from the expenditure side,1981-Q4,,2620273.2,,2020,,,,F,Free (free for publication),1,One,E,Estimated value,6,Millions,USD,US dollar
DATAFLOW,OECD.SDD.NAD:DSD_NAMAIN1@DF_QNA_EXPENDITURE_USD(1.1),"Quarterly GDP and components - expenditure approach, US Dollars",I,Q,Quarterly,Y,Calendar and seasonally adjusted,DEU,Germany,S1,Total economy,S1,Total economy,B1GQ,Gross domestic product,_Z,Not applicable,_Z,Not applicable,_Z,Not applicable,USD_PPP,"US dollars, PPP converted",LR,Chain linked volume (rebased),LA,Annual levels,T0102,Table 0102 - GDP identity from the expenditure side,1982-Q1,,2630090.6,,2020,,,,F,Free (free for publication),1,One,E,Estimated value,6,Millions,USD,US dollar
DATAFLOW,OECD.SDD.NAD:DSD_NAMAIN1@DF_QNA_EXPENDITURE_USD(1.1),"Quarterly GDP and components - expenditure approach, US Dollars",I,Q,Quarterly,Y,Calendar and seasonally adjusted,DEU,Germany,S1,Total economy,S1,Total economy,B1GQ,Gross domestic product,_Z,Not applicable,_Z,Not applicable,_Z,Not applicable,USD_PPP,"US dollars, PPP converted",LR,Chain linked volume (rebased),LA,Annual levels,T0102,Table 0102 - GDP identity from the expenditure side,1982-Q2,,2613899.9,,2020,,,,F,Free (free for publication),1,One,E,Estimated value,6,Millions,USD,US dollar
DATAFLOW,OECD.SDD.NAD:DSD_NAMAIN1@DF_QNA_EXPENDITURE_USD(1.1),"Quarterly GDP and components - expenditure approach, US Dollars",I,Q,Quarterly,Y,Calendar and seasonally adjusted,DEU,Germany,S1,Total economy,S1,Total economy,B1GQ,Gross domestic product,_Z,Not applicable,_Z,Not applicable,_Z,Not applicable,USD_PPP,"US dollars, PPP converted",LR,Chain linked volume (rebased),LA,Annual levels,T0102,Table 0102 - GDP identity from the expenditure side,1982-Q3,,2588064,,2020,,,,F,Free (free for publication),1,One,E,Estimated value,6,Millions,USD,US dollar
DATAFLOW,OECD.SDD.NAD:DSD_NAMAIN1@DF_QNA_EXPENDITURE_USD(1.1),"Quarterly GDP and components - expenditure approach, US Dollars",I,Q,Quarterly,Y,Calendar and seasonally adjusted,DEU,Germany,S1,Total economy,S1,Total economy,B1GQ,Gross domestic product,_Z,Not applicable,_Z,Not applicable,_Z,Not applicable,USD_PPP,"US dollars, PPP converted",LR,Chain linked volume (rebased),LA,Annual levels,T0102,Table 0102 - GDP identity from the expenditure side,1982-Q4,,2594264.7,,2020,,,,F,Free (free for publication),1,One,E,Estimated value,6,Millions,USD,US dollar
DATAFLOW,OECD.SDD.NAD:DSD_NAMAIN1@DF_QNA_EXPENDITURE_USD(1.1),"Quarterly GDP and components - expenditure approach, US Dollars",I,Q,Quarterly,Y,Calendar and seasonally adjusted,DEU,Germany,S1,Total economy,S1,Total economy,B1GQ,Gross domestic product,_Z,Not applicable,_Z,Not applicable,_Z,Not applicable,USD_PPP,"US dollars, PPP converted",LR,Chain linked volume (rebased),LA,Annual levels,T0102,Table 0102 - GDP identity from the expenditure side,1983-Q1,,2617775.8,,2020,,,,F,Free (free for publication),1,One,E,Estimated value,6,Millions,USD,US dollar
DATAFLOW,OECD.SDD.NAD:DSD_NAMAIN1@DF_QNA_EXPENDITURE_USD(1.1),"Quarterly GDP and components - expenditure approach, US Dollars",I,Q,Quarterly,Y,Calendar and seasonally adjusted,DEU,Germany,S1,Total economy,S1,Total economy,B1GQ,Gross domestic product,_Z,Not applicable,_Z,Not applicable,_Z,Not applicable,USD_PPP,"US dollars, PPP converted",LR,Chain linked volume (rebased),LA,Annual levels,T0102,Table 0102 - GDP identity from the expenditure side,1983-Q2,,2645335.1,,2020,,,,F,Free (free for publication),1,One,E,Estimated value,6,Millions,USD,US dollar
DATAFLOW,OECD.SDD.NAD:DSD_NAMAIN1@DF_QNA_EXPENDITURE_USD(1.1),"Quarterly GDP and components - expenditure approach, US Dollars",I,Q,Quarterly,Y,Calendar and seasonally adjusted,DEU,Germany,S1,Total economy,S1,Total economy,B1GQ,Gross domestic product,_Z,Not applicable,_Z,Not applicable,_Z,Not applicable,USD_PPP,"US dollars, PPP converted",LR,Chain linked volume (rebased),LA,Annual levels,T0102,Table 0102 - GDP identity from the expenditure side,1983-Q3,,2639823.1,,2020,,,,F,Free (free for publication),1,One,E,Estimated value,6,Millions,USD,US dollar
DATAFLOW,OECD.SDD.NAD:DSD_NAMAIN1@DF_QNA_EXPENDITURE_USD(1.1),"Quarterly GDP and components - expenditure approach, US Dollars",I,Q,Quarterly,Y,Calendar and seasonally adjusted,DEU,Germany,S1,Total economy,S1,Total economy,B1GQ,Gross domestic product,_Z,Not applicable,_Z,Not applicable,_Z,Not applicable,USD_PPP,"US dollars, PPP converted",LR,Chain linked volume (rebased),LA,Annual levels,T0102,Table 0102 - GDP identity from the expenditure side,1983-Q4,,2676339.1,,2020,,,,F,Free (free for publication),1,One,E,Estimated value,6,Millions,USD,US dollar
DATAFLOW,OECD.SDD.NAD:DSD_NAMAIN1@DF_QNA_EXPENDITURE_USD(1.1),"Quarterly GDP and components - expenditure approach, US Dollars",I,Q,Quarterly,Y,Calendar and seasonally adjusted,DEU,Germany,S1,Total economy,S1,Total economy,B1GQ,Gross domestic product,_Z,Not applicable,_Z,Not applicable,_Z,Not applicable,USD_PPP,"US dollars, PPP converted",LR,Chain linked volume (rebased),LA,Annual levels,T0102,Table 0102 - GDP identity from the expenditure side,1984-Q1,,2711735.6,,2020,,,,F,Free (free for publication),1,One,E,Estimated value,6,Millions,USD,US dollar
DATAFLOW,OECD.SDD.NAD:DSD_NAMAIN1@DF_QNA_EXPENDITURE_USD(1.1),"Quarterly GDP and components - expenditure approach, US Dollars",I,Q,Quarterly,Y,Calendar and seasonally adjusted,DEU,Germany,S1,Total economy,S1,Total economy,B1GQ,Gross domestic product,_Z,Not applicable,_Z,Not applicable,_Z,Not applicable,USD_PPP,"US dollars, PPP converted",LR,Chain linked volume (rebased),LA,Annual levels,T0102,Table 0102 - GDP identity from the expenditure side,1984-Q2,,2669020.2,,2020,,,,F,Free (free for publication),1,One,E,Estimated value,6,Millions,USD,US dollar
DATAFLOW,OECD.SDD.NAD:DSD_NAMAIN1@DF_QNA_EXPENDITURE_USD(1.1),"Quarterly GDP and components - expenditure approach, US Dollars",I,Q,Quarterly,Y,Calendar and seasonally adjusted,DEU,Germany,S1,Total economy,S1,Total economy,B1GQ,Gross domestic product,_Z,Not applicable,_Z,Not applicable,_Z,Not applicable,USD_PPP,"US dollars, PPP converted",LR,Chain linked volume (rebased),LA,Annual levels,T0102,Table 0102 - GDP identity from the expenditure side,1984-Q3,,2741705.3,,2020,,,,F,Free (free for publication),1,One,E,Estimated value,6,Millions,USD,US dollar
DATAFLOW,OECD.SDD.NAD:DSD_NAMAIN1@DF_QNA_EXPENDITURE_USD(1.1),"Quarterly GDP and components - expenditure approach, US Dollars",I,Q,Quarterly,Y,Calendar and seasonally adjusted,DEU,Germany,S1,Total economy,S1,Total economy,B1GQ,Gross domestic product,_Z,Not applicable,_Z,Not applicable,_Z,Not applicable,USD_PPP,"US dollars, PPP converted",LR,Chain linked volume (rebased),LA,Annual levels,T0102,Table 0102 - GDP identity from the expenditure side,1984-Q4,,2764785.3,,2020,,,,F,Free (free for publication),1,One,E,Estimated value,6,Millions,USD,US dollar
DATAFLOW,OECD.SDD.NAD:DSD_NAMAIN1@DF_QNA_EXPENDITURE_USD(1.1),"Quarterly GDP and components - expenditure approach, US Dollars",I,Q,Quarterly,Y,Calendar and seasonally adjusted,DEU,Germany,S1,Total economy,S1,Total economy,B1GQ,Gross domestic product,_Z,Not applicable,_Z,Not applicable,_Z,Not applicable,USD_PPP,"US dollars, PPP converted",LR,Chain linked volume (rebased),LA,Annual levels,T0102,Table 0102 - GDP identity from the expenditure side,1985-Q1,,2749715.3,,2020,,,,F,Free (free for publication),1,One,E,Estimated value,6,Millions,USD,US dollar
DATAFLOW,OECD.SDD.NAD:DSD_NAMAIN1@DF_QNA_EXPENDITURE_USD(1.1),"Quarterly GDP and components - expenditure approach, US Dollars",I,Q,Quarterly,Y,Calendar and seasonally adjusted,DEU,Germany,S1,Total economy,S1,Total economy,B1GQ,Gross domestic product,_Z,Not applicable,_Z,Not applicable,_Z,Not applicable,USD_PPP,"US dollars, PPP converted",LR,Chain linked volume (rebased),LA,Annual levels,T0102,Table 0102 - GDP identity from the expenditure side,1985-Q2,,2777274.2,,2020,,,,F,Free (free for publication),1,One,E,Estimated value,6,Millions,USD,US dollar
DATAFLOW,OECD.SDD.NAD:DSD_NAMAIN1@DF_QNA_EXPENDITURE_USD(1.1),"Quarterly GDP and components - expenditure approach, US Dollars",I,Q,Quarterly,Y,Calendar and seasonally adjusted,DEU,Germany,S1,Total economy,S1,Total economy,B1GQ,Gross domestic product,_Z,Not applicable,_Z,Not applicable,_Z,Not applicable,USD_PPP,"US dollars, PPP converted",LR,Chain linked volume (rebased),LA,Annual levels,T0102,Table 0102 - GDP identity from the expenditure side,1985-Q3,,2813445.7,,2020,,,,F,Free (free for publication),1,One,E,Estimated value,6,Millions,USD,US dollar
DATAFLOW,OECD.SDD.NAD:DSD_NAMAIN1@DF_QNA_EXPENDITURE_USD(1.1),"Quarterly GDP and components - expenditure approach, US Dollars",I,Q,Quarterly,Y,Calendar and seasonally adjusted,DEU,Germany,S1,Total economy,S1,Total economy,B1GQ,Gross domestic product,_Z,Not applicable,_Z,Not applicable,_Z,Not applicable,USD_PPP,"US dollars, PPP converted",LR,Chain linked volume (rebased),LA,Annual levels,T0102,Table 0102 - GDP identity from the expenditure side,1985-Q4,,2830325.7,,2020,,,,F,Free (free for publication),1,One,E,Estimated value,6,Millions,USD,US dollar
DATAFLOW,OECD.SDD.NAD:DSD_NAMAIN1@DF_QNA_EXPENDITURE_USD(1.1),"Quarterly GDP and components - expenditure approach, US Dollars",I,Q,Quarterly,Y,Calendar and seasonally adjusted,DEU,Germany,S1,Total economy,S1,Total economy,B1GQ,Gross domestic product,_Z,Not applicable,_Z,Not applicable,_Z,Not applicable,USD_PPP,"US dollars, PPP converted",LR,Chain linked volume (rebased),LA,Annual levels,T0102,Table 0102 - GDP identity from the expenditure side,1986-Q1,,2814134.9,,2020,,,,F,Free (free for publication),1,One,E,Estimated value,6,Millions,USD,US dollar
DATAFLOW,OECD.SDD.NAD:DSD_NAMAIN1@DF_QNA_EXPENDITURE_USD(1.1),"Quarterly GDP and components - expenditure approach, US Dollars",I,Q,Quarterly,Y,Calendar and seasonally adjusted,DEU,Germany,S1,Total economy,S1,Total economy,B1GQ,Gross domestic product,_Z,Not applicable,_Z,Not applicable,_Z,Not applicable,USD_PPP,"US dollars, PPP converted",LR,Chain linked volume (rebased),LA,Annual levels,T0102,Table 0102 - GDP identity from the expenditure side,1986-Q2,,2846516.7,,2020,,,,F,Free (free for publication),1,One,E,Estimated value,6,Millions,USD,US dollar
DATAFLOW,OECD.SDD.NAD:DSD_NAMAIN1@DF_QNA_EXPENDITURE_USD(1.1),"Quarterly GDP and components - expenditure approach, US Dollars",I,Q,Quarterly,Y,Calendar and seasonally adjusted,DEU,Germany,S1,Total economy,S1,Total economy,B1GQ,Gross domestic product,_Z,Not applicable,_Z,Not applicable,_Z,Not applicable,USD_PPP,"US dollars, PPP converted",LR,Chain linked volume (rebased),LA,Annual levels,T0102,Table 0102 - GDP identity from the expenditure side,1986-Q3,,2867530.8,,2020,,,,F,Free (free for publication),1,One,E,Estimated value,6,Millions,USD,US dollar
DATAFLOW,OECD.SDD.NAD:DSD_NAMAIN1@DF_QNA_EXPENDITURE_USD(1.1),"Quarterly GDP and components - expenditure approach, US Dollars",I,Q,Quarterly,Y,Calendar and seasonally adjusted,DEU,Germany,S1,Total economy,S1,Total economy,B1GQ,Gross domestic product,_Z,Not applicable,_Z,Not applicable,_Z,Not applicable,USD_PPP,"US dollars, PPP converted",LR,Chain linked volume (rebased),LA,Annual levels,T0102,Table 0102 - GDP identity from the expenditure side,1986-Q4,,2896123.2,,2020,,,,F,Free (free for publication),1,One,E,Estimated value,6,Millions,USD,US dollar
DATAFLOW,OECD.SDD.NAD:DSD_NAMAIN1@DF_QNA_EXPENDITURE_USD(1.1),"Quarterly GDP and components - expenditure approach, US Dollars",I,Q,Quarterly,Y,Calendar and seasonally adjusted,DEU,Germany,S1,Total economy,S1,Total economy,B1GQ,Gross domestic product,_Z,Not applicable,_Z,Not applicable,_Z,Not applicable,USD_PPP,"US dollars, PPP converted",LR,Chain linked volume (rebased),LA,Annual levels,T0102,Table 0102 - GDP identity from the expenditure side,1987-Q1,,2823436.1,,2020,,,,F,Free (free for publication),1,One,E,Estimated value,6,Millions,USD,US dollar
DATAFLOW,OECD.SDD.NAD:DSD_NAMAIN1@DF_QNA_EXPENDITURE_USD(1.1),"Quarterly GDP and components - expenditure approach, US Dollars",I,Q,Quarterly,Y,Calendar and seasonally adjusted,DEU,Germany,S1,Total economy,S1,Total economy,B1GQ,Gross domestic product,_Z,Not applicable,_Z,Not applicable,_Z,Not applicable,USD_PPP,"US dollars, PPP converted",LR,Chain linked volume (rebased),LA,Annual levels,T0102,Table 0102 - GDP identity from the expenditure side,1987-Q2,,2886822.1,,2020,,,,F,Free (free for publication),1,One,E,Estimated value,6,Millions,USD,US dollar
DATAFLOW,OECD.SDD.NAD:DSD_NAMAIN1@DF_QNA_EXPENDITURE_USD(1.1),"Quarterly GDP and components - expenditure approach, US Dollars",I,Q,Quarterly,Y,Calendar and seasonally adjusted,DEU,Germany,S1,Total economy,S1,Total economy,B1GQ,Gross domestic product,_Z,Not applicable,_Z,Not applicable,_Z,Not applicable,USD_PPP,"US dollars, PPP converted",LR,Chain linked volume (rebased),LA,Annual levels,T0102,Table 0102 - GDP identity from the expenditure side,1987-Q3,,2906802.4,,2020,,,,F,Free (free for publication),1,One,E,Estimated value,6,Millions,USD,US dollar
DATAFLOW,OECD.SDD.NAD:DSD_NAMAIN1@DF_QNA_EXPENDITURE_USD(1.1),"Quarterly GDP and components - expenditure approach, US Dollars",I,Q,Quarterly,Y,Calendar and seasonally adjusted,DEU,Germany,S1,Total economy,S1,Total economy,B1GQ,Gross domestic product,_Z,Not applicable,_Z,Not applicable,_Z,Not applicable,USD_PPP,"US dollars, PPP converted",LR,Chain linked volume (rebased),LA,Annual levels,T0102,Table 0102 - GDP identity from the expenditure side,1987-Q4,,2953308.3,,2020,,,,F,Free (free for publication),1,One,E,Estimated value,6,Millions,USD,US dollar
DATAFLOW,OECD.SDD.NAD:DSD_NAMAIN1@DF_QNA_EXPENDITURE_USD(1.1),"Quarterly GDP and components - expenditure approach, US Dollars",I,Q,Quarterly,Y,Calendar and seasonally adjusted,DEU,Germany,S1,Total economy,S1,Total economy,B1GQ,Gross domestic product,_Z,Not applicable,_Z,Not applicable,_Z,Not applicable,USD_PPP,"US dollars, PPP converted",LR,Chain linked volume (rebased),LA,Annual levels,T0102,Table 0102 - GDP identity from the expenditure side,1988-Q1,,2926522.6,,2020,,,,F,Free (free for publication),1,One,E,Estimated value,6,Millions,USD,US dollar
DATAFLOW,OECD.SDD.NAD:DSD_NAMAIN1@DF_QNA_EXPENDITURE_USD(1.1),"Quarterly GDP and components - expenditure approach, US Dollars",I,Q,Quarterly,Y,Calendar and seasonally adjusted,DEU,Germany,S1,Total economy,S1,Total economy,B1GQ,Gross domestic product,_Z,Not applicable,_Z,Not applicable,_Z,Not applicable,USD_PPP,"US dollars, PPP converted",LR,Chain linked volume (rebased),LA,Annual levels,T0102,Table 0102 - GDP identity from the expenditure side,1988-Q2,,2979575.6,,2020,,,,F,Free (free for publication),1,One,E,Estimated value,6,Millions,USD,US dollar
DATAFLOW,OECD.SDD.NAD:DSD_NAMAIN1@DF_QNA_EXPENDITURE_USD(1.1),"Quarterly GDP and components - expenditure approach, US Dollars",I,Q,Quarterly,Y,Calendar and seasonally adjusted,DEU,Germany,S1,Total economy,S1,Total economy,B1GQ,Gross domestic product,_Z,Not applicable,_Z,Not applicable,_Z,Not applicable,USD_PPP,"US dollars, PPP converted",LR,Chain linked volume (rebased),LA,Annual levels,T0102,Table 0102 - GDP identity from the expenditure side,1988-Q3,,3013336.4,,2020,,,,F,Free (free for publication),1,One,E,Estimated value,6,Millions,USD,US dollar
DATAFLOW,OECD.SDD.NAD:DSD_NAMAIN1@DF_QNA_EXPENDITURE_USD(1.1),"Quarterly GDP and components - expenditure approach, US Dollars",I,Q,Quarterly,Y,Calendar and seasonally adjusted,DEU,Germany,S1,Total economy,S1,Total economy,B1GQ,Gross domestic product,_Z,Not applicable,_Z,Not applicable,_Z,Not applicable,USD_PPP,"US dollars, PPP converted",LR,Chain linked volume (rebased),LA,Annual levels,T0102,Table 0102 - GDP identity from the expenditure side,1988-Q4,,3048819.9,,2020,,,,F,Free (free for publication),1,One,E,Estimated value,6,Millions,USD,US dollar
DATAFLOW,OECD.SDD.NAD:DSD_NAMAIN1@DF_QNA_EXPENDITURE_USD(1.1),"Quarterly GDP and components - expenditure approach, US Dollars",I,Q,Quarterly,Y,Calendar and seasonally adjusted,DEU,Germany,S1,Total economy,S1,Total economy,B1GQ,Gross domestic product,_Z,Not applicable,_Z,Not applicable,_Z,Not applicable,USD_PPP,"US dollars, PPP converted",LR,Chain linked volume (rebased),LA,Annual levels,T0102,Table 0102 - GDP identity from the expenditure side,1989-Q1,,3080684.4,,2020,,,,F,Free (free for publication),1,One,E,Estimated value,6,Millions,USD,US dollar
DATAFLOW,OECD.SDD.NAD:DSD_NAMAIN1@DF_QNA_EXPENDITURE_USD(1.1),"Quarterly GDP and components - expenditure approach, US Dollars",I,Q,Quarterly,Y,Calendar and seasonally adjusted,DEU,Germany,S1,Total economy,S1,Total economy,B1GQ,Gross domestic product,_Z,Not applicable,_Z,Not applicable,_Z,Not applicable,USD_PPP,"US dollars, PPP converted",LR,Chain linked volume (rebased),LA,Annual levels,T0102,Table 0102 - GDP identity from the expenditure side,1989-Q2,,3093085.6,,2020,,,,F,Free (free for publication),1,One,E,Estimated value,6,Millions,USD,US dollar
DATAFLOW,OECD.SDD.NAD:DSD_NAMAIN1@DF_QNA_EXPENDITURE_USD(1.1),"Quarterly GDP and components - expenditure approach, US Dollars",I,Q,Quarterly,Y,Calendar and seasonally adjusted,DEU,Germany,S1,Total economy,S1,Total economy,B1GQ,Gross domestic product,_Z,Not applicable,_Z,Not applicable,_Z,Not applicable,USD_PPP,"US dollars, PPP converted",LR,Chain linked volume (rebased),LA,Annual levels,T0102,Table 0102 - GDP identity from the expenditure side,1989-Q3,,3121333.1,,2020,,,,F,Free (free for publication),1,One,E,Estimated value,6,Millions,USD,US dollar
DATAFLOW,OECD.SDD.NAD:DSD_NAMAIN1@DF_QNA_EXPENDITURE_USD(1.1),"Quarterly GDP and components - expenditure approach, US Dollars",I,Q,Quarterly,Y,Calendar and seasonally adjusted,DEU,Germany,S1,Total economy,S1,Total economy,B1GQ,Gross domestic product,_Z,Not applicable,_Z,Not applicable,_Z,Not applicable,USD_PPP,"US dollars, PPP converted",LR,Chain linked volume (rebased),LA,Annual levels,T0102,Table 0102 - GDP identity from the expenditure side,1989-Q4,,3157503.3,,2020,,,,F,Free (free for publication),1,One,E,Estimated value,6,Millions,USD,US dollar
DATAFLOW,OECD.SDD.NAD:DSD_NAMAIN1@DF_QNA_EXPENDITURE_USD(1.1),"Quarterly GDP and components - expenditure approach, US Dollars",I,Q,Quarterly,Y,Calendar and seasonally adjusted,DEU,Germany,S1,Total economy,S1,Total economy,B1GQ,Gross domestic product,_Z,Not applicable,_Z,Not applicable,_Z,Not applicable,USD_PPP,"US dollars, PPP converted",LR,Chain linked volume (rebased),LA,Annual levels,T0102,Table 0102 - GDP identity from the expenditure side,1990-Q1,,3223043.8,,2020,,,,F,Free (free for publication),1,One,E,Estimated value,6,Millions,USD,US dollar
DATAFLOW,OECD.SDD.NAD:DSD_NAMAIN1@DF_QNA_EXPENDITURE_USD(1.1),"Quarterly GDP and components - expenditure approach, US Dollars",I,Q,Quarterly,Y,Calendar and seasonally adjusted,DEU,Germany,S1,Total economy,S1,Total economy,B1GQ,Gross domestic product,_Z,Not applicable,_Z,Not applicable,_Z,Not applicable,USD_PPP,"US dollars, PPP converted",LR,Chain linked volume (rebased),LA,Annual levels,T0102,Table 0102 - GDP identity from the expenditure side,1990-Q2,,3238890.2,,2020,,,,F,Free (free for publication),1,One,E,Estimated value,6,Millions,USD,US dollar
DATAFLOW,OECD.SDD.NAD:DSD_NAMAIN1@DF_QNA_EXPENDITURE_USD(1.1),"Quarterly GDP and components - expenditure approach, US Dollars",I,Q,Quarterly,Y,Calendar and seasonally adjusted,DEU,Germany,S1,Total economy,S1,Total economy,B1GQ,Gross domestic product,_Z,Not applicable,_Z,Not applicable,_Z,Not applicable,USD_PPP,"US dollars, PPP converted",LR,Chain linked volume (rebased),LA,Annual levels,T0102,Table 0102 - GDP identity from the expenditure side,1990-Q3,,3307099.1,,2020,,,,F,Free (free for publication),1,One,E,Estimated value,6,Millions,USD,US dollar
DATAFLOW,OECD.SDD.NAD:DSD_NAMAIN1@DF_QNA_EXPENDITURE_USD(1.1),"Quarterly GDP and components - expenditure approach, US Dollars",I,Q,Quarterly,Y,Calendar and seasonally adjusted,DEU,Germany,S1,Total economy,S1,Total economy,B1GQ,Gross domestic product,_Z,Not applicable,_Z,Not applicable,_Z,Not applicable,USD_PPP,"US dollars, PPP converted",LR,Chain linked volume (rebased),LA,Annual levels,T0102,Table 0102 - GDP identity from the expenditure side,1990-Q4,,3365318,,2020,,,,F,Free (free for publication),1,One,E,Estimated value,6,Millions,USD,US dollar
DATAFLOW,OECD.SDD.NAD:DSD_NAMAIN1@DF_QNA_EXPENDITURE_USD(1.1),"Quarterly GDP and components - expenditure approach, US Dollars",I,Q,Quarterly,Y,Calendar and seasonally adjusted,DEU,Germany,S1,Total economy,S1,Total economy,B1GQ,Gross domestic product,_Z,Not applicable,_Z,Not applicable,_Z,Not applicable,USD_PPP,"US dollars, PPP converted",LR,Chain linked volume (rebased),LA,Annual levels,T0102,Table 0102 - GDP identity from the expenditure side,2023-Q1,,5162610.8,,2020,,,,F,Free (free for publication),1,One,P,Provisional value,6,Millions,USD,US dollar
DATAFLOW,OECD.SDD.NAD:DSD_NAMAIN1@DF_QNA_EXPENDITURE_USD(1.1),"Quarterly GDP and components - expenditure approach, US Dollars",I,Q,Quarterly,Y,Calendar and seasonally adjusted,DEU,Germany,S1,Total economy,S1,Total economy,B1GQ,Gross domestic product,_Z,Not applicable,_Z,Not applicable,_Z,Not applicable,USD_PPP,"US dollars, PPP converted",LR,Chain linked volume (rebased),LA,Annual levels,T0102,Table 0102 - GDP identity from the expenditure side,2023-Q2,,5157198.3,,2020,,,,F,Free (free for publication),1,One,P,Provisional value,6,Millions,USD,US dollar
DATAFLOW,OECD.SDD.NAD:DSD_NAMAIN1@DF_QNA_EXPENDITURE_USD(1.1),"Quarterly GDP and components - expenditure approach, US Dollars",I,Q,Quarterly,Y,Calendar and seasonally adjusted,DEU,Germany,S1,Total economy,S1,Total economy,B1GQ,Gross domestic product,_Z,Not applicable,_Z,Not applicable,_Z,Not applicable,USD_PPP,"US dollars, PPP converted",LR,Chain linked volume (rebased),LA,Annual levels,T0102,Table 0102 - GDP identity from the expenditure side,2023-Q3,,5165070.6,,2020,,,,F,Free (free for publication),1,One,P,Provisional value,6,Millions,USD,US dollar
DATAFLOW,OECD.SDD.NAD:DSD_NAMAIN1@DF_QNA_EXPENDITURE_USD(1.1),"Quarterly GDP and components - expenditure approach, US Dollars",I,Q,Quarterly,Y,Calendar and seasonally adjusted,DEU,Germany,S1,Total economy,S1,Total economy,B1GQ,Gross domestic product,_Z,Not applicable,_Z,Not applicable,_Z,Not applicable,USD_PPP,"US dollars, PPP converted",LR,Chain linked volume (rebased),LA,Annual levels,T0102,Table 0102 - GDP identity from the expenditure side,2023-Q4,,5149326.2,,2020,,,,F,Free (free for publication),1,One,P,Provisional value,6,Millions,USD,US dollar
DATAFLOW,OECD.SDD.NAD:DSD_NAMAIN1@DF_QNA_EXPENDITURE_USD(1.1),"Quarterly GDP and components - expenditure approach, US Dollars",I,Q,Quarterly,Y,Calendar and seasonally adjusted,DEU,Germany,S1,Total economy,S1,Total economy,B1GQ,Gross domestic product,_Z,Not applicable,_Z,Not applicable,_Z,Not applicable,USD_PPP,"US dollars, PPP converted",LR,Chain linked volume (rebased),LA,Annual levels,T0102,Table 0102 - GDP identity from the expenditure side,2024-Q1,,5160273.4,,2020,,,,F,Free (free for publication),1,One,P,Provisional value,6,Millions,USD,US dollar
DATAFLOW,OECD.SDD.NAD:DSD_NAMAIN1@DF_QNA_EXPENDITURE_USD(1.1),"Quarterly GDP and components - expenditure approach, US Dollars",I,Q,Quarterly,Y,Calendar and seasonally adjusted,DEU,Germany,S1,Total economy,S1,Total economy,B1GQ,Gross domestic product,_Z,Not applicable,_Z,Not applicable,_Z,Not applicable,USD_PPP,"US dollars, PPP converted",LR,Chain linked volume (rebased),LA,Annual levels,T0102,Table 0102 - GDP identity from the expenditure side,2024-Q2,,5153385.1,,2020,,,,F,Free (free for publication),1,One,P,Provisional value,6,Millions,USD,US dollar
DATAFLOW,OECD.SDD.NAD:DSD_NAMAIN1@DF_QNA_EXPENDITURE_USD(1.1),"Quarterly GDP and components - expenditure approach, US Dollars",I,Q,Quarterly,Y,Calendar and seasonally adjusted,DEU,Germany,S1,Total economy,S1,Total economy,B1GQ,Gross domestic product,_Z,Not applicable,_Z,Not applicable,_Z,Not applicable,USD_PPP,"US dollars, PPP converted",LR,Chain linked volume (rebased),LA,Annual levels,T0102,Table 0102 - GDP identity from the expenditure side,2024-Q3,,5158797.6,,2020,,,,F,Free (free for publication),1,One,P,Provisional value,6,Millions,USD,US dollar
DATAFLOW,OECD.SDD.NAD:DSD_NAMAIN1@DF_QNA_EXPENDITURE_USD(1.1),"Quarterly GDP and components - expenditure approach, US Dollars",I,Q,Quarterly,Y,Calendar and seasonally adjusted,DEU,Germany,S1,Total economy,S1,Total economy,B1GQ,Gross domestic product,_Z,Not applicable,_Z,Not applicable,_Z,Not applicable,USD_PPP,"US dollars, PPP converted",LR,Chain linked volume (rebased),LA,Annual levels,T0102,Table 0102 - GDP identity from the expenditure side,2024-Q4,,5170113.9,,2020,,,,F,Free (free for publication),1,One,P,Provisional value,6,Millions,USD,US dollar
DATAFLOW,OECD.SDD.NAD:DSD_NAMAIN1@DF_QNA_EXPENDITURE_USD(1.1),"Quarterly GDP and components - expenditure approach, US Dollars",I,Q,Quarterly,Y,Calendar and seasonally adjusted,DEU,Germany,S1,Total economy,S1,Total economy,B1GQ,Gross domestic product,_Z,Not applicable,_Z,Not applicable,_Z,Not applicable,USD_PPP,"US dollars, PPP converted",LR,Chain linked volume (rebased),LA,Annual levels,T0102,Table 0102 - GDP identity from the expenditure side,2025-Q1,,5176263.7,,2020,,,,F,Free (free for publication),1,One,P,Provisional value,6,Millions,USD,US dollar
DATAFLOW,OECD.SDD.NAD:DSD_NAMAIN1@DF_QNA_EXPENDITURE_USD(1.1),"Quarterly GDP and components - expenditure approach, US Dollars",I,Q,Quarterly,Y,Calendar and seasonally adjusted,DEU,Germany,S1,Total economy,S1,Total economy,B1GQ,Gross domestic product,_Z,Not applicable,_Z,Not applicable,_Z,Not applicable,USD_PPP,"US dollars, PPP converted",LR,Chain linked volume (rebased),LA,Annual levels,T0102,Table 0102 - GDP identity from the expenditure side,2025-Q2,,5175279.9,,2020,,,,F,Free (free for publication),1,One,P,Provisional value,6,Millions,USD,US dollar
DATAFLOW,OECD.SDD.NAD:DSD_NAMAIN1@DF_QNA_EXPENDITURE_USD(1.1),"Quarterly GDP and components - expenditure approach, US Dollars",I,Q,Quarterly,Y,Calendar and seasonally adjusted,DEU,Germany,S1,Total economy,S1,Total economy,B1GQ,Gross domestic product,_Z,Not applicable,_Z,Not applicable,_Z,Not applicable,USD_PPP,"US dollars, PPP converted",LR,Chain linked volume (rebased),LA,Annual levels,T0102,Table 0102 - GDP identity from the expenditure side,2025-Q3,,5173803.9,,2020,,,,F,Free (free for publication),1,One,P,Provisional value,6,Millions,USD,US dollar
DATAFLOW,OECD.SDD.NAD:DSD_NAMAIN1@DF_QNA_EXPENDITURE_USD(1.1),"Quarterly GDP and components - expenditure approach, US Dollars",I,Q,Quarterly,Y,Calendar and seasonally adjusted,DEU,Germany,S1,Total economy,S1,Total economy,B1GQ,Gross domestic product,_Z,Not applicable,_Z,Not applicable,_Z,Not applicable,USD_PPP,"US dollars, PPP converted",LR,Chain linked volume (rebased),LA,Annual levels,T0102,Table 0102 - GDP identity from the expenditure side,2026-Q1,,5210703.1,,2020,,,,F,Free (free for publication),1,One,P,Provisional value,6,Millions,USD,US dollar
DATAFLOW,OECD.SDD.NAD:DSD_NAMAIN1@DF_QNA_EXPENDITURE_USD(1.1),"Quarterly GDP and components - expenditure approach, US Dollars",I,Q,Quarterly,Y,Calendar and seasonally adjusted,DEU,Germany,S1,Total economy,S1,Total economy,B1GQ,Gross domestic product,_Z,Not applicable,_Z,Not applicable,_Z,Not applicable,USD_PPP,"US dollars, PPP converted",LR,Chain linked volume (rebased),LA,Annual levels,T0102,Table 0102 - GDP identity from the expenditure side,2026-Q2,,5227923.1,,2020,,,,F,Free (free for publication),1,One,P,Provisional value,6,Millions,USD,US dollar
DATAFLOW,OECD.SDD.NAD:DSD_NAMAIN1@DF_QNA_EXPENDITURE_USD(1.1),"Quarterly GDP and components - expenditure approach, US Dollars",I,Q,Quarterly,Y,Calendar and seasonally adjusted,DEU,Germany,S1,Total economy,S1,Total economy,B1GQ,Gross domestic product,_Z,Not applicable,_Z,Not applicable,_Z,Not applicable,USD_PPP,"US dollars, PPP converted",LR,Chain linked volume (rebased),LA,Annual levels,T0102,Table 0102 - GDP identity from the expenditure side,2025-Q4,,5187579.6,,2020,,,,F,Free (free for publication),1,One,P,Provisional value,6,Millions,USD,US dollar
DATAFLOW,OECD.SDD.NAD:DSD_NAMAIN1@DF_QNA_EXPENDITURE_USD(1.1),"Quarterly GDP and components - expenditure approach, US Dollars",I,Q,Quarterly,Y,Calendar and seasonally adjusted,USA,United States,S1,Total economy,S1,Total economy,B1GQ,Gross domestic product,_Z,Not applicable,_Z,Not applicable,_Z,Not applicable,USD_PPP,"US dollars, PPP converted",LR,Chain linked volume (rebased),LA,Annual levels,T0102,Table 0102 - GDP identity from the expenditure side,2026-Q1,,25480700.2,,2020,,,,F,Free (free for publication),1,One,A,Normal value,6,Millions,USD,US dollar
DATAFLOW,OECD.SDD.NAD:DSD_NAMAIN1@DF_QNA_EXPENDITURE_USD(1.1),"Quarterly GDP and components - expenditure approach, US Dollars",I,Q,Quarterly,Y,Calendar and seasonally adjusted,USA,United States,S1,Total economy,S1,Total economy,B1GQ,Gross domestic product,_Z,Not applicable,_Z,Not applicable,_Z,Not applicable,USD_PPP,"US dollars, PPP converted",LR,Chain linked volume (rebased),LA,Annual levels,T0102,Table 0102 - GDP identity from the expenditure side,2026-Q2,,25574690.5,,2020,,,,F,Free (free for publication),1,One,A,Normal value,6,Millions,USD,US dollar
DATAFLOW,OECD.SDD.NAD:DSD_NAMAIN1@DF_QNA_EXPENDITURE_USD(1.1),"Quarterly GDP and components - expenditure approach, US Dollars",I,Q,Quarterly,Y,Calendar and seasonally adjusted,DEU,Germany,S1,Total economy,S1,Total economy,B1GQ,Gross domestic product,_Z,Not applicable,_Z,Not applicable,_Z,Not applicable,USD_PPP,"US dollars, PPP converted",LR,Chain linked volume (rebased),LA,Annual levels,T0102,Table 0102 - GDP identity from the expenditure side,1991-Q1,,3456828.5,,2020,,,,F,Free (free for publication),1,One,A,Normal value,6,Millions,USD,US dollar
DATAFLOW,OECD.SDD.NAD:DSD_NAMAIN1@DF_QNA_EXPENDITURE_USD(1.1),"Quarterly GDP and components - expenditure approach, US Dollars",I,Q,Quarterly,Y,Calendar and seasonally adjusted,DEU,Germany,S1,Total economy,S1,Total economy,B1GQ,Gross domestic product,_Z,Not applicable,_Z,Not applicable,_Z,Not applicable,USD_PPP,"US dollars, PPP converted",LR,Chain linked volume (rebased),LA,Annual levels,T0102,Table 0102 - GDP identity from the expenditure side,1991-Q2,,3440592.4,,2020,,,,F,Free (free for publication),1,One,A,Normal value,6,Millions,USD,US dollar
DATAFLOW,OECD.SDD.NAD:DSD_NAMAIN1@DF_QNA_EXPENDITURE_USD(1.1),"Quarterly GDP and components - expenditure approach, US Dollars",I,Q,Quarterly,Y,Calendar and seasonally adjusted,DEU,Germany,S1,Total economy,S1,Total economy,B1GQ,Gross domestic product,_Z,Not applicable,_Z,Not applicable,_Z,Not applicable,USD_PPP,"US dollars, PPP converted",LR,Chain linked volume (rebased),LA,Annual levels,T0102,Table 0102 - GDP identity from the expenditure side,1991-Q3,,3434688.3,,2020,,,,F,Free (free for publication),1,One,A,Normal value,6,Millions,USD,US dollar
DATAFLOW,OECD.SDD.NAD:DSD_NAMAIN1@DF_QNA_EXPENDITURE_USD(1.1),"Quarterly GDP and components - expenditure approach, US Dollars",I,Q,Quarterly,Y,Calendar and seasonally adjusted,DEU,Germany,S1,Total economy,S1,Total economy,B1GQ,Gross domestic product,_Z,Not applicable,_Z,Not applicable,_Z,Not applicable,USD_PPP,"US dollars, PPP converted",LR,Chain linked volume (rebased),LA,Annual levels,T0102,Table 0102 - GDP identity from the expenditure side,1991-Q4,,3485364.9,,2020,,,,F,Free (free for publication),1,One,A,Normal value,6,Millions,USD,US dollar
DATAFLOW,OECD.SDD.NAD:DSD_NAMAIN1@DF_QNA_EXPENDITURE_USD(1.1),"Quarterly GDP and components - expenditure approach, US Dollars",I,Q,Quarterly,Y,Calendar and seasonally adjusted,DEU,Germany,S1,Total economy,S1,Total economy,B1GQ,Gross domestic product,_Z,Not applicable,_Z,Not applicable,_Z,Not applicable,USD_PPP,"US dollars, PPP converted",LR,Chain linked volume (rebased),LA,Annual levels,T0102,Table 0102 - GDP identity from the expenditure side,1992-Q1,,3532105.3,,2020,,,,F,Free (free for publication),1,One,A,Normal value,6,Millions,USD,US dollar
DATAFLOW,OECD.SDD.NAD:DSD_NAMAIN1@DF_QNA_EXPENDITURE_USD(1.1),"Quarterly GDP and components - expenditure approach, US Dollars",I,Q,Quarterly,Y,Calendar and seasonally adjusted,DEU,Germany,S1,Total economy,S1,Total economy,B1GQ,Gross domestic product,_Z,Not applicable,_Z,Not applicable,_Z,Not applicable,USD_PPP,"US dollars, PPP converted",LR,Chain linked volume (rebased),LA,Annual levels,T0102,Table 0102 - GDP identity from the expenditure side,1992-Q2,,3510949,,2020,,,,F,Free (free for publication),1,One,A,Normal value,6,Millions,USD,US dollar
DATAFLOW,OECD.SDD.NAD:DSD_NAMAIN1@DF_QNA_EXPENDITURE_USD(1.1),"Quarterly GDP and components - expenditure approach, US Dollars",I,Q,Quarterly,Y,Calendar and seasonally adjusted,DEU,Germany,S1,Total economy,S1,Total economy,B1GQ,Gross domestic product,_Z,Not applicable,_Z,Not applicable,_Z,Not applicable,USD_PPP,"US dollars, PPP converted",LR,Chain linked volume (rebased),LA,Annual levels,T0102,Table 0102 - GDP identity from the expenditure side,1992-Q3,,3502092.9,,2020,,,,F,Free (free for publication),1,One,A,Normal value,6,Millions,USD,US dollar
DATAFLOW,OECD.SDD.NAD:DSD_NAMAIN1@DF_QNA_EXPENDITURE_USD(1.1),"Quarterly GDP and components - expenditure approach, US Dollars",I,Q,Quarterly,Y,Calendar and seasonally adjusted,DEU,Germany,S1,Total economy,S1,Total economy,B1GQ,Gross domestic product,_Z,Not applicable,_Z,Not applicable,_Z,Not applicable,USD_PPP,"US dollars, PPP converted",LR,Chain linked volume (rebased),LA,Annual levels,T0102,Table 0102 - GDP identity from the expenditure side,1992-Q4,,3491761,,2020,,,,F,Free (free for publication),1,One,A,Normal value,6,Millions,USD,US dollar
DATAFLOW,OECD.SDD.NAD:DSD_NAMAIN1@DF_QNA_EXPENDITURE_USD(1.1),"Quarterly GDP and components - expenditure approach, US Dollars",I,Q,Quarterly,Y,Calendar and seasonally adjusted,DEU,Germany,S1,Total economy,S1,Total economy,B1GQ,Gross domestic product,_Z,Not applicable,_Z,Not applicable,_Z,Not applicable,USD_PPP,"US dollars, PPP converted",LR,Chain linked volume (rebased),LA,Annual levels,T0102,Table 0102 - GDP identity from the expenditure side,1993-Q1,,3464086,,2020,,,,F,Free (free for publication),1,One,A,Normal value,6,Millions,USD,US dollar
DATAFLOW,OECD.SDD.NAD:DSD_NAMAIN1@DF_QNA_EXPENDITURE_USD(1.1),"Quarterly GDP and components - expenditure approach, US Dollars",I,Q,Quarterly,Y,Calendar and seasonally adjusted,DEU,Germany,S1,Total economy,S1,Total economy,B1GQ,Gross domestic product,_Z,Not applicable,_Z,Not applicable,_Z,Not applicable,USD_PPP,"US dollars, PPP converted",LR,Chain linked volume (rebased),LA,Annual levels,T0102,Table 0102 - GDP identity from the expenditure side,1993-Q2,,3465561.8,,2020,,,,F,Free (free for publication),1,One,A,Normal value,6,Millions,USD,US dollar
DATAFLOW,OECD.SDD.NAD:DSD_NAMAIN1@DF_QNA_EXPENDITURE_USD(1.1),"Quarterly GDP and components - expenditure approach, US Dollars",I,Q,Quarterly,Y,Calendar and seasonally adjusted,DEU,Germany,S1,Total economy,S1,Total economy,B1GQ,Gross domestic product,_Z,Not applicable,_Z,Not applicable,_Z,Not applicable,USD_PPP,"US dollars, PPP converted",LR,Chain linked volume (rebased),LA,Annual levels,T0102,Table 0102 - GDP identity from the expenditure side,1993-Q3,,3484749.5,,2020,,,,F,Free (free for publication),1,One,A,Normal value,6,Millions,USD,US dollar
DATAFLOW,OECD.SDD.NAD:DSD_NAMAIN1@DF_QNA_EXPENDITURE_USD(1.1),"Quarterly GDP and components - expenditure approach, US Dollars",I,Q,Quarterly,Y,Calendar and seasonally adjusted,DEU,Germany,S1,Total economy,S1,Total economy,B1GQ,Gross domestic product,_Z,Not applicable,_Z,Not applicable,_Z,Not applicable,USD_PPP,"US dollars, PPP converted",LR,Chain linked volume (rebased),LA,Annual levels,T0102,Table 0102 - GDP identity from the expenditure side,1993-Q4,,3480813.4,,2020,,,,F,Free (free for publication),1,One,A,Normal value,6,Millions,USD,US dollar
DATAFLOW,OECD.SDD.NAD:DSD_NAMAIN1@DF_QNA_EXPENDITURE_USD(1.1),"Quarterly GDP and components - expenditure approach, US Dollars",I,Q,Quarterly,Y,Calendar and seasonally adjusted,DEU,Germany,S1,Total economy,S1,Total economy,B1GQ,Gross domestic product,_Z,Not applicable,_Z,Not applicable,_Z,Not applicable,USD_PPP,"US dollars, PPP converted",LR,Chain linked volume (rebased),LA,Annual levels,T0102,Table 0102 - GDP identity from the expenditure side,1994-Q1,,3531121.3,,2020,,,,F,Free (free for publication),1,One,A,Normal value,6,Millions,USD,US dollar
DATAFLOW,OECD.SDD.NAD:DSD_NAMAIN1@DF_QNA_EXPENDITURE_USD(1.1),"Quarterly GDP and components - expenditure approach, US Dollars",I,Q,Quarterly,Y,Calendar and seasonally adjusted,DEU,Germany,S1,Total economy,S1,Total economy,B1GQ,Gross domestic product,_Z,Not applicable,_Z,Not applicable,_Z,Not applicable,USD_PPP,"US dollars, PPP converted",LR,Chain linked volume (rebased),LA,Annual levels,T0102,Table 0102 - GDP identity from the expenditure side,1994-Q2,,3552277.7,,2020,,,,F,Free (free for publication),1,One,A,Normal value,6,Millions,USD,US dollar
DATAFLOW,OECD.SDD.NAD:DSD_NAMAIN1@DF_QNA_EXPENDITURE_USD(1.1),"Quarterly GDP and components - expenditure approach, US Dollars",I,Q,Quarterly,Y,Calendar and seasonally adjusted,DEU,Germany,S1,Total economy,S1,Total economy,B1GQ,Gross domestic product,_Z,Not applicable,_Z,Not applicable,_Z,Not applicable,USD_PPP,"US dollars, PPP converted",LR,Chain linked volume (rebased),LA,Annual levels,T0102,Table 0102 - GDP identity from the expenditure side,1994-Q3,,3571957.6,,2020,,,,F,Free (free for publication),1,One,A,Normal value,6,Millions,USD,US dollar
DATAFLOW,OECD.SDD.NAD:DSD_NAMAIN1@DF_QNA_EXPENDITURE_USD(1.1),"Quarterly GDP and components - expenditure approach, US Dollars",I,Q,Quarterly,Y,Calendar and seasonally adjusted,DEU,Germany,S1,Total economy,S1,Total economy,B1GQ,Gross domestic product,_Z,Not applicable,_Z,Not applicable,_Z,Not applicable,USD_PPP,"US dollars, PPP converted",LR,Chain linked volume (rebased),LA,Annual levels,T0102,Table 0102 - GDP identity from the expenditure side,1994-Q4,,3610826.1,,2020,,,,F,Free (free for publication),1,One,A,Normal value,6,Millions,USD,US dollar
DATAFLOW,OECD.SDD.NAD:DSD_NAMAIN1@DF_QNA_EXPENDITURE_USD(1.1),"Quarterly GDP and components - expenditure approach, US Dollars",I,Q,Quarterly,Y,Calendar and seasonally adjusted,DEU,Germany,S1,Total economy,S1,Total economy,B1GQ,Gross domestic product,_Z,Not applicable,_Z,Not applicable,_Z,Not applicable,USD_PPP,"US dollars, PPP converted",LR,Chain linked volume (rebased),LA,Annual levels,T0102,Table 0102 - GDP identity from the expenditure side,1995-Q1,,3596558,,2020,,,,F,Free (free for publication),1,One,A,Normal value,6,Millions,USD,US dollar
DATAFLOW,OECD.SDD.NAD:DSD_NAMAIN1@DF_QNA_EXPENDITURE_USD(1.1),"Quarterly GDP and components - expenditure approach, US Dollars",I,Q,Quarterly,Y,Calendar and seasonally adjusted,DEU,Germany,S1,Total economy,S1,Total economy,B1GQ,Gross domestic product,_Z,Not applicable,_Z,Not applicable,_Z,Not applicable,USD_PPP,"US dollars, PPP converted",LR,Chain linked volume (rebased),LA,Annual levels,T0102,Table 0102 - GDP identity from the expenditure side,1995-Q2,,3627554.4,,2020,,,,F,Free (free for publication),1,One,A,Normal value,6,Millions,USD,US dollar
DATAFLOW,OECD.SDD.NAD:DSD_NAMAIN1@DF_QNA_EXPENDITURE_USD(1.1),"Quarterly GDP and components - expenditure approach, US Dollars",I,Q,Quarterly,Y,Calendar and seasonally adjusted,DEU,Germany,S1,Total economy,S1,Total economy,B1GQ,Gross domestic product,_Z,Not applicable,_Z,Not applicable,_Z,Not applicable,USD_PPP,"US dollars, PPP converted",LR,Chain linked volume (rebased),LA,Annual levels,T0102,Table 0102 - GDP identity from the expenditure side,1995-Q3,,3633458.4,,2020,,,,F,Free (free for publication),1,One,A,Normal value,6,Millions,USD,US dollar
DATAFLOW,OECD.SDD.NAD:DSD_NAMAIN1@DF_QNA_EXPENDITURE_USD(1.1),"Quarterly GDP and components - expenditure approach, US Dollars",I,Q,Quarterly,Y,Calendar and seasonally adjusted,DEU,Germany,S1,Total economy,S1,Total economy,B1GQ,Gross domestic product,_Z,Not applicable,_Z,Not applicable,_Z,Not applicable,USD_PPP,"US dollars, PPP converted",LR,Chain linked volume (rebased),LA,Annual levels,T0102,Table 0102 - GDP identity from the expenditure side,1995-Q4,,3635426.3,,2020,,,,F,Free (free for publication),1,One,A,Normal value,6,Millions,USD,US dollar
DATAFLOW,OECD.SDD.NAD:DSD_NAMAIN1@DF_QNA_EXPENDITURE_USD(1.1),"Quarterly GDP and components - expenditure approach, US Dollars",I,Q,Quarterly,Y,Calendar and seasonally adjusted,DEU,Germany,S1,Total economy,S1,Total economy,B1GQ,Gross domestic product,_Z,Not applicable,_Z,Not applicable,_Z,Not applicable,USD_PPP,"US dollars, PPP converted",LR,Chain linked volume (rebased),LA,Annual levels,T0102,Table 0102 - GDP identity from the expenditure side,1996-Q1,,3608857.9,,2020,,,,F,Free (free for publication),1,One,A,Normal value,6,Millions,USD,US dollar
DATAFLOW,OECD.SDD.NAD:DSD_NAMAIN1@DF_QNA_EXPENDITURE_USD(1.1),"Quarterly GDP and components - expenditure approach, US Dollars",I,Q,Quarterly,Y,Calendar and seasonally adjusted,DEU,Germany,S1,Total economy,S1,Total economy,B1GQ,Gross domestic product,_Z,Not applicable,_Z,Not applicable,_Z,Not applicable,USD_PPP,"US dollars, PPP converted",LR,Chain linked volume (rebased),LA,Annual levels,T0102,Table 0102 - GDP identity from the expenditure side,1996-Q2,,3660026.6,,2020,,,,F,Free (free for publication),1,One,A,Normal value,6,Millions,USD,US dollar
DATAFLOW,OECD.SDD.NAD:DSD_NAMAIN1@DF_QNA_EXPENDITURE_USD(1.1),"Quarterly GDP and components - expenditure approach, US Dollars",I,Q,Quarterly,Y,Calendar and seasonally adjusted,DEU,Germany,S1,Total economy,S1,Total economy,B1GQ,Gross domestic product,_Z,Not applicable,_Z,Not applicable,_Z,Not applicable,USD_PPP,"US dollars, PPP converted",LR,Chain linked volume (rebased),LA,Annual levels,T0102,Table 0102 - GDP identity from the expenditure side,1996-Q3,,3672818.7,,2020,,,,F,Free (free for publication),1,One,A,Normal value,6,Millions,USD,US dollar
DATAFLOW,OECD.SDD.NAD:DSD_NAMAIN1@DF_QNA_EXPENDITURE_USD(1.1),"Quarterly GDP and components - expenditure approach, US Dollars",I,Q,Quarterly,Y,Calendar and seasonally adjusted,DEU,Germany,S1,Total economy,S1,Total economy,B1GQ,Gross domestic product,_Z,Not applicable,_Z,Not applicable,_Z,Not applicable,USD_PPP,"US dollars, PPP converted",LR,Chain linked volume (rebased),LA,Annual levels,T0102,Table 0102 - GDP identity from the expenditure side,1996-Q4,,3707259.1,,2020,,,,F,Free (free for publication),1,One,A,Normal value,6,Millions,USD,US dollar
DATAFLOW,OECD.SDD.NAD:DSD_NAMAIN1@DF_QNA_EXPENDITURE_USD(1.1),"Quarterly GDP and components - expenditure approach, US Dollars",I,Q,Quarterly,Y,Calendar and seasonally adjusted,DEU,Germany,S1,Total economy,S1,Total economy,B1GQ,Gross domestic product,_Z,Not applicable,_Z,Not applicable,_Z,Not applicable,USD_PPP,"US dollars, PPP converted",LR,Chain linked volume (rebased),LA,Annual levels,T0102,Table 0102 - GDP identity from the expenditure side,1997-Q1,,3687949.4,,2020,,,,F,Free (free for publication),1,One,A,Normal value,6,Millions,USD,US dollar
DATAFLOW,OECD.SDD.NAD:DSD_NAMAIN1@DF_QNA_EXPENDITURE_USD(1.1),"Quarterly GDP and components - expenditure approach, US Dollars",I,Q,Quarterly,Y,Calendar and seasonally adjusted,DEU,Germany,S1,Total economy,S1,Total economy,B1GQ,Gross domestic product,_Z,Not applicable,_Z,Not applicable,_Z,Not applicable,USD_PPP,"US dollars, PPP converted",LR,Chain linked volume (rebased),LA,Annual levels,T0102,Table 0102 - GDP identity from the expenditure side,1997-Q2,,3730752.4,,2020,,,,F,Free (free for publication),1,One,A,Normal value,6,Millions,USD,US dollar
DATAFLOW,OECD.SDD.NAD:DSD_NAMAIN1@DF_QNA_EXPENDITURE_USD(1.1),"Quarterly GDP and components - expenditure approach, US Dollars",I,Q,Quarterly,Y,Calendar and seasonally adjusted,DEU,Germany,S1,Total economy,S1,Total economy,B1GQ,Gross domestic product,_Z,Not applicable,_Z,Not applicable,_Z,Not applicable,USD_PPP,"US dollars, PPP converted",LR,Chain linked volume (rebased),LA,Annual levels,T0102,Table 0102 - GDP identity from the expenditure side,1997-Q3,,3743052.1,,2020,,,,F,Free (free for publication),1,One,A,Normal value,6,Millions,USD,US dollar
DATAFLOW,OECD.SDD.NAD:DSD_NAMAIN1@DF_QNA_EXPENDITURE_USD(1.1),"Quarterly GDP and components - expenditure approach, US Dollars",I,Q,Quarterly,Y,Calendar and seasonally adjusted,DEU,Germany,S1,Total economy,S1,Total economy,B1GQ,Gross domestic product,_Z,Not applicable,_Z,Not applicable,_Z,Not applicable,USD_PPP,"US dollars, PPP converted",LR,Chain linked volume (rebased),LA,Annual levels,T0102,Table 0102 - GDP identity from the expenditure side,1997-Q4,,3770603.7,,2020,,,,F,Free (free for publication),1,One,A,Normal value,6,Millions,USD,US dollar
DATAFLOW,OECD.SDD.NAD:DSD_NAMAIN1@DF_QNA_EXPENDITURE_USD(1.1),"Quarterly GDP and components - expenditure approach, US Dollars",I,Q,Quarterly,Y,Calendar and seasonally adjusted,DEU,Germany,S1,Total economy,S1,Total economy,B1GQ,Gross domestic product,_Z,Not applicable,_Z,Not applicable,_Z,Not applicable,USD_PPP,"US dollars, PPP converted",LR,Chain linked volume (rebased),LA,Annual levels,T0102,Table 0102 - GDP identity from the expenditure side,1998-Q1,,3806275.5,,2020,,,,F,Free (free for publication),1,One,A,Normal value,6,Millions,USD,US dollar
DATAFLOW,OECD.SDD.NAD:DSD_NAMAIN1@DF_QNA_EXPENDITURE_USD(1.1),"Quarterly GDP and components - expenditure approach, US Dollars",I,Q,Quarterly,Y,Calendar and seasonally adjusted,DEU,Germany,S1,Total economy,S1,Total economy,B1GQ,Gross domestic product,_Z,Not applicable,_Z,Not applicable,_Z,Not applicable,USD_PPP,"US dollars, PPP converted",LR,Chain linked volume (rebased),LA,Annual levels,T0102,Table 0102 - GDP identity from the expenditure side,1998-Q2,,3792006.6,,2020,,,,F,Free (free for publication),1,One,A,Normal value,6,Millions,USD,US dollar
DATAFLOW,OECD.SDD.NAD:DSD_NAMAIN1@DF_QNA_EXPENDITURE_USD(1.1),"Quarterly GDP and components - expenditure approach, US Dollars",I,Q,Quarterly,Y,Calendar and seasonally adjusted,DEU,Germany,S1,Total economy,S1,Total economy,B1GQ,Gross domestic product,_Z,Not applicable,_Z,Not applicable,_Z,Not applicable,USD_PPP,"US dollars, PPP converted",LR,Chain linked volume (rebased),LA,Annual levels,T0102,Table 0102 - GDP identity from the expenditure side,1998-Q3,,3807751.4,,2020,,,,F,Free (free for publication),1,One,A,Normal value,6,Millions,USD,US dollar
DATAFLOW,OECD.SDD.NAD:DSD_NAMAIN1@DF_QNA_EXPENDITURE_USD(1.1),"Quarterly GDP and components - expenditure approach, US Dollars",I,Q,Quarterly,Y,Calendar and seasonally adjusted,DEU,Germany,S1,Total economy,S1,Total economy,B1GQ,Gross domestic product,_Z,Not applicable,_Z,Not applicable,_Z,Not applicable,USD_PPP,"US dollars, PPP converted",LR,Chain linked volume (rebased),LA,Annual levels,T0102,Table 0102 - GDP identity from the expenditure side,1998-Q4,,3805783.2,,2020,,,,F,Free (free for publication),1,One,A,Normal value,6,Millions,USD,US dollar
DATAFLOW,OECD.SDD.NAD:DSD_NAMAIN1@DF_QNA_EXPENDITURE_USD(1.1),"Quarterly GDP and components - expenditure approach, US Dollars",I,Q,Quarterly,Y,Calendar and seasonally adjusted,DEU,Germany,S1,Total economy,S1,Total economy,B1GQ,Gross domestic product,_Z,Not applicable,_Z,Not applicable,_Z,Not applicable,USD_PPP,"US dollars, PPP converted",LR,Chain linked volume (rebased),LA,Annual levels,T0102,Table 0102 - GDP identity from the expenditure side,1999-Q1,,3849940.7,,2020,,,,F,Free (free for publication),1,One,A,Normal value,6,Millions,USD,US dollar
DATAFLOW,OECD.SDD.NAD:DSD_NAMAIN1@DF_QNA_EXPENDITURE_USD(1.1),"Quarterly GDP and components - expenditure approach, US Dollars",I,Q,Quarterly,Y,Calendar and seasonally adjusted,DEU,Germany,S1,Total economy,S1,Total economy,B1GQ,Gross domestic product,_Z,Not applicable,_Z,Not applicable,_Z,Not applicable,USD_PPP,"US dollars, PPP converted",LR,Chain linked volume (rebased),LA,Annual levels,T0102,Table 0102 - GDP identity from the expenditure side,1999-Q2,,3847972.5,,2020,,,,F,Free (free for publication),1,One,A,Normal value,6,Millions,USD,US dollar
DATAFLOW,OECD.SDD.NAD:DSD_NAMAIN1@DF_QNA_EXPENDITURE_USD(1.1),"Quarterly GDP and components - expenditure approach, US Dollars",I,Q,Quarterly,Y,Calendar and seasonally adjusted,DEU,Germany,S1,Total economy,S1,Total economy,B1GQ,Gross domestic product,_Z,Not applicable,_Z,Not applicable,_Z,Not applicable,USD_PPP,"US dollars, PPP converted",LR,Chain linked volume (rebased),LA,Annual levels,T0102,Table 0102 - GDP identity from the expenditure side,1999-Q3,,3898157.2,,2020,,,,F,Free (free for publication),1,One,A,Normal value,6,Millions,USD,US dollar
DATAFLOW,OECD.SDD.NAD:DSD_NAMAIN1@DF_QNA_EXPENDITURE_USD(1.1),"Quarterly GDP and components - expenditure approach, US Dollars",I,Q,Quarterly,Y,Calendar and seasonally adjusted,DEU,Germany,S1,Total economy,S1,Total economy,B1GQ,Gross domestic product,_Z,Not applicable,_Z,Not applicable,_Z,Not applicable,USD_PPP,"US dollars, PPP converted",LR,Chain linked volume (rebased),LA,Annual levels,T0102,Table 0102 - GDP identity from the expenditure side,1999-Q4,,3916853.5,,2020,,,,F,Free (free for publication),1,One,A,Normal value,6,Millions,USD,US dollar
DATAFLOW,OECD.SDD.NAD:DSD_NAMAIN1@DF_QNA_EXPENDITURE_USD(1.1),"Quarterly GDP and components - expenditure approach, US Dollars",I,Q,Quarterly,Y,Calendar and seasonally adjusted,DEU,Germany,S1,Total economy,S1,Total economy,B1GQ,Gross domestic product,_Z,Not applicable,_Z,Not applicable,_Z,Not applicable,USD_PPP,"US dollars, PPP converted",LR,Chain linked volume (rebased),LA,Annual levels,T0102,Table 0102 - GDP identity from the expenditure side,2000-Q1,,3977739.7,,2020,,,,F,Free (free for publication),1,One,A,Normal value,6,Millions,USD,US dollar
DATAFLOW,OECD.SDD.NAD:DSD_NAMAIN1@DF_QNA_EXPENDITURE_USD(1.1),"Quarterly GDP and components - expenditure approach, US Dollars",I,Q,Quarterly,Y,Calendar and seasonally adjusted,DEU,Germany,S1,Total economy,S1,Total economy,B1GQ,Gross domestic product,_Z,Not applicable,_Z,Not applicable,_Z,Not applicable,USD_PPP,"US dollars, PPP converted",LR,Chain linked volume (rebased),LA,Annual levels,T0102,Table 0102 - GDP identity from the expenditure side,2000-Q2,,4011195.2,,2020,,,,F,Free (free for publication),1,One,A,Normal value,6,Millions,USD,US dollar
DATAFLOW,OECD.SDD.NAD:DSD_NAMAIN1@DF_QNA_EXPENDITURE_USD(1.1),"Quarterly GDP and components - expenditure approach, US Dollars",I,Q,Quarterly,Y,Calendar and seasonally adjusted,DEU,Germany,S1,Total economy,S1,Total economy,B1GQ,Gross domestic product,_Z,Not applicable,_Z,Not applicable,_Z,Not applicable,USD_PPP,"US dollars, PPP converted",LR,Chain linked volume (rebased),LA,Annual levels,T0102,Table 0102 - GDP identity from the expenditure side,2000-Q3,,4012178.8,,2020,,,,F,Free (free for publication),1,One,A,Normal value,6,Millions,USD,US dollar
DATAFLOW,OECD.SDD.NAD:DSD_NAMAIN1@DF_QNA_EXPENDITURE_USD(1.1),"Quarterly GDP and components - expenditure approach, US Dollars",I,Q,Quarterly,Y,Calendar and seasonally adjusted,DEU,Germany,S1,Total economy,S1,Total economy,B1GQ,Gross domestic product,_Z,Not applicable,_Z,Not applicable,_Z,Not applicable,USD_PPP,"US dollars, PPP converted",LR,Chain linked volume (rebased),LA,Annual levels,T0102,Table 0102 - GDP identity from the expenditure side,2000-Q4,,3995451.3,,2020,,,,F,Free (free for publication),1,One,A,Normal value,6,Millions,USD,US dollar
DATAFLOW,OECD.SDD.NAD:DSD_NAMAIN1@DF_QNA_EXPENDITURE_USD(1.1),"Quarterly GDP and components - expenditure approach, US Dollars",I,Q,Quarterly,Y,Calendar and seasonally adjusted,DEU,Germany,S1,Total economy,S1,Total economy,B1GQ,Gross domestic product,_Z,Not applicable,_Z,Not applicable,_Z,Not applicable,USD_PPP,"US dollars, PPP converted",LR,Chain linked volume (rebased),LA,Annual levels,T0102,Table 0102 - GDP identity from the expenditure side,2001-Q1,,4079583.9,,2020,,,,F,Free (free for publication),1,One,A,Normal value,6,Millions,USD,US dollar
DATAFLOW,OECD.SDD.NAD:DSD_NAMAIN1@DF_QNA_EXPENDITURE_USD(1.1),"Quarterly GDP and components - expenditure approach, US Dollars",I,Q,Quarterly,Y,Calendar and seasonally adjusted,DEU,Germany,S1,Total economy,S1,Total economy,B1GQ,Gross domestic product,_Z,Not applicable,_Z,Not applicable,_Z,Not applicable,USD_PPP,"US dollars, PPP converted",LR,Chain linked volume (rebased),LA,Annual levels,T0102,Table 0102 - GDP identity from the expenditure side,2001-Q2,,4071219.9,,2020,,,,F,Free (free for publication),1,One,A,Normal value,6,Millions,USD,US dollar
DATAFLOW,OECD.SDD.NAD:DSD_NAMAIN1@DF_QNA_EXPENDITURE_USD(1.1),"Quarterly GDP and components - expenditure approach, US Dollars",I,Q,Quarterly,Y,Calendar and seasonally adjusted,DEU,Germany,S1,Total economy,S1,Total economy,B1GQ,Gross domestic product,_Z,Not applicable,_Z,Not applicable,_Z,Not applicable,USD_PPP,"US dollars, PPP converted",LR,Chain linked volume (rebased),LA,Annual levels,T0102,Table 0102 - GDP identity from the expenditure side,2001-Q3,,4069743.8,,2020,,,,F,Free (free for publication),1,One,A,Normal value,6,Millions,USD,US dollar
DATAFLOW,OECD.SDD.NAD:DSD_NAMAIN1@DF_QNA_EXPENDITURE_USD(1.1),"Quarterly GDP and components - expenditure approach, US Dollars",I,Q,Quarterly,Y,Calendar and seasonally adjusted,DEU,Germany,S1,Total economy,S1,Total economy,B1GQ,Gross domestic product,_Z,Not applicable,_Z,Not applicable,_Z,Not applicable,USD_PPP,"US dollars, PPP converted",LR,Chain linked volume (rebased),LA,Annual levels,T0102,Table 0102 - GDP identity from the expenditure side,2001-Q4,,4057936.3,,2020,,,,F,Free (free for publication),1,One,A,Normal value,6,Millions,USD,US dollar
DATAFLOW,OECD.SDD.NAD:DSD_NAMAIN1@DF_QNA_EXPENDITURE_USD(1.1),"Quarterly GDP and components - expenditure approach, US Dollars",I,Q,Quarterly,Y,Calendar and seasonally adjusted,DEU,Germany,S1,Total economy,S1,Total economy,B1GQ,Gross domestic product,_Z,Not applicable,_Z,Not applicable,_Z,Not applicable,USD_PPP,"US dollars, PPP converted",LR,Chain linked volume (rebased),LA,Annual levels,T0102,Table 0102 - GDP identity from the expenditure side,2002-Q1,,4038870.7,,2020,,,,F,Free (free for publication),1,One,A,Normal value,6,Millions,USD,US dollar
DATAFLOW,OECD.SDD.NAD:DSD_NAMAIN1@DF_QNA_EXPENDITURE_USD(1.1),"Quarterly GDP and components - expenditure approach, US Dollars",I,Q,Quarterly,Y,Calendar and seasonally adjusted,DEU,Germany,S1,Total economy,S1,Total economy,B1GQ,Gross domestic product,_Z,Not applicable,_Z,Not applicable,_Z,Not applicable,USD_PPP,"US dollars, PPP converted",LR,Chain linked volume (rebased),LA,Annual levels,T0102,Table 0102 - GDP identity from the expenditure side,2002-Q2,,4055599,,2020,,,,F,Free (free for publication),1,One,A,Normal value,6,Millions,USD,US dollar
DATAFLOW,OECD.SDD.NAD:DSD_NAMAIN1@DF_QNA_EXPENDITURE_USD(1.1),"Quarterly GDP and components - expenditure approach, US Dollars",I,Q,Quarterly,Y,Calendar and seasonally adjusted,DEU,Germany,S1,Total economy,S1,Total economy,B1GQ,Gross domestic product,_Z,Not applicable,_Z,Not applicable,_Z,Not applicable,USD_PPP,"US dollars, PPP converted",LR,Chain linked volume (rebased),LA,Annual levels,T0102,Table 0102 - GDP identity from the expenditure side,2002-Q3,,4081674.9,,2020,,,,F,Free (free for publication),1,One,A,Normal value,6,Millions,USD,US dollar
DATAFLOW,OECD.SDD.NAD:DSD_NAMAIN1@DF_QNA_EXPENDITURE_USD(1.1),"Quarterly GDP and components - expenditure approach, US Dollars",I,Q,Quarterly,Y,Calendar and seasonally adjusted,DEU,Germany,S1,Total economy,S1,Total economy,B1GQ,Gross domestic product,_Z,Not applicable,_Z,Not applicable,_Z,Not applicable,USD_PPP,"US dollars, PPP converted",LR,Chain linked volume (rebased),LA,Annual levels,T0102,Table 0102 - GDP identity from the expenditure side,2002-Q4,,4071834.8,,2020,,,,F,Free (free for publication),1,One,A,Normal value,6,Millions,USD,US dollar
DATAFLOW,OECD.SDD.NAD:DSD_NAMAIN1@DF_QNA_EXPENDITURE_USD(1.1),"Quarterly GDP and components - expenditure approach, US Dollars",I,Q,Quarterly,Y,Calendar and seasonally adjusted,DEU,Germany,S1,Total economy,S1,Total economy,B1GQ,Gross domestic product,_Z,Not applicable,_Z,Not applicable,_Z,Not applicable,USD_PPP,"US dollars, PPP converted",LR,Chain linked volume (rebased),LA,Annual levels,T0102,Table 0102 - GDP identity from the expenditure side,2003-Q1,,4015624,,2020,,,,F,Free (free for publication),1,One,A,Normal value,6,Millions,USD,US dollar
DATAFLOW,OECD.SDD.NAD:DSD_NAMAIN1@DF_QNA_EXPENDITURE_USD(1.1),"Quarterly GDP and components - expenditure approach, US Dollars",I,Q,Quarterly,Y,Calendar and seasonally adjusted,DEU,Germany,S1,Total economy,S1,Total economy,B1GQ,Gross domestic product,_Z,Not applicable,_Z,Not applicable,_Z,Not applicable,USD_PPP,"US dollars, PPP converted",LR,Chain linked volume (rebased),LA,Annual levels,T0102,Table 0102 - GDP identity from the expenditure side,2003-Q2,,4022019.8,,2020,,,,F,Free (free for publication),1,One,A,Normal value,6,Millions,USD,US dollar
DATAFLOW,OECD.SDD.NAD:DSD_NAMAIN1@DF_QNA_EXPENDITURE_USD(1.1),"Quarterly GDP and components - expenditure approach, US Dollars",I,Q,Quarterly,Y,Calendar and seasonally adjusted,DEU,Germany,S1,Total economy,S1,Total economy,B1GQ,Gross domestic product,_Z,Not applicable,_Z,Not applicable,_Z,Not applicable,USD_PPP,"US dollars, PPP converted",LR,Chain linked volume (rebased),LA,Annual levels,T0102,Table 0102 - GDP identity from the expenditure side,2003-Q3,,4057443.2,,2020,,,,F,Free (free for publication),1,One,A,Normal value,6,Millions,USD,US dollar
DATAFLOW,OECD.SDD.NAD:DSD_NAMAIN1@DF_QNA_EXPENDITURE_USD(1.1),"Quarterly GDP and components - expenditure approach, US Dollars",I,Q,Quarterly,Y,Calendar and seasonally adjusted,DEU,Germany,S1,Total economy,S1,Total economy,B1GQ,Gross domestic product,_Z,Not applicable,_Z,Not applicable,_Z,Not applicable,USD_PPP,"US dollars, PPP converted",LR,Chain linked volume (rebased),LA,Annual levels,T0102,Table 0102 - GDP identity from the expenditure side,2003-Q4,,4062855.1,,2020,,,,F,Free (free for publication),1,One,A,Normal value,6,Millions,USD,US dollar
DATAFLOW,OECD.SDD.NAD:DSD_NAMAIN1@DF_QNA_EXPENDITURE_USD(1.1),"Quarterly GDP and components - expenditure approach, US Dollars",I,Q,Quarterly,Y,Calendar and seasonally adjusted,DEU,Germany,S1,Total economy,S1,Total economy,B1GQ,Gross domestic product,_Z,Not applicable,_Z,Not applicable,_Z,Not applicable,USD_PPP,"US dollars, PPP converted",LR,Chain linked volume (rebased),LA,Annual levels,T0102,Table 0102 - GDP identity from the expenditure side,2004-Q1,,4056460.3,,2020,,,,F,Free (free for publication),1,One,A,Normal value,6,Millions,USD,US dollar
DATAFLOW,OECD.SDD.NAD:DSD_NAMAIN1@DF_QNA_EXPENDITURE_USD(1.1),"Quarterly GDP and components - expenditure approach, US Dollars",I,Q,Quarterly,Y,Calendar and seasonally adjusted,DEU,Germany,S1,Total economy,S1,Total economy,B1GQ,Gross domestic product,_Z,Not applicable,_Z,Not applicable,_Z,Not applicable,USD_PPP,"US dollars, PPP converted",LR,Chain linked volume (rebased),LA,Annual levels,T0102,Table 0102 - GDP identity from the expenditure side,2004-Q2,,4080567.6,,2020,,,,F,Free (free for publication),1,One,A,Normal value,6,Millions,USD,US dollar
DATAFLOW,OECD.SDD.NAD:DSD_NAMAIN1@DF_QNA_EXPENDITURE_USD(1.1),"Quarterly GDP and components - expenditure approach, US Dollars",I,Q,Quarterly,Y,Calendar and seasonally adjusted,DEU,Germany,S1,Total economy,S1,Total economy,B1GQ,Gross domestic product,_Z,Not applicable,_Z,Not applicable,_Z,Not applicable,USD_PPP,"US dollars, PPP converted",LR,Chain linked volume (rebased),LA,Annual levels,T0102,Table 0102 - GDP identity from the expenditure side,2004-Q3,,4067284,,2020,,,,F,Free (free for publication),1,One,A,Normal value,6,Millions,USD,US dollar
DATAFLOW,OECD.SDD.NAD:DSD_NAMAIN1@DF_QNA_EXPENDITURE_USD(1.1),"Quarterly GDP and components - expenditure approach, US Dollars",I,Q,Quarterly,Y,Calendar and seasonally adjusted,DEU,Germany,S1,Total economy,S1,Total economy,B1GQ,Gross domestic product,_Z,Not applicable,_Z,Not applicable,_Z,Not applicable,USD_PPP,"US dollars, PPP converted",LR,Chain linked volume (rebased),LA,Annual levels,T0102,Table 0102 - GDP identity from the expenditure side,2004-Q4,,4064824.1,,2020,,,,F,Free (free for publication),1,One,A,Normal value,6,Millions,USD,US dollar
DATAFLOW,OECD.SDD.NAD:DSD_NAMAIN1@DF_QNA_EXPENDITURE_USD(1.1),"Quarterly GDP and components - expenditure approach, US Dollars",I,Q,Quarterly,Y,Calendar and seasonally adjusted,DEU,Germany,S1,Total economy,S1,Total economy,B1GQ,Gross domestic product,_Z,Not applicable,_Z,Not applicable,_Z,Not applicable,USD_PPP,"US dollars, PPP converted",LR,Chain linked volume (rebased),LA,Annual levels,T0102,Table 0102 - GDP identity from the expenditure side,2005-Q1,,4072819.1,,2020,,,,F,Free (free for publication),1,One,A,Normal value,6,Millions,USD,US dollar
DATAFLOW,OECD.SDD.NAD:DSD_NAMAIN1@DF_QNA_EXPENDITURE_USD(1.1),"Quarterly GDP and components - expenditure approach, US Dollars",I,Q,Quarterly,Y,Calendar and seasonally adjusted,DEU,Germany,S1,Total economy,S1,Total economy,B1GQ,Gross domestic product,_Z,Not applicable,_Z,Not applicable,_Z,Not applicable,USD_PPP,"US dollars, PPP converted",LR,Chain linked volume (rebased),LA,Annual levels,T0102,Table 0102 - GDP identity from the expenditure side,2005-Q2,,4095943.3,,2020,,,,F,Free (free for publication),1,One,A,Normal value,6,Millions,USD,US dollar
DATAFLOW,OECD.SDD.NAD:DSD_NAMAIN1@DF_QNA_EXPENDITURE_USD(1.1),"Quarterly GDP and components - expenditure approach, US Dollars",I,Q,Quarterly,Y,Calendar and seasonally adjusted,DEU,Germany,S1,Total economy,S1,Total economy,B1GQ,Gross domestic product,_Z,Not applicable,_Z,Not applicable,_Z,Not applicable,USD_PPP,"US dollars, PPP converted",LR,Chain linked volume (rebased),LA,Annual levels,T0102,Table 0102 - GDP identity from the expenditure side,2005-Q3,,4128907.8,,2020,,,,F,Free (free for publication),1,One,A,Normal value,6,Millions,USD,US dollar
DATAFLOW,OECD.SDD.NAD:DSD_NAMAIN1@DF_QNA_EXPENDITURE_USD(1.1),"Quarterly GDP and components - expenditure approach, US Dollars",I,Q,Quarterly,Y,Calendar and seasonally adjusted,DEU,Germany,S1,Total economy,S1,Total economy,B1GQ,Gross domestic product,_Z,Not applicable,_Z,Not applicable,_Z,Not applicable,USD_PPP,"US dollars, PPP converted",LR,Chain linked volume (rebased),LA,Annual levels,T0102,Table 0102 - GDP identity from the expenditure side,2005-Q4,,4143667.5,,2020,,,,F,Free (free for publication),1,One,A,Normal value,6,Millions,USD,US dollar
DATAFLOW,OECD.SDD.NAD:DSD_NAMAIN1@DF_QNA_EXPENDITURE_USD(1.1),"Quarterly GDP and components - expenditure approach, US Dollars",I,Q,Quarterly,Y,Calendar and seasonally adjusted,DEU,Germany,S1,Total economy,S1,Total economy,B1GQ,Gross domestic product,_Z,Not applicable,_Z,Not applicable,_Z,Not applicable,USD_PPP,"US dollars, PPP converted",LR,Chain linked volume (rebased),LA,Annual levels,T0102,Table 0102 - GDP identity from the expenditure side,2006-Q1,,4190900.2,,2020,,,,F,Free (free for publication),1,One,A,Normal value,6,Millions,USD,US dollar
DATAFLOW,OECD.SDD.NAD:DSD_NAMAIN1@DF_QNA_EXPENDITURE_USD(1.1),"Quarterly GDP and components - expenditure approach, US Dollars",I,Q,Quarterly,Y,Calendar and seasonally adjusted,DEU,Germany,S1,Total economy,S1,Total economy,B1GQ,Gross domestic product,_Z,Not applicable,_Z,Not applicable,_Z,Not applicable,USD_PPP,"US dollars, PPP converted",LR,Chain linked volume (rebased),LA,Annual levels,T0102,Table 0102 - GDP identity from the expenditure side,2006-Q2,,4262733.2,,2020,,,,F,Free (free for publication),1,One,A,Normal value,6,Millions,USD,US dollar
DATAFLOW,OECD.SDD.NAD:DSD_NAMAIN1@DF_QNA_EXPENDITURE_USD(1.1),"Quarterly GDP and components - expenditure approach, US Dollars",I,Q,Quarterly,Y,Calendar and seasonally adjusted,DEU,Germany,S1,Total economy,S1,Total economy,B1GQ,Gross domestic product,_Z,Not applicable,_Z,Not applicable,_Z,Not applicable,USD_PPP,"US dollars, PPP converted",LR,Chain linked volume (rebased),LA,Annual levels,T0102,Table 0102 - GDP identity from the expenditure side,2006-Q3,,4295205.3,,2020,,,,F,Free (free for publication),1,One,A,Normal value,6,Millions,USD,US dollar
DATAFLOW,OECD.SDD.NAD:DSD_NAMAIN1@DF_QNA_EXPENDITURE_USD(1.1),"Quarterly GDP and components - expenditure approach, US Dollars",I,Q,Quarterly,Y,Calendar and seasonally adjusted,DEU,Germany,S1,Total economy,S1,Total economy,B1GQ,Gross domestic product,_Z,Not applicable,_Z,Not applicable,_Z,Not applicable,USD_PPP,"US dollars, PPP converted",LR,Chain linked volume (rebased),LA,Annual levels,T0102,Table 0102 - GDP identity from the expenditure side,2006-Q4,,4358181.9,,2020,,,,F,Free (free for publication),1,One,A,Normal value,6,Millions,USD,US dollar
DATAFLOW,OECD.SDD.NAD:DSD_NAMAIN1@DF_QNA_EXPENDITURE_USD(1.1),"Quarterly GDP and components - expenditure approach, US Dollars",I,Q,Quarterly,Y,Calendar and seasonally adjusted,DEU,Germany,S1,Total economy,S1,Total economy,B1GQ,Gross domestic product,_Z,Not applicable,_Z,Not applicable,_Z,Not applicable,USD_PPP,"US dollars, PPP converted",LR,Chain linked volume (rebased),LA,Annual levels,T0102,Table 0102 - GDP identity from the expenditure side,2007-Q1,,4363472.2,,2020,,,,F,Free (free for publication),1,One,A,Normal value,6,Millions,USD,US dollar
DATAFLOW,OECD.SDD.NAD:DSD_NAMAIN1@DF_QNA_EXPENDITURE_USD(1.1),"Quarterly GDP and components - expenditure approach, US Dollars",I,Q,Quarterly,Y,Calendar and seasonally adjusted,DEU,Germany,S1,Total economy,S1,Total economy,B1GQ,Gross domestic product,_Z,Not applicable,_Z,Not applicable,_Z,Not applicable,USD_PPP,"US dollars, PPP converted",LR,Chain linked volume (rebased),LA,Annual levels,T0102,Table 0102 - GDP identity from the expenditure side,2007-Q2,,4392007.9,,2020,,,,F,Free (free for publication),1,One,A,Normal value,6,Millions,USD,US dollar
DATAFLOW,OECD.SDD.NAD:DSD_NAMAIN1@DF_QNA_EXPENDITURE_USD(1.1),"Quarterly GDP and components - expenditure approach, US Dollars",I,Q,Quarterly,Y,Calendar and seasonally adjusted,DEU,Germany,S1,Total economy,S1,Total economy,B1GQ,Gross domestic product,_Z,Not applicable,_Z,Not applicable,_Z,Not applicable,USD_PPP,"US dollars, PPP converted",LR,Chain linked volume (rebased),LA,Annual levels,T0102,Table 0102 - GDP identity from the expenditure side,2007-Q3,,4415623.3,,2020,,,,F,Free (free for publication),1,One,A,Normal value,6,Millions,USD,US dollar
DATAFLOW,OECD.SDD.NAD:DSD_NAMAIN1@DF_QNA_EXPENDITURE_USD(1.1),"Quarterly GDP and components - expenditure approach, US Dollars",I,Q,Quarterly,Y,Calendar and seasonally adjusted,DEU,Germany,S1,Total economy,S1,Total economy,B1GQ,Gross domestic product,_Z,Not applicable,_Z,Not applicable,_Z,Not applicable,USD_PPP,"US dollars, PPP converted",LR,Chain linked volume (rebased),LA,Annual levels,T0102,Table 0102 - GDP identity from the expenditure side,2007-Q4,,4449570.7,,2020,,,,F,Free (free for publication),1,One,A,Normal value,6,Millions,USD,US dollar
DATAFLOW,OECD.SDD.NAD:DSD_NAMAIN1@DF_QNA_EXPENDITURE_USD(1.1),"Quarterly GDP and components - expenditure approach, US Dollars",I,Q,Quarterly,Y,Calendar and seasonally adjusted,DEU,Germany,S1,Total economy,S1,Total economy,B1GQ,Gross domestic product,_Z,Not applicable,_Z,Not applicable,_Z,Not applicable,USD_PPP,"US dollars, PPP converted",LR,Chain linked volume (rebased),LA,Annual levels,T0102,Table 0102 - GDP identity from the expenditure side,2008-Q1,,4473927.4,,2020,,,,F,Free (free for publication),1,One,A,Normal value,6,Millions,USD,US dollar
DATAFLOW,OECD.SDD.NAD:DSD_NAMAIN1@DF_QNA_EXPENDITURE_USD(1.1),"Quarterly GDP and components - expenditure approach, US Dollars",I,Q,Quarterly,Y,Calendar and seasonally adjusted,DEU,Germany,S1,Total economy,S1,Total economy,B1GQ,Gross domestic product,_Z,Not applicable,_Z,Not applicable,_Z,Not applicable,USD_PPP,"US dollars, PPP converted",LR,Chain linked volume (rebased),LA,Annual levels,T0102,Table 0102 - GDP identity from the expenditure side,2008-Q2,,4456706.8,,2020,,,,F,Free (free for publication),1,One,A,Normal value,6,Millions,USD,US dollar
DATAFLOW,OECD.SDD.NAD:DSD_NAMAIN1@DF_QNA_EXPENDITURE_USD(1.1),"Quarterly GDP and components - expenditure approach, US Dollars",I,Q,Quarterly,Y,Calendar and seasonally adjusted,DEU,Germany,S1,Total economy,S1,Total economy,B1GQ,Gross domestic product,_Z,Not applicable,_Z,Not applicable,_Z,Not applicable,USD_PPP,"US dollars, PPP converted",LR,Chain linked volume (rebased),LA,Annual levels,T0102,Table 0102 - GDP identity from the expenditure side,2008-Q3,,4432597.9,,2020,,,,F,Free (free for publication),1,One,A,Normal value,6,Millions,USD,US dollar
DATAFLOW,OECD.SDD.NAD:DSD_NAMAIN1@DF_QNA_EXPENDITURE_USD(1.1),"Quarterly GDP and components - expenditure approach, US Dollars",I,Q,Quarterly,Y,Calendar and seasonally adjusted,DEU,Germany,S1,Total economy,S1,Total economy,B1GQ,Gross domestic product,_Z,Not applicable,_Z,Not applicable,_Z,Not applicable,USD_PPP,"US dollars, PPP converted",LR,Chain linked volume (rebased),LA,Annual levels,T0102,Table 0102 - GDP identity from the expenditure side,2008-Q4,,4364699.2,,2020,,,,F,Free (free for publication),1,One,A,Normal value,6,Millions,USD,US dollar
DATAFLOW,OECD.SDD.NAD:DSD_NAMAIN1@DF_QNA_EXPENDITURE_USD(1.1),"Quarterly GDP and components - expenditure approach, US Dollars",I,Q,Quarterly,Y,Calendar and seasonally adjusted,DEU,Germany,S1,Total economy,S1,Total economy,B1GQ,Gross domestic product,_Z,Not applicable,_Z,Not applicable,_Z,Not applicable,USD_PPP,"US dollars, PPP converted",LR,Chain linked volume (rebased),LA,Annual levels,T0102,Table 0102 - GDP identity from the expenditure side,2009-Q1,,4159412,,2020,,,,F,Free (free for publication),1,One,A,Normal value,6,Millions,USD,US dollar
DATAFLOW,OECD.SDD.NAD:DSD_NAMAIN1@DF_QNA_EXPENDITURE_USD(1.1),"Quarterly GDP and components - expenditure approach, US Dollars",I,Q,Quarterly,Y,Calendar and seasonally adjusted,DEU,Germany,S1,Total economy,S1,Total economy,B1GQ,Gross domestic product,_Z,Not applicable,_Z,Not applicable,_Z,Not applicable,USD_PPP,"US dollars, PPP converted",LR,Chain linked volume (rebased),LA,Annual levels,T0102,Table 0102 - GDP identity from the expenditure side,2009-Q2,,4169744.1,,2020,,,,F,Free (free for publication),1,One,A,Normal value,6,Millions,USD,US dollar
DATAFLOW,OECD.SDD.NAD:DSD_NAMAIN1@DF_QNA_EXPENDITURE_USD(1.1),"Quarterly GDP and components - expenditure approach, US Dollars",I,Q,Quarterly,Y,Calendar and seasonally adjusted,DEU,Germany,S1,Total economy,S1,Total economy,B1GQ,Gross domestic product,_Z,Not applicable,_Z,Not applicable,_Z,Not applicable,USD_PPP,"US dollars, PPP converted",LR,Chain linked volume (rebased),LA,Annual levels,T0102,Table 0102 - GDP identity from the expenditure side,2009-Q3,,4196312.3,,2020,,,,F,Free (free for publication),1,One,A,Normal value,6,Millions,USD,US dollar
DATAFLOW,OECD.SDD.NAD:DSD_NAMAIN1@DF_QNA_EXPENDITURE_USD(1.1),"Quarterly GDP and components - expenditure approach, US Dollars",I,Q,Quarterly,Y,Calendar and seasonally adjusted,DEU,Germany,S1,Total economy,S1,Total economy,B1GQ,Gross domestic product,_Z,Not applicable,_Z,Not applicable,_Z,Not applicable,USD_PPP,"US dollars, PPP converted",LR,Chain linked volume (rebased),LA,Annual levels,T0102,Table 0102 - GDP identity from the expenditure side,2009-Q4,,4228292.7,,2020,,,,F,Free (free for publication),1,One,A,Normal value,6,Millions,USD,US dollar
DATAFLOW,OECD.SDD.NAD:DSD_NAMAIN1@DF_QNA_EXPENDITURE_USD(1.1),"Quarterly GDP and components - expenditure approach, US Dollars",I,Q,Quarterly,Y,Calendar and seasonally adjusted,DEU,Germany,S1,Total economy,S1,Total economy,B1GQ,Gross domestic product,_Z,Not applicable,_Z,Not applicable,_Z,Not applicable,USD_PPP,"US dollars, PPP converted",LR,Chain linked volume (rebased),LA,Annual levels,T0102,Table 0102 - GDP identity from the expenditure side,2010-Q1,,4258797,,2020,,,,F,Free (free for publication),1,One,A,Normal value,6,Millions,USD,US dollar
DATAFLOW,OECD.SDD.NAD:DSD_NAMAIN1@DF_QNA_EXPENDITURE_USD(1.1),"Quarterly GDP and components - expenditure approach, US Dollars",I,Q,Quarterly,Y,Calendar and seasonally adjusted,DEU,Germany,S1,Total economy,S1,Total economy,B1GQ,Gross domestic product,_Z,Not applicable,_Z,Not applicable,_Z,Not applicable,USD_PPP,"US dollars, PPP converted",LR,Chain linked volume (rebased),LA,Annual levels,T0102,Table 0102 - GDP identity from the expenditure side,2010-Q2,,4350802,,2020,,,,F,Free (free for publication),1,One,A,Normal value,6,Millions,USD,US dollar
DATAFLOW,OECD.SDD.NAD:DSD_NAMAIN1@DF_QNA_EXPENDITURE_USD(1.1),"Quarterly GDP and components - expenditure approach, US Dollars",I,Q,Quarterly,Y,Calendar and seasonally adjusted,DEU,Germany,S1,Total economy,S1,Total economy,B1GQ,Gross domestic product,_Z,Not applicable,_Z,Not applicable,_Z,Not applicable,USD_PPP,"US dollars, PPP converted",LR,Chain linked volume (rebased),LA,Annual levels,T0102,Table 0102 - GDP identity from the expenditure side,2010-Q3,,4393114.3,,2020,,,,F,Free (free for publication),1,One,A,Normal value,6,Millions,USD,US dollar
DATAFLOW,OECD.SDD.NAD:DSD_NAMAIN1@DF_QNA_EXPENDITURE_USD(1.1),"Quarterly GDP and components - expenditure approach, US Dollars",I,Q,Quarterly,Y,Calendar and seasonally adjusted,DEU,Germany,S1,Total economy,S1,Total economy,B1GQ,Gross domestic product,_Z,Not applicable,_Z,Not applicable,_Z,Not applicable,USD_PPP,"US dollars, PPP converted",LR,Chain linked volume (rebased),LA,Annual levels,T0102,Table 0102 - GDP identity from the expenditure side,2010-Q4,,4421158.8,,2020,,,,F,Free (free for publication),1,One,A,Normal value,6,Millions,USD,US dollar
DATAFLOW,OECD.SDD.NAD:DSD_NAMAIN1@DF_QNA_EXPENDITURE_USD(1.1),"Quarterly GDP and components - expenditure approach, US Dollars",I,Q,Quarterly,Y,Calendar and seasonally adjusted,DEU,Germany,S1,Total economy,S1,Total economy,B1GQ,Gross domestic product,_Z,Not applicable,_Z,Not applicable,_Z,Not applicable,USD_PPP,"US dollars, PPP converted",LR,Chain linked volume (rebased),LA,Annual levels,T0102,Table 0102 - GDP identity from the expenditure side,2011-Q1,,4501355.6,,2020,,,,F,Free (free for publication),1,One,A,Normal value,6,Millions,USD,US dollar
DATAFLOW,OECD.SDD.NAD:DSD_NAMAIN1@DF_QNA_EXPENDITURE_USD(1.1),"Quarterly GDP and components - expenditure approach, US Dollars",I,Q,Quarterly,Y,Calendar and seasonally adjusted,DEU,Germany,S1,Total economy,S1,Total economy,B1GQ,Gross domestic product,_Z,Not applicable,_Z,Not applicable,_Z,Not applicable,USD_PPP,"US dollars, PPP converted",LR,Chain linked volume (rebased),LA,Annual levels,T0102,Table 0102 - GDP identity from the expenditure side,2011-Q2,,4515131.5,,2020,,,,F,Free (free for publication),1,One,A,Normal value,6,Millions,USD,US dollar
DATAFLOW,OECD.SDD.NAD:DSD_NAMAIN1@DF_QNA_EXPENDITURE_USD(1.1),"Quarterly GDP and components - expenditure approach, US Dollars",I,Q,Quarterly,Y,Calendar and seasonally adjusted,DEU,Germany,S1,Total economy,S1,Total economy,B1GQ,Gross domestic product,_Z,Not applicable,_Z,Not applicable,_Z,Not applicable,USD_PPP,"US dollars, PPP converted",LR,Chain linked volume (rebased),LA,Annual levels,T0102,Table 0102 - GDP identity from the expenditure side,2011-Q3,,4539239.8,,2020,,,,F,Free (free for publication),1,One,A,Normal value,6,Millions,USD,US dollar
DATAFLOW,OECD.SDD.NAD:DSD_NAMAIN1@DF_QNA_EXPENDITURE_USD(1.1),"Quarterly GDP and components - expenditure approach, US Dollars",I,Q,Quarterly,Y,Calendar and seasonally adjusted,DEU,Germany,S1,Total economy,S1,Total economy,B1GQ,Gross domestic product,_Z,Not applicable,_Z,Not applicable,_Z,Not applicable,USD_PPP,"US dollars, PPP converted",LR,Chain linked volume (rebased),LA,Annual levels,T0102,Table 0102 - GDP identity from the expenditure side,2011-Q4,,4537763.9,,2020,,,,F,Free (free for publication),1,One,A,Normal value,6,Millions,USD,US dollar
DATAFLOW,OECD.SDD.NAD:DSD_NAMAIN1@DF_QNA_EXPENDITURE_USD(1.1),"Quarterly GDP and components - expenditure approach, US Dollars",I,Q,Quarterly,Y,Calendar and seasonally adjusted,DEU,Germany,S1,Total economy,S1,Total economy,B1GQ,Gross domestic product,_Z,Not applicable,_Z,Not applicable,_Z,Not applicable,USD_PPP,"US dollars, PPP converted",LR,Chain linked volume (rebased),LA,Annual levels,T0102,Table 0102 - GDP identity from the expenditure side,2012-Q1,,4550556.1,,2020,,,,F,Free (free for publication),1,One,A,Normal value,6,Millions,USD,US dollar
DATAFLOW,OECD.SDD.NAD:DSD_NAMAIN1@DF_QNA_EXPENDITURE_USD(1.1),"Quarterly GDP and components - expenditure approach, US Dollars",I,Q,Quarterly,Y,Calendar and seasonally adjusted,DEU,Germany,S1,Total economy,S1,Total economy,B1GQ,Gross domestic product,_Z,Not applicable,_Z,Not applicable,_Z,Not applicable,USD_PPP,"US dollars, PPP converted",LR,Chain linked volume (rebased),LA,Annual levels,T0102,Table 0102 - GDP identity from the expenditure side,2012-Q2,,4556952.1,,2020,,,,F,Free (free for publication),1,One,A,Normal value,6,Millions,USD,US dollar
DATAFLOW,OECD.SDD.NAD:DSD_NAMAIN1@DF_QNA_EXPENDITURE_USD(1.1),"Quarterly GDP and components - expenditure approach, US Dollars",I,Q,Quarterly,Y,Calendar and seasonally adjusted,DEU,Germany,S1,Total economy,S1,Total economy,B1GQ,Gross domestic product,_Z,Not applicable,_Z,Not applicable,_Z,Not applicable,USD_PPP,"US dollars, PPP converted",LR,Chain linked volume (rebased),LA,Annual levels,T0102,Table 0102 - GDP identity from the expenditure side,2012-Q3,,4563347.9,,2020,,,,F,Free (free for publication),1,One,A,Normal value,6,Millions,USD,US dollar
DATAFLOW,OECD.SDD.NAD:DSD_NAMAIN1@DF_QNA_EXPENDITURE_USD(1.1),"Quarterly GDP and components - expenditure approach, US Dollars",I,Q,Quarterly,Y,Calendar and seasonally adjusted,DEU,Germany,S1,Total economy,S1,Total economy,B1GQ,Gross domestic product,_Z,Not applicable,_Z,Not applicable,_Z,Not applicable,USD_PPP,"US dollars, PPP converted",LR,Chain linked volume (rebased),LA,Annual levels,T0102,Table 0102 - GDP identity from the expenditure side,2012-Q4,,4550555.8,,2020,,,,F,Free (free for publication),1,One,A,Normal value,6,Millions,USD,US dollar
DATAFLOW,OECD.SDD.NAD:DSD_NAMAIN1@DF_QNA_EXPENDITURE_USD(1.1),"Quarterly GDP and components - expenditure approach, US Dollars",I,Q,Quarterly,Y,Calendar and seasonally adjusted,DEU,Germany,S1,Total economy,S1,Total economy,B1GQ,Gross domestic product,_Z,Not applicable,_Z,Not applicable,_Z,Not applicable,USD_PPP,"US dollars, PPP converted",LR,Chain linked volume (rebased),LA,Annual levels,T0102,Table 0102 - GDP identity from the expenditure side,2013-Q1,,4526569.4,,2020,,,,F,Free (free for publication),1,One,A,Normal value,6,Millions,USD,US dollar
DATAFLOW,OECD.SDD.NAD:DSD_NAMAIN1@DF_QNA_EXPENDITURE_USD(1.1),"Quarterly GDP and components - expenditure approach, US Dollars",I,Q,Quarterly,Y,Calendar and seasonally adjusted,DEU,Germany,S1,Total economy,S1,Total economy,B1GQ,Gross domestic product,_Z,Not applicable,_Z,Not applicable,_Z,Not applicable,USD_PPP,"US dollars, PPP converted",LR,Chain linked volume (rebased),LA,Annual levels,T0102,Table 0102 - GDP identity from the expenditure side,2013-Q2,,4584627.6,,2020,,,,F,Free (free for publication),1,One,A,Normal value,6,Millions,USD,US dollar
DATAFLOW,OECD.SDD.NAD:DSD_NAMAIN1@DF_QNA_EXPENDITURE_USD(1.1),"Quarterly GDP and components - expenditure approach, US Dollars",I,Q,Quarterly,Y,Calendar and seasonally adjusted,DEU,Germany,S1,Total economy,S1,Total economy,B1GQ,Gross domestic product,_Z,Not applicable,_Z,Not applicable,_Z,Not applicable,USD_PPP,"US dollars, PPP converted",LR,Chain linked volume (rebased),LA,Annual levels,T0102,Table 0102 - GDP identity from the expenditure side,2013-Q3,,4603324.4,,2020,,,,F,Free (free for publication),1,One,A,Normal value,6,Millions,USD,US dollar
DATAFLOW,OECD.SDD.NAD:DSD_NAMAIN1@DF_QNA_EXPENDITURE_USD(1.1),"Quarterly GDP and components - expenditure approach, US Dollars",I,Q,Quarterly,Y,Calendar and seasonally adjusted,DEU,Germany,S1,Total economy,S1,Total economy,B1GQ,Gross domestic product,_Z,Not applicable,_Z,Not applicable,_Z,Not applicable,USD_PPP,"US dollars, PPP converted",LR,Chain linked volume (rebased),LA,Annual levels,T0102,Table 0102 - GDP identity from the expenditure side,2013-Q4,,4611196.3,,2020,,,,F,Free (free for publication),1,One,A,Normal value,6,Millions,USD,US dollar
DATAFLOW,OECD.SDD.NAD:DSD_NAMAIN1@DF_QNA_EXPENDITURE_USD(1.1),"Quarterly GDP and components - expenditure approach, US Dollars",I,Q,Quarterly,Y,Calendar and seasonally adjusted,DEU,Germany,S1,Total economy,S1,Total economy,B1GQ,Gross domestic product,_Z,Not applicable,_Z,Not applicable,_Z,Not applicable,USD_PPP,"US dollars, PPP converted",LR,Chain linked volume (rebased),LA,Annual levels,T0102,Table 0102 - GDP identity from the expenditure side,2014-Q1,,4660765.2,,2020,,,,F,Free (free for publication),1,One,A,Normal value,6,Millions,USD,US dollar
DATAFLOW,OECD.SDD.NAD:DSD_NAMAIN1@DF_QNA_EXPENDITURE_USD(1.1),"Quarterly GDP and components - expenditure approach, US Dollars",I,Q,Quarterly,Y,Calendar and seasonally adjusted,DEU,Germany,S1,Total economy,S1,Total economy,B1GQ,Gross domestic product,_Z,Not applicable,_Z,Not applicable,_Z,Not applicable,USD_PPP,"US dollars, PPP converted",LR,Chain linked volume (rebased),LA,Annual levels,T0102,Table 0102 - GDP identity from the expenditure side,2014-Q2,,4663717,,2020,,,,F,Free (free for publication),1,One,A,Normal value,6,Millions,USD,US dollar
DATAFLOW,OECD.SDD.NAD:DSD_NAMAIN1@DF_QNA_EXPENDITURE_USD(1.1),"Quarterly GDP and components - expenditure approach, US Dollars",I,Q,Quarterly,Y,Calendar and seasonally adjusted,DEU,Germany,S1,Total economy,S1,Total economy,B1GQ,Gross domestic product,_Z,Not applicable,_Z,Not applicable,_Z,Not applicable,USD_PPP,"US dollars, PPP converted",LR,Chain linked volume (rebased),LA,Annual levels,T0102,Table 0102 - GDP identity from the expenditure side,2014-Q3,,4685365.5,,2020,,,,F,Free (free for publication),1,One,A,Normal value,6,Millions,USD,US dollar
DATAFLOW,OECD.SDD.NAD:DSD_NAMAIN1@DF_QNA_EXPENDITURE_USD(1.1),"Quarterly GDP and components - expenditure approach, US Dollars",I,Q,Quarterly,Y,Calendar and seasonally adjusted,DEU,Germany,S1,Total economy,S1,Total economy,B1GQ,Gross domestic product,_Z,Not applicable,_Z,Not applicable,_Z,Not applicable,USD_PPP,"US dollars, PPP converted",LR,Chain linked volume (rebased),LA,Annual levels,T0102,Table 0102 - GDP identity from the expenditure side,2014-Q4,,4724725.9,,2020,,,,F,Free (free for publication),1,One,A,Normal value,6,Millions,USD,US dollar
DATAFLOW,OECD.SDD.NAD:DSD_NAMAIN1@DF_QNA_EXPENDITURE_USD(1.1),"Quarterly GDP and components - expenditure approach, US Dollars",I,Q,Quarterly,Y,Calendar and seasonally adjusted,DEU,Germany,S1,Total economy,S1,Total economy,B1GQ,Gross domestic product,_Z,Not applicable,_Z,Not applicable,_Z,Not applicable,USD_PPP,"US dollars, PPP converted",LR,Chain linked volume (rebased),LA,Annual levels,T0102,Table 0102 - GDP identity from the expenditure side,2015-Q1,,4714763.7,,2020,,,,F,Free (free for publication),1,One,A,Normal value,6,Millions,USD,US dollar
DATAFLOW,OECD.SDD.NAD:DSD_NAMAIN1@DF_QNA_EXPENDITURE_USD(1.1),"Quarterly GDP and components - expenditure approach, US Dollars",I,Q,Quarterly,Y,Calendar and seasonally adjusted,DEU,Germany,S1,Total economy,S1,Total economy,B1GQ,Gross domestic product,_Z,Not applicable,_Z,Not applicable,_Z,Not applicable,USD_PPP,"US dollars, PPP converted",LR,Chain linked volume (rebased),LA,Annual levels,T0102,Table 0102 - GDP identity from the expenditure side,2015-Q2,,4744283.4,,2020,,,,F,Free (free for publication),1,One,A,Normal value,6,Millions,USD,US dollar
DATAFLOW,OECD.SDD.NAD:DSD_NAMAIN1@DF_QNA_EXPENDITURE_USD(1.1),"Quarterly GDP and components - expenditure approach, US Dollars",I,Q,Quarterly,Y,Calendar and seasonally adjusted,DEU,Germany,S1,Total economy,S1,Total economy,B1GQ,Gross domestic product,_Z,Not applicable,_Z,Not applicable,_Z,Not applicable,USD_PPP,"US dollars, PPP converted",LR,Chain linked volume (rebased),LA,Annual levels,T0102,Table 0102 - GDP identity from the expenditure side,2015-Q3,,4767899.1,,2020,,,,F,Free (free for publication),1,One,A,Normal value,6,Millions,USD,US dollar
DATAFLOW,OECD.SDD.NAD:DSD_NAMAIN1@DF_QNA_EXPENDITURE_USD(1.1),"Quarterly GDP and components - expenditure approach, US Dollars",I,Q,Quarterly,Y,Calendar and seasonally adjusted,DEU,Germany,S1,Total economy,S1,Total economy,B1GQ,Gross domestic product,_Z,Not applicable,_Z,Not applicable,_Z,Not applicable,USD_PPP,"US dollars, PPP converted",LR,Chain linked volume (rebased),LA,Annual levels,T0102,Table 0102 - GDP identity from the expenditure side,2015-Q4,,4792990.5,,2020,,,,F,Free (free for publication),1,One,A,Normal value,6,Millions,USD,US dollar
DATAFLOW,OECD.SDD.NAD:DSD_NAMAIN1@DF_QNA_EXPENDITURE_USD(1.1),"Quarterly GDP and components - expenditure approach, US Dollars",I,Q,Quarterly,Y,Calendar and seasonally adjusted,DEU,Germany,S1,Total economy,S1,Total economy,B1GQ,Gross domestic product,_Z,Not applicable,_Z,Not applicable,_Z,Not applicable,USD_PPP,"US dollars, PPP converted",LR,Chain linked volume (rebased),LA,Annual levels,T0102,Table 0102 - GDP identity from the expenditure side,2016-Q1,,4834320.7,,2020,,,,F,Free (free for publication),1,One,A,Normal value,6,Millions,USD,US dollar
DATAFLOW,OECD.SDD.NAD:DSD_NAMAIN1@DF_QNA_EXPENDITURE_USD(1.1),"Quarterly GDP and components - expenditure approach, US Dollars",I,Q,Quarterly,Y,Calendar and seasonally adjusted,DEU,Germany,S1,Total economy,S1,Total economy,B1GQ,Gross domestic product,_Z,Not applicable,_Z,Not applicable,_Z,Not applicable,USD_PPP,"US dollars, PPP converted",LR,Chain linked volume (rebased),LA,Annual levels,T0102,Table 0102 - GDP identity from the expenditure side,2016-Q2,,4848096.2,,2020,,,,F,Free (free for publication),1,One,A,Normal value,6,Millions,USD,US dollar
DATAFLOW,OECD.SDD.NAD:DSD_NAMAIN1@DF_QNA_EXPENDITURE_USD(1.1),"Quarterly GDP and components - expenditure approach, US Dollars",I,Q,Quarterly,Y,Calendar and seasonally adjusted,DEU,Germany,S1,Total economy,S1,Total economy,B1GQ,Gross domestic product,_Z,Not applicable,_Z,Not applicable,_Z,Not applicable,USD_PPP,"US dollars, PPP converted",LR,Chain linked volume (rebased),LA,Annual levels,T0102,Table 0102 - GDP identity from the expenditure side,2016-Q3,,4867775.9,,2020,,,,F,Free (free for publication),1,One,A,Normal value,6,Millions,USD,US dollar
DATAFLOW,OECD.SDD.NAD:DSD_NAMAIN1@DF_QNA_EXPENDITURE_USD(1.1),"Quarterly GDP and components - expenditure approach, US Dollars",I,Q,Quarterly,Y,Calendar and seasonally adjusted,DEU,Germany,S1,Total economy,S1,Total economy,B1GQ,Gross domestic product,_Z,Not applicable,_Z,Not applicable,_Z,Not applicable,USD_PPP,"US dollars, PPP converted",LR,Chain linked volume (rebased),LA,Annual levels,T0102,Table 0102 - GDP identity from the expenditure side,2016-Q4,,4889915.9,,2020,,,,F,Free (free for publication),1,One,A,Normal value,6,Millions,USD,US dollar
DATAFLOW,OECD.SDD.NAD:DSD_NAMAIN1@DF_QNA_EXPENDITURE_USD(1.1),"Quarterly GDP and components - expenditure approach, US Dollars",I,Q,Quarterly,Y,Calendar and seasonally adjusted,DEU,Germany,S1,Total economy,S1,Total economy,B1GQ,Gross domestic product,_Z,Not applicable,_Z,Not applicable,_Z,Not applicable,USD_PPP,"US dollars, PPP converted",LR,Chain linked volume (rebased),LA,Annual levels,T0102,Table 0102 - GDP identity from the expenditure side,2017-Q1,,4952645.8,,2020,,,,F,Free (free for publication),1,One,A,Normal value,6,Millions,USD,US dollar
DATAFLOW,OECD.SDD.NAD:DSD_NAMAIN1@DF_QNA_EXPENDITURE_USD(1.1),"Quarterly GDP and components - expenditure approach, US Dollars",I,Q,Quarterly,Y,Calendar and seasonally adjusted,DEU,Germany,S1,Total economy,S1,Total economy,B1GQ,Gross domestic product,_Z,Not applicable,_Z,Not applicable,_Z,Not applicable,USD_PPP,"US dollars, PPP converted",LR,Chain linked volume (rebased),LA,Annual levels,T0102,Table 0102 - GDP identity from the expenditure side,2017-Q2,,4990039,,2020,,,,F,Free (free for publication),1,One,A,Normal value,6,Millions,USD,US dollar
DATAFLOW,OECD.SDD.NAD:DSD_NAMAIN1@DF_QNA_EXPENDITURE_USD(1.1),"Quarterly GDP and components - expenditure approach, US Dollars",I,Q,Quarterly,Y,Calendar and seasonally adjusted,DEU,Germany,S1,Total economy,S1,Total economy,B1GQ,Gross domestic product,_Z,Not applicable,_Z,Not applicable,_Z,Not applicable,USD_PPP,"US dollars, PPP converted",LR,Chain linked volume (rebased),LA,Annual levels,T0102,Table 0102 - GDP identity from the expenditure side,2017-Q3,,5032352.6,,2020,,,,F,Free (free for publication),1,One,A,Normal value,6,Millions,USD,US dollar
DATAFLOW,OECD.SDD.NAD:DSD_NAMAIN1@DF_QNA_EXPENDITURE_USD(1.1),"Quarterly GDP and components - expenditure approach, US Dollars",I,Q,Quarterly,Y,Calendar and seasonally adjusted,DEU,Germany,S1,Total economy,S1,Total economy,B1GQ,Gross domestic product,_Z,Not applicable,_Z,Not applicable,_Z,Not applicable,USD_PPP,"US dollars, PPP converted",LR,Chain linked volume (rebased),LA,Annual levels,T0102,Table 0102 - GDP identity from the expenditure side,2017-Q4,,5084998.5,,2020,,,,F,Free (free for publication),1,One,A,Normal value,6,Millions,USD,US dollar
DATAFLOW,OECD.SDD.NAD:DSD_NAMAIN1@DF_QNA_EXPENDITURE_USD(1.1),"Quarterly GDP and components - expenditure approach, US Dollars",I,Q,Quarterly,Y,Calendar and seasonally adjusted,DEU,Germany,S1,Total economy,S1,Total economy,B1GQ,Gross domestic product,_Z,Not applicable,_Z,Not applicable,_Z,Not applicable,USD_PPP,"US dollars, PPP converted",LR,Chain linked volume (rebased),LA,Annual levels,T0102,Table 0102 - GDP identity from the expenditure side,2018-Q1,,5059289.6,,2020,,,,F,Free (free for publication),1,One,A,Normal value,6,Millions,USD,US dollar
DATAFLOW,OECD.SDD.NAD:DSD_NAMAIN1@DF_QNA_EXPENDITURE_USD(1.1),"Quarterly GDP and components - expenditure approach, US Dollars",I,Q,Quarterly,Y,Calendar and seasonally adjusted,DEU,Germany,S1,Total economy,S1,Total economy,B1GQ,Gross domestic product,_Z,Not applicable,_Z,Not applicable,_Z,Not applicable,USD_PPP,"US dollars, PPP converted",LR,Chain linked volume (rebased),LA,Annual levels,T0102,Table 0102 - GDP identity from the expenditure side,2018-Q2,,5093730,,2020,,,,F,Free (free for publication),1,One,A,Normal value,6,Millions,USD,US dollar
DATAFLOW,OECD.SDD.NAD:DSD_NAMAIN1@DF_QNA_EXPENDITURE_USD(1.1),"Quarterly GDP and components - expenditure approach, US Dollars",I,Q,Quarterly,Y,Calendar and seasonally adjusted,DEU,Germany,S1,Total economy,S1,Total economy,B1GQ,Gross domestic product,_Z,Not applicable,_Z,Not applicable,_Z,Not applicable,USD_PPP,"US dollars, PPP converted",LR,Chain linked volume (rebased),LA,Annual levels,T0102,Table 0102 - GDP identity from the expenditure side,2018-Q3,,5071589.3,,2020,,,,F,Free (free for publication),1,One,A,Normal value,6,Millions,USD,US dollar
DATAFLOW,OECD.SDD.NAD:DSD_NAMAIN1@DF_QNA_EXPENDITURE_USD(1.1),"Quarterly GDP and components - expenditure approach, US Dollars",I,Q,Quarterly,Y,Calendar and seasonally adjusted,DEU,Germany,S1,Total economy,S1,Total economy,B1GQ,Gross domestic product,_Z,Not applicable,_Z,Not applicable,_Z,Not applicable,USD_PPP,"US dollars, PPP converted",LR,Chain linked volume (rebased),LA,Annual levels,T0102,Table 0102 - GDP identity from the expenditure side,2018-Q4,,5091269.8,,2020,,,,F,Free (free for publication),1,One,A,Normal value,6,Millions,USD,US dollar
DATAFLOW,OECD.SDD.NAD:DSD_NAMAIN1@DF_QNA_EXPENDITURE_USD(1.1),"Quarterly GDP and components - expenditure approach, US Dollars",I,Q,Quarterly,Y,Calendar and seasonally adjusted,DEU,Germany,S1,Total economy,S1,Total economy,B1GQ,Gross domestic product,_Z,Not applicable,_Z,Not applicable,_Z,Not applicable,USD_PPP,"US dollars, PPP converted",LR,Chain linked volume (rebased),LA,Annual levels,T0102,Table 0102 - GDP identity from the expenditure side,2019-Q1,,5127678.1,,2020,,,,F,Free (free for publication),1,One,A,Normal value,6,Millions,USD,US dollar
DATAFLOW,OECD.SDD.NAD:DSD_NAMAIN1@DF_QNA_EXPENDITURE_USD(1.1),"Quarterly GDP and components - expenditure approach, US Dollars",I,Q,Quarterly,Y,Calendar and seasonally adjusted,DEU,Germany,S1,Total economy,S1,Total economy,B1GQ,Gross domestic product,_Z,Not applicable,_Z,Not applicable,_Z,Not applicable,USD_PPP,"US dollars, PPP converted",LR,Chain linked volume (rebased),LA,Annual levels,T0102,Table 0102 - GDP identity from the expenditure side,2019-Q2,,5127678.1,,2020,,,,F,Free (free for publication),1,One,A,Normal value,6,Millions,USD,US dollar
DATAFLOW,OECD.SDD.NAD:DSD_NAMAIN1@DF_QNA_EXPENDITURE_USD(1.1),"Quarterly GDP and components - expenditure approach, US Dollars",I,Q,Quarterly,Y,Calendar and seasonally adjusted,DEU,Germany,S1,Total economy,S1,Total economy,B1GQ,Gross domestic product,_Z,Not applicable,_Z,Not applicable,_Z,Not applicable,USD_PPP,"US dollars, PPP converted",LR,Chain linked volume (rebased),LA,Annual levels,T0102,Table 0102 - GDP identity from the expenditure side,2019-Q3,,5155722.1,,2020,,,,F,Free (free for publication),1,One,A,Normal value,6,Millions,USD,US dollar
DATAFLOW,OECD.SDD.NAD:DSD_NAMAIN1@DF_QNA_EXPENDITURE_USD(1.1),"Quarterly GDP and components - expenditure approach, US Dollars",I,Q,Quarterly,Y,Calendar and seasonally adjusted,DEU,Germany,S1,Total economy,S1,Total economy,B1GQ,Gross domestic product,_Z,Not applicable,_Z,Not applicable,_Z,Not applicable,USD_PPP,"US dollars, PPP converted",LR,Chain linked volume (rebased),LA,Annual levels,T0102,Table 0102 - GDP identity from the expenditure side,2019-Q4,,5131614,,2020,,,,F,Free (free for publication),1,One,A,Normal value,6,Millions,USD,US dollar
DATAFLOW,OECD.SDD.NAD:DSD_NAMAIN1@DF_QNA_EXPENDITURE_USD(1.1),"Quarterly GDP and components - expenditure approach, US Dollars",I,Q,Quarterly,Y,Calendar and seasonally adjusted,DEU,Germany,S1,Total economy,S1,Total economy,B1GQ,Gross domestic product,_Z,Not applicable,_Z,Not applicable,_Z,Not applicable,USD_PPP,"US dollars, PPP converted",LR,Chain linked volume (rebased),LA,Annual levels,T0102,Table 0102 - GDP identity from the expenditure side,2020-Q1,,5035307.3,,2020,,,,F,Free (free for publication),1,One,A,Normal value,6,Millions,USD,US dollar
DATAFLOW,OECD.SDD.NAD:DSD_NAMAIN1@DF_QNA_EXPENDITURE_USD(1.1),"Quarterly GDP and components - expenditure approach, US Dollars",I,Q,Quarterly,Y,Calendar and seasonally adjusted,DEU,Germany,S1,Total economy,S1,Total economy,B1GQ,Gross domestic product,_Z,Not applicable,_Z,Not applicable,_Z,Not applicable,USD_PPP,"US dollars, PPP converted",LR,Chain linked volume (rebased),LA,Annual levels,T0102,Table 0102 - GDP identity from the expenditure side,2020-Q2,,4585111.1,,2020,,,,F,Free (free for publication),1,One,A,Normal value,6,Millions,USD,US dollar
DATAFLOW,OECD.SDD.NAD:DSD_NAMAIN1@DF_QNA_EXPENDITURE_USD(1.1),"Quarterly GDP and components - expenditure approach, US Dollars",I,Q,Quarterly,Y,Calendar and seasonally adjusted,DEU,Germany,S1,Total economy,S1,Total economy,B1GQ,Gross domestic product,_Z,Not applicable,_Z,Not applicable,_Z,Not applicable,USD_PPP,"US dollars, PPP converted",LR,Chain linked volume (rebased),LA,Annual levels,T0102,Table 0102 - GDP identity from the expenditure side,2020-Q3,,4988073.8,,2020,,,,F,Free (free for publication),1,One,A,Normal value,6,Millions,USD,US dollar
DATAFLOW,OECD.SDD.NAD:DSD_NAMAIN1@DF_QNA_EXPENDITURE_USD(1.1),"Quarterly GDP and components - expenditure approach, US Dollars",I,Q,Quarterly,Y,Calendar and seasonally adjusted,DEU,Germany,S1,Total economy,S1,Total economy,B1GQ,Gross domestic product,_Z,Not applicable,_Z,Not applicable,_Z,Not applicable,USD_PPP,"US dollars, PPP converted",LR,Chain linked volume (rebased),LA,Annual levels,T0102,Table 0102 - GDP identity from the expenditure side,2020-Q4,,5029895.1,,2020,,,,F,Free (free for publication),1,One,A,Normal value,6,Millions,USD,US dollar
DATAFLOW,OECD.SDD.NAD:DSD_NAMAIN1@DF_QNA_EXPENDITURE_USD(1.1),"Quarterly GDP and components - expenditure approach, US Dollars",I,Q,Quarterly,Y,Calendar and seasonally adjusted,DEU,Germany,S1,Total economy,S1,Total economy,B1GQ,Gross domestic product,_Z,Not applicable,_Z,Not applicable,_Z,Not applicable,USD_PPP,"US dollars, PPP converted",LR,Chain linked volume (rebased),LA,Annual levels,T0102,Table 0102 - GDP identity from the expenditure side,2021-Q1,,5006032.3,,2020,,,,F,Free (free for publication),1,One,A,Normal value,6,Millions,USD,US dollar
DATAFLOW,OECD.SDD.NAD:DSD_NAMAIN1@DF_QNA_EXPENDITURE_USD(1.1),"Quarterly GDP and components - expenditure approach, US Dollars",I,Q,Quarterly,Y,Calendar and seasonally adjusted,DEU,Germany,S1,Total economy,S1,Total economy,B1GQ,Gross domestic product,_Z,Not applicable,_Z,Not applicable,_Z,Not applicable,USD_PPP,"US dollars, PPP converted",LR,Chain linked volume (rebased),LA,Annual levels,T0102,Table 0102 - GDP identity from the expenditure side,2021-Q2,,5119190.8,,2020,,,,F,Free (free for publication),1,One,A,Normal value,6,Millions,USD,US dollar
DATAFLOW,OECD.SDD.NAD:DSD_NAMAIN1@DF_QNA_EXPENDITURE_USD(1.1),"Quarterly GDP and components - expenditure approach, US Dollars",I,Q,Quarterly,Y,Calendar and seasonally adjusted,DEU,Germany,S1,Total economy,S1,Total economy,B1GQ,Gross domestic product,_Z,Not applicable,_Z,Not applicable,_Z,Not applicable,USD_PPP,"US dollars, PPP converted",LR,Chain linked volume (rebased),LA,Annual levels,T0102,Table 0102 - GDP identity from the expenditure side,2021-Q3,,5128046.8,,2020,,,,F,Free (free for publication),1,One,A,Normal value,6,Millions,USD,US dollar
DATAFLOW,OECD.SDD.NAD:DSD_NAMAIN1@DF_QNA_EXPENDITURE_USD(1.1),"Quarterly GDP and components - expenditure approach, US Dollars",I,Q,Quarterly,Y,Calendar and seasonally adjusted,DEU,Germany,S1,Total economy,S1,Total economy,B1GQ,Gross domestic product,_Z,Not applicable,_Z,Not applicable,_Z,Not applicable,USD_PPP,"US dollars, PPP converted",LR,Chain linked volume (rebased),LA,Annual levels,T0102,Table 0102 - GDP identity from the expenditure side,2021-Q4,,5152154.2,,2020,,,,F,Free (free for publication),1,One,A,Normal value,6,Millions,USD,US dollar
DATAFLOW,OECD.SDD.NAD:DSD_NAMAIN1@DF_QNA_EXPENDITURE_USD(1.1),"Quarterly GDP and components - expenditure approach, US Dollars",I,Q,Quarterly,Y,Calendar and seasonally adjusted,DEU,Germany,S1,Total economy,S1,Total economy,B1GQ,Gross domestic product,_Z,Not applicable,_Z,Not applicable,_Z,Not applicable,USD_PPP,"US dollars, PPP converted",LR,Chain linked volume (rebased),LA,Annual levels,T0102,Table 0102 - GDP identity from the expenditure side,2022-Q1,,5192008.2,,2020,,,,F,Free (free for publication),1,One,A,Normal value,6,Millions,USD,US dollar
DATAFLOW,OECD.SDD.NAD:DSD_NAMAIN1@DF_QNA_EXPENDITURE_USD(1.1),"Quarterly GDP and components - expenditure approach, US Dollars",I,Q,Quarterly,Y,Calendar and seasonally adjusted,DEU,Germany,S1,Total economy,S1,Total economy,B1GQ,Gross domestic product,_Z,Not applicable,_Z,Not applicable,_Z,Not applicable,USD_PPP,"US dollars, PPP converted",LR,Chain linked volume (rebased),LA,Annual levels,T0102,Table 0102 - GDP identity from the expenditure side,2022-Q2,,5198403.7,,2020,,,,F,Free (free for publication),1,One,A,Normal value,6,Millions,USD,US dollar
DATAFLOW,OECD.SDD.NAD:DSD_NAMAIN1@DF_QNA_EXPENDITURE_USD(1.1),"Quarterly GDP and components - expenditure approach, US Dollars",I,Q,Quarterly,Y,Calendar and seasonally adjusted,DEU,Germany,S1,Total economy,S1,Total economy,B1GQ,Gross domestic product,_Z,Not applicable,_Z,Not applicable,_Z,Not applicable,USD_PPP,"US dollars, PPP converted",LR,Chain linked volume (rebased),LA,Annual levels,T0102,Table 0102 - GDP identity from the expenditure side,2022-Q3,,5215131.8,,2020,,,,F,Free (free for publication),1,One,A,Normal value,6,Millions,USD,US dollar
DATAFLOW,OECD.SDD.NAD:DSD_NAMAIN1@DF_QNA_EXPENDITURE_USD(1.1),"Quarterly GDP and components - expenditure approach, US Dollars",I,Q,Quarterly,Y,Calendar and seasonally adjusted,DEU,Germany,S1,Total economy,S1,Total economy,B1GQ,Gross domestic product,_Z,Not applicable,_Z,Not applicable,_Z,Not applicable,USD_PPP,"US dollars, PPP converted",LR,Chain linked volume (rebased),LA,Annual levels,T0102,Table 0102 - GDP identity from the expenditure side,2022-Q4,,5197912,,2020,,,,F,Free (free for publication),1,One,A,Normal value,6,Millions,USD,US dollar
