STRUCTURE,STRUCTURE_ID,STRUCTURE_NAME,ACTION,REF_AREA,Reference area,MEASURE,Measure,UNIT_MEASURE,Unit of measure,TRANSFORMATION,Transformation,ADJUSTMENT,Adjustment,SEX,Sex,AGE,Age,ACTIVITY,Economic activity,FREQ,Frequency of observation,TIME_PERIOD,Time period,OBS_VALUE,Observation value,BASE_PER,Base period,OBS_STATUS,Observation status,UNIT_MULT,Unit multiplier,DECIMALS,Decimals
DATAFLOW,OECD.SDD.TPS:DSD_LFS@DF_IALFS_LF_WAP_Q(1.0),Labour force participation rate,I,DEU,Germany,LF_WAP,Labour force participation rate,PT_WAP_SUB,Percentage of working age population in the same subgroup,_Z,Not applicable,Y,Calendar and seasonally adjusted,F,Female,Y15T64,From 15 to 64 years,_Z,Not applicable,A,Annual,2005,,66.925,,,,A,Normal value,0,Units,1,One
DATAFLOW,OECD.SDD.TPS:DSD_LFS@DF_IALFS_LF_WAP_Q(1.0),Labour force participation rate,I,DEU,Germany,LF_WAP,Labour force participation rate,PT_WAP_SUB,Percentage of working age population in the same subgroup,_Z,Not applicable,Y,Calendar and seasonally adjusted,F,Female,Y15T64,From 15 to 64 years,_Z,Not applicable,A,Annual,2006,,68.5,,,,A,Normal value,0,Units,1,One
DATAFLOW,OECD.SDD.TPS:DSD_LFS@DF_IALFS_LF_WAP_Q(1.0),Labour force participation rate,I,DEU,Germany,LF_WAP,Labour force participation rate,PT_WAP_SUB,Percentage of working age population in the same subgroup,_Z,Not applicable,Y,Calendar and seasonally adjusted,F,Female,Y15T64,From 15 to 64 years,_Z,Not applicable,A,Annual,2007,,69.35,,,,A,Normal value,0,Units,1,One
DATAFLOW,OECD.SDD.TPS:DSD_LFS@DF_IALFS_LF_WAP_Q(1.0),Labour force participation rate,I,DEU,Germany,LF_WAP,Labour force participation rate,PT_WAP_SUB,Percentage of working age population in the same subgroup,_Z,Not applicable,Y,Calendar and seasonally adjusted,F,Female,Y15T64,From 15 to 64 years,_Z,Not applicable,A,Annual,2008,,69.7,,,,A,Normal value,0,Units,1,One
DATAFLOW,OECD.SDD.TPS:DSD_LFS@DF_IALFS_LF_WAP_Q(1.0),Labour force participation rate,I,DEU,Germany,LF_WAP,Labour force participation rate,PT_WAP_SUB,Percentage of working age population in the same subgroup,_Z,Not applicable,Y,Calendar and seasonally adjusted,F,Female,Y15T64,From 15 to 64 years,_Z,Not applicable,A,Annual,2009,,69.15,,,,A,Normal value,0,Units,1,One
DATAFLOW,OECD.SDD.TPS:DSD_LFS@DF_IALFS_LF_WAP_Q(1.0),Labour force participation rate,I,DEU,Germany,LF_WAP,Labour force participation rate,PT_WAP_SUB,Percentage of working age population in the same subgroup,_Z,Not applicable,Y,Calendar and seasonally adjusted,F,Female,Y15T64,From 15 to 64 years,_Z,Not applicable,A,Annual,2010,,69.675,,,,A,Normal value,0,Units,1,One
DATAFLOW,OECD.SDD.TPS:DSD_LFS@DF_IALFS_LF_WAP_Q(1.0),Labour force participation rate,I,DEU,Germany,LF_WAP,Labour force participation rate,PT_WAP_SUB,Percentage of working age population in the same subgroup,_Z,Not applicable,Y,Calendar and seasonally adjusted,F,Female,Y15T64,From 15 to 64 years,_Z,Not applicable,A,Annual,2011,,70.725,,,,A,Normal value,0,Units,1,One
DATAFLOW,OECD.SDD.TPS:DSD_LFS@DF_IALFS_LF_WAP_Q(1.0),Labour force participation rate,I,DEU,Germany,LF_WAP,Labour force participation rate,PT_WAP_SUB,Percentage of working age population in the same subgroup,_Z,Not applicable,Y,Calendar and seasonally adjusted,F,Female,Y15T64,From 15 to 64 years,_Z,Not applicable,A,Annual,2012,,70.7,,,,A,Normal value,0,Units,1,One
DATAFLOW,OECD.SDD.TPS:DSD_LFS@DF_IALFS_LF_WAP_Q(1.0),Labour force participation rate,I,DEU,Germany,LF_WAP,Labour force participation rate,PT_WAP_SUB,Percentage of working age population in the same subgroup,_Z,Not applicable,Y,Calendar and seasonally adjusted,F,Female,Y15T64,From 15 to 64 years,_Z,Not applicable,A,Annual,2013,,71.45,,,,A,Normal value,0,Units,1,One
DATAFLOW,OECD.SDD.TPS:DSD_LFS@DF_IALFS_LF_WAP_Q(1.0),Labour force participation rate,I,DEU,Germany,LF_WAP,Labour force participation rate,PT_WAP_SUB,Percentage of working age population in the same subgroup,_Z,Not applicable,Y,Calendar and seasonally adjusted,F,Female,Y15T64,From 15 to 64 years,_Z,Not applicable,A,Annual,2014,,71.775,,,,A,Normal value,0,Units,1,One
DATAFLOW,OECD.SDD.TPS:DSD_LFS@DF_IALFS_LF_WAP_Q(1.0),Labour force participation rate,I,DEU,Germany,LF_WAP,Labour force participation rate,PT_WAP_SUB,Percentage of working age population in the same subgroup,_Z,Not applicable,Y,Calendar and seasonally adjusted,F,Female,Y15T64,From 15 to 64 years,_Z,Not applicable,A,Annual,2015,,71.975,,,,A,Normal value,0,Units,1,One
DATAFLOW,OECD.SDD.TPS:DSD_LFS@DF_IALFS_LF_WAP_Q(1.0),Labour force participation rate,I,DEU,Germany,LF_WAP,Labour force participation rate,PT_WAP_SUB,Percentage of working age population in the same subgroup,_Z,Not applicable,Y,Calendar and seasonally adjusted,F,Female,Y15T64,From 15 to 64 years,_Z,Not applicable,A,Annual,2016,,72.6,,,,A,Normal value,0,Units,1,One
DATAFLOW,OECD.SDD.TPS:DSD_LFS@DF_IALFS_LF_WAP_Q(1.0),Labour force participation rate,I,DEU,Germany,LF_WAP,Labour force participation rate,PT_WAP_SUB,Percentage of working age population in the same subgroup,_Z,Not applicable,Y,Calendar and seasonally adjusted,F,Female,Y15T64,From 15 to 64 years,_Z,Not applicable,A,Annual,2017,,73.05,,,,A,Normal value,0,Units,1,One
DATAFLOW,OECD.SDD.TPS:DSD_LFS@DF_IALFS_LF_WAP_Q(1.0),Labour force participation rate,I,DEU,Germany,LF_WAP,Labour force participation rate,PT_WAP_SUB,Percentage of working age population in the same subgroup,_Z,Not applicable,Y,Calendar and seasonally adjusted,F,Female,Y15T64,From 15 to 64 years,_Z,Not applicable,A,Annual,2018,,73.325,,,,A,Normal value,0,Units,1,One
DATAFLOW,OECD.SDD.TPS:DSD_LFS@DF_IALFS_LF_WAP_Q(1.0),Labour force participation rate,I,DEU,Germany,LF_WAP,Labour force participation rate,PT_WAP_SUB,Percentage of working age population in the same subgroup,_Z,Not applicable,Y,Calendar and seasonally adjusted,F,Female,Y15T64,From 15 to 64 years,_Z,Not applicable,A,Annual,2019,,73.95,,,,A,Normal value,0,Units,1,One
DATAFLOW,OECD.SDD.TPS:DSD_LFS@DF_IALFS_LF_WAP_Q(1.0),Labour force participation rate,I,DEU,Germany,LF_WAP,Labour force participation rate,PT_WAP_SUB,Percentage of working age population in the same subgroup,_Z,Not applicable,Y,Calendar and seasonally adjusted,F,Female,Y15T64,From 15 to 64 years,_Z,Not applicable,A,Annual,2021,,74.675,,,,A,Normal value,0,Units,1,One
DATAFLOW,OECD.SDD.TPS:DSD_LFS@DF_IALFS_LF_WAP_Q(1.0),Labour force participation rate,I,DEU,Germany,LF_WAP,Labour force participation rate,PT_WAP_SUB,Percentage of working age population in the same subgroup,_Z,Not applicable,Y,Calendar and seasonally adjusted,F,Female,Y15T64,From 15 to 64 years,_Z,Not applicable,A,Annual,2022,,75.55,,,,A,Normal value,0,Units,1,One
DATAFLOW,OECD.SDD.TPS:DSD_LFS@DF_IALFS_LF_WAP_Q(1.0),Labour force participation rate,I,DEU,Germany,LF_WAP,Labour force participation rate,PT_WAP_SUB,Percentage of working age population in the same subgroup,_Z,Not applicable,Y,Calendar and seasonally adjusted,F,Female,Y15T64,From 15 to 64 years,_Z,Not applicable,A,Annual,2023,,75.9,,,,A,Normal value,0,Units,1,One
DATAFLOW,OECD.SDD.TPS:DSD_LFS@DF_IALFS_LF_WAP_Q(1.0),Labour force participation rate,I,DEU,Germany,LF_WAP,Labour force participation rate,PT_WAP_SUB,Percentage of working age population in the same subgroup,_Z,Not applicable,Y,Calendar and seasonally adjusted,F,Female,Y15T64,From 15 to 64 years,_Z,Not applicable,A,Annual,2024,,76.375,,,,A,Normal value,0,Units,1,One
DATAFLOW,OECD.SDD.TPS:DSD_LFS@DF_IALFS_LF_WAP_Q(1.0),Labour force participation rate,I,DEU,Germany,LF_WAP,Labour force participation rate,PT_WAP_SUB,Percentage of working age population in the same subgroup,_Z,Not applicable,Y,Calendar and seasonally adjusted,F,Female,Y15T64,From 15 to 64 years,_Z,Not applicable,A,Annual,2025,,76.85,,,,A,Normal value,0,Units,1,One
DATAFLOW,OECD.SDD.TPS:DSD_LFS@DF_IALFS_LF_WAP_Q(1.0),Labour force participation rate,I,USA,United States,LF_WAP,Labour force participation rate,PT_WAP_SUB,Percentage of working age population in the same subgroup,_Z,Not applicable,Y,Calendar and seasonally adjusted,F,Female,Y15T64,From 15 to 64 years,_Z,Not applicable,A,Annual,1955,,39.35637,,,,A,Normal value,0,Units,1,One
DATAFLOW,OECD.SDD.TPS:DSD_LFS@DF_IALFS_LF_WAP_Q(1.0),Labour force participation rate,I,USA,United States,LF_WAP,Labour force participation rate,PT_WAP_SUB,Percentage of working age population in the same subgroup,_Z,Not applicable,Y,Calendar and seasonally adjusted,F,Female,Y15T64,From 15 to 64 years,_Z,Not applicable,A,Annual,1956,,40.7417,,,,A,Normal value,0,Units,1,One
DATAFLOW,OECD.SDD.TPS:DSD_LFS@DF_IALFS_LF_WAP_Q(1.0),Labour force participation rate,I,USA,United States,LF_WAP,Labour force participation rate,PT_WAP_SUB,Percentage of working age population in the same subgroup,_Z,Not applicable,Y,Calendar and seasonally adjusted,F,Female,Y15T64,From 15 to 64 years,_Z,Not applicable,A,Annual,1957,,40.87452,,,,A,Normal value,0,Units,1,One
DATAFLOW,OECD.SDD.TPS:DSD_LFS@DF_IALFS_LF_WAP_Q(1.0),Labour force participation rate,I,USA,United States,LF_WAP,Labour force participation rate,PT_WAP_SUB,Percentage of working age population in the same subgroup,_Z,Not applicable,Y,Calendar and seasonally adjusted,F,Female,Y15T64,From 15 to 64 years,_Z,Not applicable,A,Annual,1958,,41.17725,,,,A,Normal value,0,Units,1,One
DATAFLOW,OECD.SDD.TPS:DSD_LFS@DF_IALFS_LF_WAP_Q(1.0),Labour force participation rate,I,USA,United States,LF_WAP,Labour force participation rate,PT_WAP_SUB,Percentage of working age population in the same subgroup,_Z,Not applicable,Y,Calendar and seasonally adjusted,F,Female,Y15T64,From 15 to 64 years,_Z,Not applicable,A,Annual,1959,,41.36117,,,,A,Normal value,0,Units,1,One
DATAFLOW,OECD.SDD.TPS:DSD_LFS@DF_IALFS_LF_WAP_Q(1.0),Labour force participation rate,I,USA,United States,LF_WAP,Labour force participation rate,PT_WAP_SUB,Percentage of working age population in the same subgroup,_Z,Not applicable,Y,Calendar and seasonally adjusted,F,Female,Y15T64,From 15 to 64 years,_Z,Not applicable,A,Annual,1960,,42.01553,,,,A,Normal value,0,Units,1,One
DATAFLOW,OECD.SDD.TPS:DSD_LFS@DF_IALFS_LF_WAP_Q(1.0),Labour force participation rate,I,USA,United States,LF_WAP,Labour force participation rate,PT_WAP_SUB,Percentage of working age population in the same subgroup,_Z,Not applicable,Y,Calendar and seasonally adjusted,F,Female,Y15T64,From 15 to 64 years,_Z,Not applicable,A,Annual,1961,,42.52407,,,,A,Normal value,0,Units,1,One
DATAFLOW,OECD.SDD.TPS:DSD_LFS@DF_IALFS_LF_WAP_Q(1.0),Labour force participation rate,I,USA,United States,LF_WAP,Labour force participation rate,PT_WAP_SUB,Percentage of working age population in the same subgroup,_Z,Not applicable,Y,Calendar and seasonally adjusted,F,Female,Y15T64,From 15 to 64 years,_Z,Not applicable,A,Annual,1962,,42.65896,,,,A,Normal value,0,Units,1,One
DATAFLOW,OECD.SDD.TPS:DSD_LFS@DF_IALFS_LF_WAP_Q(1.0),Labour force participation rate,I,USA,United States,LF_WAP,Labour force participation rate,PT_WAP_SUB,Percentage of working age population in the same subgroup,_Z,Not applicable,Y,Calendar and seasonally adjusted,F,Female,Y15T64,From 15 to 64 years,_Z,Not applicable,A,Annual,1963,,43.20917,,,,A,Normal value,0,Units,1,One
DATAFLOW,OECD.SDD.TPS:DSD_LFS@DF_IALFS_LF_WAP_Q(1.0),Labour force participation rate,I,USA,United States,LF_WAP,Labour force participation rate,PT_WAP_SUB,Percentage of working age population in the same subgroup,_Z,Not applicable,Y,Calendar and seasonally adjusted,F,Female,Y15T64,From 15 to 64 years,_Z,Not applicable,A,Annual,1964,,43.60485,,,,A,Normal value,0,Units,1,One
DATAFLOW,OECD.SDD.TPS:DSD_LFS@DF_IALFS_LF_WAP_Q(1.0),Labour force participation rate,I,USA,United States,LF_WAP,Labour force participation rate,PT_WAP_SUB,Percentage of working age population in the same subgroup,_Z,Not applicable,Y,Calendar and seasonally adjusted,F,Female,Y15T64,From 15 to 64 years,_Z,Not applicable,A,Annual,1965,,44.29154,,,,A,Normal value,0,Units,1,One
DATAFLOW,OECD.SDD.TPS:DSD_LFS@DF_IALFS_LF_WAP_Q(1.0),Labour force participation rate,I,USA,United States,LF_WAP,Labour force participation rate,PT_WAP_SUB,Percentage of working age population in the same subgroup,_Z,Not applicable,Y,Calendar and seasonally adjusted,F,Female,Y15T64,From 15 to 64 years,_Z,Not applicable,A,Annual,1966,,45.56485,,,,A,Normal value,0,Units,1,One
DATAFLOW,OECD.SDD.TPS:DSD_LFS@DF_IALFS_LF_WAP_Q(1.0),Labour force participation rate,I,USA,United States,LF_WAP,Labour force participation rate,PT_WAP_SUB,Percentage of working age population in the same subgroup,_Z,Not applicable,Y,Calendar and seasonally adjusted,F,Female,Y15T64,From 15 to 64 years,_Z,Not applicable,A,Annual,1967,,46.60646,,,,A,Normal value,0,Units,1,One
DATAFLOW,OECD.SDD.TPS:DSD_LFS@DF_IALFS_LF_WAP_Q(1.0),Labour force participation rate,I,USA,United States,LF_WAP,Labour force participation rate,PT_WAP_SUB,Percentage of working age population in the same subgroup,_Z,Not applicable,Y,Calendar and seasonally adjusted,F,Female,Y15T64,From 15 to 64 years,_Z,Not applicable,A,Annual,1968,,47.21131,,,,A,Normal value,0,Units,1,One
DATAFLOW,OECD.SDD.TPS:DSD_LFS@DF_IALFS_LF_WAP_Q(1.0),Labour force participation rate,I,USA,United States,LF_WAP,Labour force participation rate,PT_WAP_SUB,Percentage of working age population in the same subgroup,_Z,Not applicable,Y,Calendar and seasonally adjusted,F,Female,Y15T64,From 15 to 64 years,_Z,Not applicable,A,Annual,1969,,48.46763,,,,A,Normal value,0,Units,1,One
DATAFLOW,OECD.SDD.TPS:DSD_LFS@DF_IALFS_LF_WAP_Q(1.0),Labour force participation rate,I,USA,United States,LF_WAP,Labour force participation rate,PT_WAP_SUB,Percentage of working age population in the same subgroup,_Z,Not applicable,Y,Calendar and seasonally adjusted,F,Female,Y15T64,From 15 to 64 years,_Z,Not applicable,A,Annual,1970,,49.27596,,,,A,Normal value,0,Units,1,One
DATAFLOW,OECD.SDD.TPS:DSD_LFS@DF_IALFS_LF_WAP_Q(1.0),Labour force participation rate,I,USA,United States,LF_WAP,Labour force participation rate,PT_WAP_SUB,Percentage of working age population in the same subgroup,_Z,Not applicable,Y,Calendar and seasonally adjusted,F,Female,Y15T64,From 15 to 64 years,_Z,Not applicable,A,Annual,1971,,49.37132,,,,A,Normal value,0,Units,1,One
DATAFLOW,OECD.SDD.TPS:DSD_LFS@DF_IALFS_LF_WAP_Q(1.0),Labour force participation rate,I,USA,United States,LF_WAP,Labour force participation rate,PT_WAP_SUB,Percentage of working age population in the same subgroup,_Z,Not applicable,Y,Calendar and seasonally adjusted,F,Female,Y15T64,From 15 to 64 years,_Z,Not applicable,A,Annual,1972,,50.14013,,,,A,Normal value,0,Units,1,One
DATAFLOW,OECD.SDD.TPS:DSD_LFS@DF_IALFS_LF_WAP_Q(1.0),Labour force participation rate,I,USA,United States,LF_WAP,Labour force participation rate,PT_WAP_SUB,Percentage of working age population in the same subgroup,_Z,Not applicable,Y,Calendar and seasonally adjusted,F,Female,Y15T64,From 15 to 64 years,_Z,Not applicable,A,Annual,1973,,51.24755,,,,A,Normal value,0,Units,1,One
DATAFLOW,OECD.SDD.TPS:DSD_LFS@DF_IALFS_LF_WAP_Q(1.0),Labour force participation rate,I,USA,United States,LF_WAP,Labour force participation rate,PT_WAP_SUB,Percentage of working age population in the same subgroup,_Z,Not applicable,Y,Calendar and seasonally adjusted,F,Female,Y15T64,From 15 to 64 years,_Z,Not applicable,A,Annual,1974,,52.53904,,,,A,Normal value,0,Units,1,One
DATAFLOW,OECD.SDD.TPS:DSD_LFS@DF_IALFS_LF_WAP_Q(1.0),Labour force participation rate,I,USA,United States,LF_WAP,Labour force participation rate,PT_WAP_SUB,Percentage of working age population in the same subgroup,_Z,Not applicable,Y,Calendar and seasonally adjusted,F,Female,Y15T64,From 15 to 64 years,_Z,Not applicable,A,Annual,1975,,53.42902,,,,A,Normal value,0,Units,1,One
DATAFLOW,OECD.SDD.TPS:DSD_LFS@DF_IALFS_LF_WAP_Q(1.0),Labour force participation rate,I,USA,United States,LF_WAP,Labour force participation rate,PT_WAP_SUB,Percentage of working age population in the same subgroup,_Z,Not applicable,Y,Calendar and seasonally adjusted,F,Female,Y15T64,From 15 to 64 years,_Z,Not applicable,A,Annual,1976,,54.66026,,,,A,Normal value,0,Units,1,One
DATAFLOW,OECD.SDD.TPS:DSD_LFS@DF_IALFS_LF_WAP_Q(1.0),Labour force participation rate,I,USA,United States,LF_WAP,Labour force participation rate,PT_WAP_SUB,Percentage of working age population in the same subgroup,_Z,Not applicable,Y,Calendar and seasonally adjusted,F,Female,Y15T64,From 15 to 64 years,_Z,Not applicable,A,Annual,1977,,56.04366,,,,A,Normal value,0,Units,1,One
DATAFLOW,OECD.SDD.TPS:DSD_LFS@DF_IALFS_LF_WAP_Q(1.0),Labour force participation rate,I,USA,United States,LF_WAP,Labour force participation rate,PT_WAP_SUB,Percentage of working age population in the same subgroup,_Z,Not applicable,Y,Calendar and seasonally adjusted,F,Female,Y15T64,From 15 to 64 years,_Z,Not applicable,A,Annual,1978,,57.88996,,,,A,Normal value,0,Units,1,One
DATAFLOW,OECD.SDD.TPS:DSD_LFS@DF_IALFS_LF_WAP_Q(1.0),Labour force participation rate,I,USA,United States,LF_WAP,Labour force participation rate,PT_WAP_SUB,Percentage of working age population in the same subgroup,_Z,Not applicable,Y,Calendar and seasonally adjusted,F,Female,Y15T64,From 15 to 64 years,_Z,Not applicable,A,Annual,1979,,59.14576,,,,A,Normal value,0,Units,1,One
DATAFLOW,OECD.SDD.TPS:DSD_LFS@DF_IALFS_LF_WAP_Q(1.0),Labour force participation rate,I,USA,United States,LF_WAP,Labour force participation rate,PT_WAP_SUB,Percentage of working age population in the same subgroup,_Z,Not applicable,Y,Calendar and seasonally adjusted,F,Female,Y15T64,From 15 to 64 years,_Z,Not applicable,A,Annual,1980,,59.9166,,,,A,Normal value,0,Units,1,One
DATAFLOW,OECD.SDD.TPS:DSD_LFS@DF_IALFS_LF_WAP_Q(1.0),Labour force participation rate,I,USA,United States,LF_WAP,Labour force participation rate,PT_WAP_SUB,Percentage of working age population in the same subgroup,_Z,Not applicable,Y,Calendar and seasonally adjusted,F,Female,Y15T64,From 15 to 64 years,_Z,Not applicable,A,Annual,1981,,60.74226,,,,A,Normal value,0,Units,1,One
DATAFLOW,OECD.SDD.TPS:DSD_LFS@DF_IALFS_LF_WAP_Q(1.0),Labour force participation rate,I,USA,United States,LF_WAP,Labour force participation rate,PT_WAP_SUB,Percentage of working age population in the same subgroup,_Z,Not applicable,Y,Calendar and seasonally adjusted,F,Female,Y15T64,From 15 to 64 years,_Z,Not applicable,A,Annual,1982,,61.49095,,,,A,Normal value,0,Units,1,One
DATAFLOW,OECD.SDD.TPS:DSD_LFS@DF_IALFS_LF_WAP_Q(1.0),Labour force participation rate,I,USA,United States,LF_WAP,Labour force participation rate,PT_WAP_SUB,Percentage of working age population in the same subgroup,_Z,Not applicable,Y,Calendar and seasonally adjusted,F,Female,Y15T64,From 15 to 64 years,_Z,Not applicable,A,Annual,1983,,61.94487,,,,A,Normal value,0,Units,1,One
DATAFLOW,OECD.SDD.TPS:DSD_LFS@DF_IALFS_LF_WAP_Q(1.0),Labour force participation rate,I,USA,United States,LF_WAP,Labour force participation rate,PT_WAP_SUB,Percentage of working age population in the same subgroup,_Z,Not applicable,Y,Calendar and seasonally adjusted,F,Female,Y15T64,From 15 to 64 years,_Z,Not applicable,A,Annual,1984,,62.91872,,,,A,Normal value,0,Units,1,One
DATAFLOW,OECD.SDD.TPS:DSD_LFS@DF_IALFS_LF_WAP_Q(1.0),Labour force participation rate,I,USA,United States,LF_WAP,Labour force participation rate,PT_WAP_SUB,Percentage of working age population in the same subgroup,_Z,Not applicable,Y,Calendar and seasonally adjusted,F,Female,Y15T64,From 15 to 64 years,_Z,Not applicable,A,Annual,1985,,64.11064,,,,A,Normal value,0,Units,1,One
DATAFLOW,OECD.SDD.TPS:DSD_LFS@DF_IALFS_LF_WAP_Q(1.0),Labour force participation rate,I,USA,United States,LF_WAP,Labour force participation rate,PT_WAP_SUB,Percentage of working age population in the same subgroup,_Z,Not applicable,Y,Calendar and seasonally adjusted,F,Female,Y15T64,From 15 to 64 years,_Z,Not applicable,A,Annual,1986,,65.12437,,,,A,Normal value,0,Units,1,One
DATAFLOW,OECD.SDD.TPS:DSD_LFS@DF_IALFS_LF_WAP_Q(1.0),Labour force participation rate,I,USA,United States,LF_WAP,Labour force participation rate,PT_WAP_SUB,Percentage of working age population in the same subgroup,_Z,Not applicable,Y,Calendar and seasonally adjusted,F,Female,Y15T64,From 15 to 64 years,_Z,Not applicable,A,Annual,1987,,66.05977,,,,A,Normal value,0,Units,1,One
DATAFLOW,OECD.SDD.TPS:DSD_LFS@DF_IALFS_LF_WAP_Q(1.0),Labour force participation rate,I,USA,United States,LF_WAP,Labour force participation rate,PT_WAP_SUB,Percentage of working age population in the same subgroup,_Z,Not applicable,Y,Calendar and seasonally adjusted,F,Female,Y15T64,From 15 to 64 years,_Z,Not applicable,A,Annual,1988,,66.76865,,,,A,Normal value,0,Units,1,One
DATAFLOW,OECD.SDD.TPS:DSD_LFS@DF_IALFS_LF_WAP_Q(1.0),Labour force participation rate,I,USA,United States,LF_WAP,Labour force participation rate,PT_WAP_SUB,Percentage of working age population in the same subgroup,_Z,Not applicable,Y,Calendar and seasonally adjusted,F,Female,Y15T64,From 15 to 64 years,_Z,Not applicable,A,Annual,1989,,67.75052,,,,A,Normal value,0,Units,1,One
DATAFLOW,OECD.SDD.TPS:DSD_LFS@DF_IALFS_LF_WAP_Q(1.0),Labour force participation rate,I,USA,United States,LF_WAP,Labour force participation rate,PT_WAP_SUB,Percentage of working age population in the same subgroup,_Z,Not applicable,Y,Calendar and seasonally adjusted,F,Female,Y15T64,From 15 to 64 years,_Z,Not applicable,A,Annual,1990,,67.83523,,,,A,Normal value,0,Units,1,One
DATAFLOW,OECD.SDD.TPS:DSD_LFS@DF_IALFS_LF_WAP_Q(1.0),Labour force participation rate,I,USA,United States,LF_WAP,Labour force participation rate,PT_WAP_SUB,Percentage of working age population in the same subgroup,_Z,Not applicable,Y,Calendar and seasonally adjusted,F,Female,Y15T64,From 15 to 64 years,_Z,Not applicable,A,Annual,1991,,67.74798,,,,A,Normal value,0,Units,1,One
DATAFLOW,OECD.SDD.TPS:DSD_LFS@DF_IALFS_LF_WAP_Q(1.0),Labour force participation rate,I,USA,United States,LF_WAP,Labour force participation rate,PT_WAP_SUB,Percentage of working age population in the same subgroup,_Z,Not applicable,Y,Calendar and seasonally adjusted,F,Female,Y15T64,From 15 to 64 years,_Z,Not applicable,A,Annual,1992,,68.40723,,,,A,Normal value,0,Units,1,One
DATAFLOW,OECD.SDD.TPS:DSD_LFS@DF_IALFS_LF_WAP_Q(1.0),Labour force participation rate,I,USA,United States,LF_WAP,Labour force participation rate,PT_WAP_SUB,Percentage of working age population in the same subgroup,_Z,Not applicable,Y,Calendar and seasonally adjusted,F,Female,Y15T64,From 15 to 64 years,_Z,Not applicable,A,Annual,1993,,68.59153,,,,A,Normal value,0,Units,1,One
DATAFLOW,OECD.SDD.TPS:DSD_LFS@DF_IALFS_LF_WAP_Q(1.0),Labour force participation rate,I,USA,United States,LF_WAP,Labour force participation rate,PT_WAP_SUB,Percentage of working age population in the same subgroup,_Z,Not applicable,Y,Calendar and seasonally adjusted,F,Female,Y15T64,From 15 to 64 years,_Z,Not applicable,A,Annual,1994,,69.44347,,,,A,Normal value,0,Units,1,One
DATAFLOW,OECD.SDD.TPS:DSD_LFS@DF_IALFS_LF_WAP_Q(1.0),Labour force participation rate,I,USA,United States,LF_WAP,Labour force participation rate,PT_WAP_SUB,Percentage of working age population in the same subgroup,_Z,Not applicable,Y,Calendar and seasonally adjusted,F,Female,Y15T64,From 15 to 64 years,_Z,Not applicable,A,Annual,1995,,69.72173,,,,A,Normal value,0,Units,1,One
DATAFLOW,OECD.SDD.TPS:DSD_LFS@DF_IALFS_LF_WAP_Q(1.0),Labour force participation rate,I,USA,United States,LF_WAP,Labour force participation rate,PT_WAP_SUB,Percentage of working age population in the same subgroup,_Z,Not applicable,Y,Calendar and seasonally adjusted,F,Female,Y15T64,From 15 to 64 years,_Z,Not applicable,A,Annual,1996,,70.11818,,,,A,Normal value,0,Units,1,One
DATAFLOW,OECD.SDD.TPS:DSD_LFS@DF_IALFS_LF_WAP_Q(1.0),Labour force participation rate,I,USA,United States,LF_WAP,Labour force participation rate,PT_WAP_SUB,Percentage of working age population in the same subgroup,_Z,Not applicable,Y,Calendar and seasonally adjusted,F,Female,Y15T64,From 15 to 64 years,_Z,Not applicable,A,Annual,1997,,70.70989,,,,A,Normal value,0,Units,1,One
DATAFLOW,OECD.SDD.TPS:DSD_LFS@DF_IALFS_LF_WAP_Q(1.0),Labour force participation rate,I,USA,United States,LF_WAP,Labour force participation rate,PT_WAP_SUB,Percentage of working age population in the same subgroup,_Z,Not applicable,Y,Calendar and seasonally adjusted,F,Female,Y15T64,From 15 to 64 years,_Z,Not applicable,A,Annual,1998,,70.70641,,,,A,Normal value,0,Units,1,One
DATAFLOW,OECD.SDD.TPS:DSD_LFS@DF_IALFS_LF_WAP_Q(1.0),Labour force participation rate,I,USA,United States,LF_WAP,Labour force participation rate,PT_WAP_SUB,Percentage of working age population in the same subgroup,_Z,Not applicable,Y,Calendar and seasonally adjusted,F,Female,Y15T64,From 15 to 64 years,_Z,Not applicable,A,Annual,1999,,70.73214,,,,A,Normal value,0,Units,1,One
DATAFLOW,OECD.SDD.TPS:DSD_LFS@DF_IALFS_LF_WAP_Q(1.0),Labour force participation rate,I,USA,United States,LF_WAP,Labour force participation rate,PT_WAP_SUB,Percentage of working age population in the same subgroup,_Z,Not applicable,Y,Calendar and seasonally adjusted,F,Female,Y15T64,From 15 to 64 years,_Z,Not applicable,A,Annual,2000,,70.71458,,,,A,Normal value,0,Units,1,One
DATAFLOW,OECD.SDD.TPS:DSD_LFS@DF_IALFS_LF_WAP_Q(1.0),Labour force participation rate,I,USA,United States,LF_WAP,Labour force participation rate,PT_WAP_SUB,Percentage of working age population in the same subgroup,_Z,Not applicable,Y,Calendar and seasonally adjusted,F,Female,Y15T64,From 15 to 64 years,_Z,Not applicable,A,Annual,2001,,70.4038,,,,A,Normal value,0,Units,1,One
DATAFLOW,OECD.SDD.TPS:DSD_LFS@DF_IALFS_LF_WAP_Q(1.0),Labour force participation rate,I,USA,United States,LF_WAP,Labour force participation rate,PT_WAP_SUB,Percentage of working age population in the same subgroup,_Z,Not applicable,Y,Calendar and seasonally adjusted,F,Female,Y15T64,From 15 to 64 years,_Z,Not applicable,A,Annual,2002,,70.05396,,,,A,Normal value,0,Units,1,One
DATAFLOW,OECD.SDD.TPS:DSD_LFS@DF_IALFS_LF_WAP_Q(1.0),Labour force participation rate,I,USA,United States,LF_WAP,Labour force participation rate,PT_WAP_SUB,Percentage of working age population in the same subgroup,_Z,Not applicable,Y,Calendar and seasonally adjusted,F,Female,Y15T64,From 15 to 64 years,_Z,Not applicable,A,Annual,2003,,69.6742,,,,A,Normal value,0,Units,1,One
DATAFLOW,OECD.SDD.TPS:DSD_LFS@DF_IALFS_LF_WAP_Q(1.0),Labour force participation rate,I,USA,United States,LF_WAP,Labour force participation rate,PT_WAP_SUB,Percentage of working age population in the same subgroup,_Z,Not applicable,Y,Calendar and seasonally adjusted,F,Female,Y15T64,From 15 to 64 years,_Z,Not applicable,A,Annual,2004,,69.16991,,,,A,Normal value,0,Units,1,One
DATAFLOW,OECD.SDD.TPS:DSD_LFS@DF_IALFS_LF_WAP_Q(1.0),Labour force participation rate,I,USA,United States,LF_WAP,Labour force participation rate,PT_WAP_SUB,Percentage of working age population in the same subgroup,_Z,Not applicable,Y,Calendar and seasonally adjusted,F,Female,Y15T64,From 15 to 64 years,_Z,Not applicable,A,Annual,2005,,69.17722,,,,A,Normal value,0,Units,1,One
DATAFLOW,OECD.SDD.TPS:DSD_LFS@DF_IALFS_LF_WAP_Q(1.0),Labour force participation rate,I,USA,United States,LF_WAP,Labour force participation rate,PT_WAP_SUB,Percentage of working age population in the same subgroup,_Z,Not applicable,Y,Calendar and seasonally adjusted,F,Female,Y15T64,From 15 to 64 years,_Z,Not applicable,A,Annual,2006,,69.29744,,,,A,Normal value,0,Units,1,One
DATAFLOW,OECD.SDD.TPS:DSD_LFS@DF_IALFS_LF_WAP_Q(1.0),Labour force participation rate,I,USA,United States,LF_WAP,Labour force participation rate,PT_WAP_SUB,Percentage of working age population in the same subgroup,_Z,Not applicable,Y,Calendar and seasonally adjusted,F,Female,Y15T64,From 15 to 64 years,_Z,Not applicable,A,Annual,2007,,69.06901,,,,A,Normal value,0,Units,1,One
DATAFLOW,OECD.SDD.TPS:DSD_LFS@DF_IALFS_LF_WAP_Q(1.0),Labour force participation rate,I,USA,United States,LF_WAP,Labour force participation rate,PT_WAP_SUB,Percentage of working age population in the same subgroup,_Z,Not applicable,Y,Calendar and seasonally adjusted,F,Female,Y15T64,From 15 to 64 years,_Z,Not applicable,A,Annual,2008,,69.29454,,,,A,Normal value,0,Units,1,One
DATAFLOW,OECD.SDD.TPS:DSD_LFS@DF_IALFS_LF_WAP_Q(1.0),Labour force participation rate,I,USA,United States,LF_WAP,Labour force participation rate,PT_WAP_SUB,Percentage of working age population in the same subgroup,_Z,Not applicable,Y,Calendar and seasonally adjusted,F,Female,Y15T64,From 15 to 64 years,_Z,Not applicable,A,Annual,2009,,69.02699,,,,A,Normal value,0,Units,1,One
DATAFLOW,OECD.SDD.TPS:DSD_LFS@DF_IALFS_LF_WAP_Q(1.0),Labour force participation rate,I,USA,United States,LF_WAP,Labour force participation rate,PT_WAP_SUB,Percentage of working age population in the same subgroup,_Z,Not applicable,Y,Calendar and seasonally adjusted,F,Female,Y15T64,From 15 to 64 years,_Z,Not applicable,A,Annual,2010,,68.39591,,,,A,Normal value,0,Units,1,One
DATAFLOW,OECD.SDD.TPS:DSD_LFS@DF_IALFS_LF_WAP_Q(1.0),Labour force participation rate,I,USA,United States,LF_WAP,Labour force participation rate,PT_WAP_SUB,Percentage of working age population in the same subgroup,_Z,Not applicable,Y,Calendar and seasonally adjusted,F,Female,Y15T64,From 15 to 64 years,_Z,Not applicable,A,Annual,2011,,67.81126,,,,A,Normal value,0,Units,1,One
DATAFLOW,OECD.SDD.TPS:DSD_LFS@DF_IALFS_LF_WAP_Q(1.0),Labour force participation rate,I,USA,United States,LF_WAP,Labour force participation rate,PT_WAP_SUB,Percentage of working age population in the same subgroup,_Z,Not applicable,Y,Calendar and seasonally adjusted,F,Female,Y15T64,From 15 to 64 years,_Z,Not applicable,A,Annual,2012,,67.58009,,,,A,Normal value,0,Units,1,One
DATAFLOW,OECD.SDD.TPS:DSD_LFS@DF_IALFS_LF_WAP_Q(1.0),Labour force participation rate,I,USA,United States,LF_WAP,Labour force participation rate,PT_WAP_SUB,Percentage of working age population in the same subgroup,_Z,Not applicable,Y,Calendar and seasonally adjusted,F,Female,Y15T64,From 15 to 64 years,_Z,Not applicable,A,Annual,2013,,67.16469,,,,A,Normal value,0,Units,1,One
DATAFLOW,OECD.SDD.TPS:DSD_LFS@DF_IALFS_LF_WAP_Q(1.0),Labour force participation rate,I,USA,United States,LF_WAP,Labour force participation rate,PT_WAP_SUB,Percentage of working age population in the same subgroup,_Z,Not applicable,Y,Calendar and seasonally adjusted,F,Female,Y15T64,From 15 to 64 years,_Z,Not applicable,A,Annual,2014,,67.11654,,,,A,Normal value,0,Units,1,One
DATAFLOW,OECD.SDD.TPS:DSD_LFS@DF_IALFS_LF_WAP_Q(1.0),Labour force participation rate,I,USA,United States,LF_WAP,Labour force participation rate,PT_WAP_SUB,Percentage of working age population in the same subgroup,_Z,Not applicable,Y,Calendar and seasonally adjusted,F,Female,Y15T64,From 15 to 64 years,_Z,Not applicable,A,Annual,2015,,66.93696,,,,A,Normal value,0,Units,1,One
DATAFLOW,OECD.SDD.TPS:DSD_LFS@DF_IALFS_LF_WAP_Q(1.0),Labour force participation rate,I,USA,United States,LF_WAP,Labour force participation rate,PT_WAP_SUB,Percentage of working age population in the same subgroup,_Z,Not applicable,Y,Calendar and seasonally adjusted,F,Female,Y15T64,From 15 to 64 years,_Z,Not applicable,A,Annual,2016,,67.30453,,,,A,Normal value,0,Units,1,One
DATAFLOW,OECD.SDD.TPS:DSD_LFS@DF_IALFS_LF_WAP_Q(1.0),Labour force participation rate,I,USA,United States,LF_WAP,Labour force participation rate,PT_WAP_SUB,Percentage of working age population in the same subgroup,_Z,Not applicable,Y,Calendar and seasonally adjusted,F,Female,Y15T64,From 15 to 64 years,_Z,Not applicable,A,Annual,2017,,67.89027,,,,A,Normal value,0,Units,1,One
DATAFLOW,OECD.SDD.TPS:DSD_LFS@DF_IALFS_LF_WAP_Q(1.0),Labour force participation rate,I,USA,United States,LF_WAP,Labour force participation rate,PT_WAP_SUB,Percentage of working age population in the same subgroup,_Z,Not applicable,Y,Calendar and seasonally adjusted,F,Female,Y15T64,From 15 to 64 years,_Z,Not applicable,A,Annual,2018,,68.18539,,,,A,Normal value,0,Units,1,One
DATAFLOW,OECD.SDD.TPS:DSD_LFS@DF_IALFS_LF_WAP_Q(1.0),Labour force participation rate,I,USA,United States,LF_WAP,Labour force participation rate,PT_WAP_SUB,Percentage of working age population in the same subgroup,_Z,Not applicable,Y,Calendar and seasonally adjusted,F,Female,Y15T64,From 15 to 64 years,_Z,Not applicable,A,Annual,2019,,68.85104,,,,A,Normal value,0,Units,1,One
DATAFLOW,OECD.SDD.TPS:DSD_LFS@DF_IALFS_LF_WAP_Q(1.0),Labour force participation rate,I,USA,United States,LF_WAP,Labour force participation rate,PT_WAP_SUB,Percentage of working age population in the same subgroup,_Z,Not applicable,Y,Calendar and seasonally adjusted,F,Female,Y15T64,From 15 to 64 years,_Z,Not applicable,A,Annual,2020,,67.84194,,,,A,Normal value,0,Units,1,One
DATAFLOW,OECD.SDD.TPS:DSD_LFS@DF_IALFS_LF_WAP_Q(1.0),Labour force participation rate,I,USA,United States,LF_WAP,Labour force participation rate,PT_WAP_SUB,Percentage of working age population in the same subgroup,_Z,Not applicable,Y,Calendar and seasonally adjusted,F,Female,Y15T64,From 15 to 64 years,_Z,Not applicable,A,Annual,2021,,68.23456,,,,A,Normal value,0,Units,1,One
DATAFLOW,OECD.SDD.TPS:DSD_LFS@DF_IALFS_LF_WAP_Q(1.0),Labour force participation rate,I,USA,United States,LF_WAP,Labour force participation rate,PT_WAP_SUB,Percentage of working age population in the same subgroup,_Z,Not applicable,Y,Calendar and seasonally adjusted,F,Female,Y15T64,From 15 to 64 years,_Z,Not applicable,A,Annual,2022,,69.00021,,,,A,Normal value,0,Units,1,One
DATAFLOW,OECD.SDD.TPS:DSD_LFS@DF_IALFS_LF_WAP_Q(1.0),Labour force participation rate,I,USA,United States,LF_WAP,Labour force participation rate,PT_WAP_SUB,Percentage of working age population in the same subgroup,_Z,Not applicable,Y,Calendar and seasonally adjusted,F,Female,Y15T64,From 15 to 64 years,_Z,Not applicable,A,Annual,2023,,69.93567,,,,A,Normal value,0,Units,1,One
DATAFLOW,OECD.SDD.TPS:DSD_LFS@DF_IALFS_LF_WAP_Q(1.0),Labour force participation rate,I,USA,United States,LF_WAP,Labour force participation rate,PT_WAP_SUB,Percentage of working age population in the same subgroup,_Z,Not applicable,Y,Calendar and seasonally adjusted,F,Female,Y15T64,From 15 to 64 years,_Z,Not applicable,A,Annual,2024,,70.25751,,,,A,Normal value,0,Units,1,One
DATAFLOW,OECD.SDD.TPS:DSD_LFS@DF_IALFS_LF_WAP_Q(1.0),Labour force participation rate,I,USA,United States,LF_WAP,Labour force participation rate,PT_WAP_SUB,Percentage of working age population in the same subgroup,_Z,Not applicable,Y,Calendar and seasonally adjusted,_T,Total,Y15T64,From 15 to 64 years,_Z,Not applicable,A,Annual,1955,,64.31772,,,,A,Normal value,0,Units,1,One
DATAFLOW,OECD.SDD.TPS:DSD_LFS@DF_IALFS_LF_WAP_Q(1.0),Labour force participation rate,I,USA,United States,LF_WAP,Labour force participation rate,PT_WAP_SUB,Percentage of working age population in the same subgroup,_Z,Not applicable,Y,Calendar and seasonally adjusted,_T,Total,Y15T64,From 15 to 64 years,_Z,Not applicable,A,Annual,1956,,65.16183,,,,A,Normal value,0,Units,1,One
DATAFLOW,OECD.SDD.TPS:DSD_LFS@DF_IALFS_LF_WAP_Q(1.0),Labour force participation rate,I,USA,United States,LF_WAP,Labour force participation rate,PT_WAP_SUB,Percentage of working age population in the same subgroup,_Z,Not applicable,Y,Calendar and seasonally adjusted,_T,Total,Y15T64,From 15 to 64 years,_Z,Not applicable,A,Annual,1957,,65.0071,,,,A,Normal value,0,Units,1,One
DATAFLOW,OECD.SDD.TPS:DSD_LFS@DF_IALFS_LF_WAP_Q(1.0),Labour force participation rate,I,USA,United States,LF_WAP,Labour force participation rate,PT_WAP_SUB,Percentage of working age population in the same subgroup,_Z,Not applicable,Y,Calendar and seasonally adjusted,_T,Total,Y15T64,From 15 to 64 years,_Z,Not applicable,A,Annual,1958,,65.04424,,,,A,Normal value,0,Units,1,One
DATAFLOW,OECD.SDD.TPS:DSD_LFS@DF_IALFS_LF_WAP_Q(1.0),Labour force participation rate,I,USA,United States,LF_WAP,Labour force participation rate,PT_WAP_SUB,Percentage of working age population in the same subgroup,_Z,Not applicable,Y,Calendar and seasonally adjusted,_T,Total,Y15T64,From 15 to 64 years,_Z,Not applicable,A,Annual,1959,,64.98592,,,,A,Normal value,0,Units,1,One
DATAFLOW,OECD.SDD.TPS:DSD_LFS@DF_IALFS_LF_WAP_Q(1.0),Labour force participation rate,I,USA,United States,LF_WAP,Labour force participation rate,PT_WAP_SUB,Percentage of working age population in the same subgroup,_Z,Not applicable,Y,Calendar and seasonally adjusted,_T,Total,Y15T64,From 15 to 64 years,_Z,Not applicable,A,Annual,1960,,65.18684,,,,A,Normal value,0,Units,1,One
DATAFLOW,OECD.SDD.TPS:DSD_LFS@DF_IALFS_LF_WAP_Q(1.0),Labour force participation rate,I,USA,United States,LF_WAP,Labour force participation rate,PT_WAP_SUB,Percentage of working age population in the same subgroup,_Z,Not applicable,Y,Calendar and seasonally adjusted,_T,Total,Y15T64,From 15 to 64 years,_Z,Not applicable,A,Annual,1961,,65.29902,,,,A,Normal value,0,Units,1,One
DATAFLOW,OECD.SDD.TPS:DSD_LFS@DF_IALFS_LF_WAP_Q(1.0),Labour force participation rate,I,USA,United States,LF_WAP,Labour force participation rate,PT_WAP_SUB,Percentage of working age population in the same subgroup,_Z,Not applicable,Y,Calendar and seasonally adjusted,_T,Total,Y15T64,From 15 to 64 years,_Z,Not applicable,A,Annual,1962,,65.118,,,,A,Normal value,0,Units,1,One
DATAFLOW,OECD.SDD.TPS:DSD_LFS@DF_IALFS_LF_WAP_Q(1.0),Labour force participation rate,I,USA,United States,LF_WAP,Labour force participation rate,PT_WAP_SUB,Percentage of working age population in the same subgroup,_Z,Not applicable,Y,Calendar and seasonally adjusted,_T,Total,Y15T64,From 15 to 64 years,_Z,Not applicable,A,Annual,1963,,65.22256,,,,A,Normal value,0,Units,1,One
DATAFLOW,OECD.SDD.TPS:DSD_LFS@DF_IALFS_LF_WAP_Q(1.0),Labour force participation rate,I,USA,United States,LF_WAP,Labour force participation rate,PT_WAP_SUB,Percentage of working age population in the same subgroup,_Z,Not applicable,Y,Calendar and seasonally adjusted,_T,Total,Y15T64,From 15 to 64 years,_Z,Not applicable,A,Annual,1964,,65.21605,,,,A,Normal value,0,Units,1,One
DATAFLOW,OECD.SDD.TPS:DSD_LFS@DF_IALFS_LF_WAP_Q(1.0),Labour force participation rate,I,USA,United States,LF_WAP,Labour force participation rate,PT_WAP_SUB,Percentage of working age population in the same subgroup,_Z,Not applicable,Y,Calendar and seasonally adjusted,_T,Total,Y15T64,From 15 to 64 years,_Z,Not applicable,A,Annual,1965,,65.40611,,,,A,Normal value,0,Units,1,One
DATAFLOW,OECD.SDD.TPS:DSD_LFS@DF_IALFS_LF_WAP_Q(1.0),Labour force participation rate,I,USA,United States,LF_WAP,Labour force participation rate,PT_WAP_SUB,Percentage of working age population in the same subgroup,_Z,Not applicable,Y,Calendar and seasonally adjusted,_T,Total,Y15T64,From 15 to 64 years,_Z,Not applicable,A,Annual,1966,,65.90497,,,,A,Normal value,0,Units,1,One
DATAFLOW,OECD.SDD.TPS:DSD_LFS@DF_IALFS_LF_WAP_Q(1.0),Labour force participation rate,I,USA,United States,LF_WAP,Labour force participation rate,PT_WAP_SUB,Percentage of working age population in the same subgroup,_Z,Not applicable,Y,Calendar and seasonally adjusted,_T,Total,Y15T64,From 15 to 64 years,_Z,Not applicable,A,Annual,1967,,66.38605,,,,A,Normal value,0,Units,1,One
DATAFLOW,OECD.SDD.TPS:DSD_LFS@DF_IALFS_LF_WAP_Q(1.0),Labour force participation rate,I,USA,United States,LF_WAP,Labour force participation rate,PT_WAP_SUB,Percentage of working age population in the same subgroup,_Z,Not applicable,Y,Calendar and seasonally adjusted,_T,Total,Y15T64,From 15 to 64 years,_Z,Not applicable,A,Annual,1968,,66.4813,,,,A,Normal value,0,Units,1,One
DATAFLOW,OECD.SDD.TPS:DSD_LFS@DF_IALFS_LF_WAP_Q(1.0),Labour force participation rate,I,USA,United States,LF_WAP,Labour force participation rate,PT_WAP_SUB,Percentage of working age population in the same subgroup,_Z,Not applicable,Y,Calendar and seasonally adjusted,_T,Total,Y15T64,From 15 to 64 years,_Z,Not applicable,A,Annual,1969,,67.00014,,,,A,Normal value,0,Units,1,One
DATAFLOW,OECD.SDD.TPS:DSD_LFS@DF_IALFS_LF_WAP_Q(1.0),Labour force participation rate,I,USA,United States,LF_WAP,Labour force participation rate,PT_WAP_SUB,Percentage of working age population in the same subgroup,_Z,Not applicable,Y,Calendar and seasonally adjusted,_T,Total,Y15T64,From 15 to 64 years,_Z,Not applicable,A,Annual,1970,,67.36934,,,,A,Normal value,0,Units,1,One
DATAFLOW,OECD.SDD.TPS:DSD_LFS@DF_IALFS_LF_WAP_Q(1.0),Labour force participation rate,I,USA,United States,LF_WAP,Labour force participation rate,PT_WAP_SUB,Percentage of working age population in the same subgroup,_Z,Not applicable,Y,Calendar and seasonally adjusted,_T,Total,Y15T64,From 15 to 64 years,_Z,Not applicable,A,Annual,1971,,67.23803,,,,A,Normal value,0,Units,1,One
DATAFLOW,OECD.SDD.TPS:DSD_LFS@DF_IALFS_LF_WAP_Q(1.0),Labour force participation rate,I,USA,United States,LF_WAP,Labour force participation rate,PT_WAP_SUB,Percentage of working age population in the same subgroup,_Z,Not applicable,Y,Calendar and seasonally adjusted,_T,Total,Y15T64,From 15 to 64 years,_Z,Not applicable,A,Annual,1972,,67.62005,,,,A,Normal value,0,Units,1,One
DATAFLOW,OECD.SDD.TPS:DSD_LFS@DF_IALFS_LF_WAP_Q(1.0),Labour force participation rate,I,USA,United States,LF_WAP,Labour force participation rate,PT_WAP_SUB,Percentage of working age population in the same subgroup,_Z,Not applicable,Y,Calendar and seasonally adjusted,_T,Total,Y15T64,From 15 to 64 years,_Z,Not applicable,A,Annual,1973,,68.22891,,,,A,Normal value,0,Units,1,One
DATAFLOW,OECD.SDD.TPS:DSD_LFS@DF_IALFS_LF_WAP_Q(1.0),Labour force participation rate,I,USA,United States,LF_WAP,Labour force participation rate,PT_WAP_SUB,Percentage of working age population in the same subgroup,_Z,Not applicable,Y,Calendar and seasonally adjusted,_T,Total,Y15T64,From 15 to 64 years,_Z,Not applicable,A,Annual,1974,,68.90865,,,,A,Normal value,0,Units,1,One
DATAFLOW,OECD.SDD.TPS:DSD_LFS@DF_IALFS_LF_WAP_Q(1.0),Labour force participation rate,I,USA,United States,LF_WAP,Labour force participation rate,PT_WAP_SUB,Percentage of working age population in the same subgroup,_Z,Not applicable,Y,Calendar and seasonally adjusted,_T,Total,Y15T64,From 15 to 64 years,_Z,Not applicable,A,Annual,1975,,68.99532,,,,A,Normal value,0,Units,1,One
DATAFLOW,OECD.SDD.TPS:DSD_LFS@DF_IALFS_LF_WAP_Q(1.0),Labour force participation rate,I,USA,United States,LF_WAP,Labour force participation rate,PT_WAP_SUB,Percentage of working age population in the same subgroup,_Z,Not applicable,Y,Calendar and seasonally adjusted,_T,Total,Y15T64,From 15 to 64 years,_Z,Not applicable,A,Annual,1976,,69.56268,,,,A,Normal value,0,Units,1,One
DATAFLOW,OECD.SDD.TPS:DSD_LFS@DF_IALFS_LF_WAP_Q(1.0),Labour force participation rate,I,USA,United States,LF_WAP,Labour force participation rate,PT_WAP_SUB,Percentage of working age population in the same subgroup,_Z,Not applicable,Y,Calendar and seasonally adjusted,_T,Total,Y15T64,From 15 to 64 years,_Z,Not applicable,A,Annual,1977,,70.41424,,,,A,Normal value,0,Units,1,One
DATAFLOW,OECD.SDD.TPS:DSD_LFS@DF_IALFS_LF_WAP_Q(1.0),Labour force participation rate,I,USA,United States,LF_WAP,Labour force participation rate,PT_WAP_SUB,Percentage of working age population in the same subgroup,_Z,Not applicable,Y,Calendar and seasonally adjusted,_T,Total,Y15T64,From 15 to 64 years,_Z,Not applicable,A,Annual,1978,,71.48137,,,,A,Normal value,0,Units,1,One
DATAFLOW,OECD.SDD.TPS:DSD_LFS@DF_IALFS_LF_WAP_Q(1.0),Labour force participation rate,I,USA,United States,LF_WAP,Labour force participation rate,PT_WAP_SUB,Percentage of working age population in the same subgroup,_Z,Not applicable,Y,Calendar and seasonally adjusted,_T,Total,Y15T64,From 15 to 64 years,_Z,Not applicable,A,Annual,1979,,72.1886,,,,A,Normal value,0,Units,1,One
DATAFLOW,OECD.SDD.TPS:DSD_LFS@DF_IALFS_LF_WAP_Q(1.0),Labour force participation rate,I,USA,United States,LF_WAP,Labour force participation rate,PT_WAP_SUB,Percentage of working age population in the same subgroup,_Z,Not applicable,Y,Calendar and seasonally adjusted,_T,Total,Y15T64,From 15 to 64 years,_Z,Not applicable,A,Annual,1980,,72.44518,,,,A,Normal value,0,Units,1,One
DATAFLOW,OECD.SDD.TPS:DSD_LFS@DF_IALFS_LF_WAP_Q(1.0),Labour force participation rate,I,USA,United States,LF_WAP,Labour force participation rate,PT_WAP_SUB,Percentage of working age population in the same subgroup,_Z,Not applicable,Y,Calendar and seasonally adjusted,_T,Total,Y15T64,From 15 to 64 years,_Z,Not applicable,A,Annual,1981,,72.70567,,,,A,Normal value,0,Units,1,One
DATAFLOW,OECD.SDD.TPS:DSD_LFS@DF_IALFS_LF_WAP_Q(1.0),Labour force participation rate,I,USA,United States,LF_WAP,Labour force participation rate,PT_WAP_SUB,Percentage of working age population in the same subgroup,_Z,Not applicable,Y,Calendar and seasonally adjusted,_T,Total,Y15T64,From 15 to 64 years,_Z,Not applicable,A,Annual,1982,,72.96432,,,,A,Normal value,0,Units,1,One
DATAFLOW,OECD.SDD.TPS:DSD_LFS@DF_IALFS_LF_WAP_Q(1.0),Labour force participation rate,I,USA,United States,LF_WAP,Labour force participation rate,PT_WAP_SUB,Percentage of working age population in the same subgroup,_Z,Not applicable,Y,Calendar and seasonally adjusted,_T,Total,Y15T64,From 15 to 64 years,_Z,Not applicable,A,Annual,1983,,73.1566,,,,A,Normal value,0,Units,1,One
DATAFLOW,OECD.SDD.TPS:DSD_LFS@DF_IALFS_LF_WAP_Q(1.0),Labour force participation rate,I,USA,United States,LF_WAP,Labour force participation rate,PT_WAP_SUB,Percentage of working age population in the same subgroup,_Z,Not applicable,Y,Calendar and seasonally adjusted,_T,Total,Y15T64,From 15 to 64 years,_Z,Not applicable,A,Annual,1984,,73.76429,,,,A,Normal value,0,Units,1,One
DATAFLOW,OECD.SDD.TPS:DSD_LFS@DF_IALFS_LF_WAP_Q(1.0),Labour force participation rate,I,USA,United States,LF_WAP,Labour force participation rate,PT_WAP_SUB,Percentage of working age population in the same subgroup,_Z,Not applicable,Y,Calendar and seasonally adjusted,_T,Total,Y15T64,From 15 to 64 years,_Z,Not applicable,A,Annual,1985,,74.43604,,,,A,Normal value,0,Units,1,One
DATAFLOW,OECD.SDD.TPS:DSD_LFS@DF_IALFS_LF_WAP_Q(1.0),Labour force participation rate,I,USA,United States,LF_WAP,Labour force participation rate,PT_WAP_SUB,Percentage of working age population in the same subgroup,_Z,Not applicable,Y,Calendar and seasonally adjusted,_T,Total,Y15T64,From 15 to 64 years,_Z,Not applicable,A,Annual,1986,,75.00311,,,,A,Normal value,0,Units,1,One
DATAFLOW,OECD.SDD.TPS:DSD_LFS@DF_IALFS_LF_WAP_Q(1.0),Labour force participation rate,I,USA,United States,LF_WAP,Labour force participation rate,PT_WAP_SUB,Percentage of working age population in the same subgroup,_Z,Not applicable,Y,Calendar and seasonally adjusted,_T,Total,Y15T64,From 15 to 64 years,_Z,Not applicable,A,Annual,1987,,75.49208,,,,A,Normal value,0,Units,1,One
DATAFLOW,OECD.SDD.TPS:DSD_LFS@DF_IALFS_LF_WAP_Q(1.0),Labour force participation rate,I,USA,United States,LF_WAP,Labour force participation rate,PT_WAP_SUB,Percentage of working age population in the same subgroup,_Z,Not applicable,Y,Calendar and seasonally adjusted,_T,Total,Y15T64,From 15 to 64 years,_Z,Not applicable,A,Annual,1988,,75.88619,,,,A,Normal value,0,Units,1,One
DATAFLOW,OECD.SDD.TPS:DSD_LFS@DF_IALFS_LF_WAP_Q(1.0),Labour force participation rate,I,USA,United States,LF_WAP,Labour force participation rate,PT_WAP_SUB,Percentage of working age population in the same subgroup,_Z,Not applicable,Y,Calendar and seasonally adjusted,_T,Total,Y15T64,From 15 to 64 years,_Z,Not applicable,A,Annual,1989,,76.58505,,,,A,Normal value,0,Units,1,One
DATAFLOW,OECD.SDD.TPS:DSD_LFS@DF_IALFS_LF_WAP_Q(1.0),Labour force participation rate,I,USA,United States,LF_WAP,Labour force participation rate,PT_WAP_SUB,Percentage of working age population in the same subgroup,_Z,Not applicable,Y,Calendar and seasonally adjusted,_T,Total,Y15T64,From 15 to 64 years,_Z,Not applicable,A,Annual,1990,,76.53259,,,,A,Normal value,0,Units,1,One
DATAFLOW,OECD.SDD.TPS:DSD_LFS@DF_IALFS_LF_WAP_Q(1.0),Labour force participation rate,I,USA,United States,LF_WAP,Labour force participation rate,PT_WAP_SUB,Percentage of working age population in the same subgroup,_Z,Not applicable,Y,Calendar and seasonally adjusted,_T,Total,Y15T64,From 15 to 64 years,_Z,Not applicable,A,Annual,1991,,76.24931,,,,A,Normal value,0,Units,1,One
DATAFLOW,OECD.SDD.TPS:DSD_LFS@DF_IALFS_LF_WAP_Q(1.0),Labour force participation rate,I,USA,United States,LF_WAP,Labour force participation rate,PT_WAP_SUB,Percentage of working age population in the same subgroup,_Z,Not applicable,Y,Calendar and seasonally adjusted,_T,Total,Y15T64,From 15 to 64 years,_Z,Not applicable,A,Annual,1992,,76.63635,,,,A,Normal value,0,Units,1,One
DATAFLOW,OECD.SDD.TPS:DSD_LFS@DF_IALFS_LF_WAP_Q(1.0),Labour force participation rate,I,USA,United States,LF_WAP,Labour force participation rate,PT_WAP_SUB,Percentage of working age population in the same subgroup,_Z,Not applicable,Y,Calendar and seasonally adjusted,_T,Total,Y15T64,From 15 to 64 years,_Z,Not applicable,A,Annual,1993,,76.58775,,,,A,Normal value,0,Units,1,One
DATAFLOW,OECD.SDD.TPS:DSD_LFS@DF_IALFS_LF_WAP_Q(1.0),Labour force participation rate,I,USA,United States,LF_WAP,Labour force participation rate,PT_WAP_SUB,Percentage of working age population in the same subgroup,_Z,Not applicable,Y,Calendar and seasonally adjusted,_T,Total,Y15T64,From 15 to 64 years,_Z,Not applicable,A,Annual,1994,,76.73357,,,,A,Normal value,0,Units,1,One
DATAFLOW,OECD.SDD.TPS:DSD_LFS@DF_IALFS_LF_WAP_Q(1.0),Labour force participation rate,I,USA,United States,LF_WAP,Labour force participation rate,PT_WAP_SUB,Percentage of working age population in the same subgroup,_Z,Not applicable,Y,Calendar and seasonally adjusted,_T,Total,Y15T64,From 15 to 64 years,_Z,Not applicable,A,Annual,1995,,76.87376,,,,A,Normal value,0,Units,1,One
DATAFLOW,OECD.SDD.TPS:DSD_LFS@DF_IALFS_LF_WAP_Q(1.0),Labour force participation rate,I,USA,United States,LF_WAP,Labour force participation rate,PT_WAP_SUB,Percentage of working age population in the same subgroup,_Z,Not applicable,Y,Calendar and seasonally adjusted,_T,Total,Y15T64,From 15 to 64 years,_Z,Not applicable,A,Annual,1996,,77.06325,,,,A,Normal value,0,Units,1,One
DATAFLOW,OECD.SDD.TPS:DSD_LFS@DF_IALFS_LF_WAP_Q(1.0),Labour force participation rate,I,USA,United States,LF_WAP,Labour force participation rate,PT_WAP_SUB,Percentage of working age population in the same subgroup,_Z,Not applicable,Y,Calendar and seasonally adjusted,_T,Total,Y15T64,From 15 to 64 years,_Z,Not applicable,A,Annual,1997,,77.36662,,,,A,Normal value,0,Units,1,One
DATAFLOW,OECD.SDD.TPS:DSD_LFS@DF_IALFS_LF_WAP_Q(1.0),Labour force participation rate,I,USA,United States,LF_WAP,Labour force participation rate,PT_WAP_SUB,Percentage of working age population in the same subgroup,_Z,Not applicable,Y,Calendar and seasonally adjusted,_T,Total,Y15T64,From 15 to 64 years,_Z,Not applicable,A,Annual,1998,,77.36367,,,,A,Normal value,0,Units,1,One
DATAFLOW,OECD.SDD.TPS:DSD_LFS@DF_IALFS_LF_WAP_Q(1.0),Labour force participation rate,I,USA,United States,LF_WAP,Labour force participation rate,PT_WAP_SUB,Percentage of working age population in the same subgroup,_Z,Not applicable,Y,Calendar and seasonally adjusted,_T,Total,Y15T64,From 15 to 64 years,_Z,Not applicable,A,Annual,1999,,77.231,,,,A,Normal value,0,Units,1,One
DATAFLOW,OECD.SDD.TPS:DSD_LFS@DF_IALFS_LF_WAP_Q(1.0),Labour force participation rate,I,USA,United States,LF_WAP,Labour force participation rate,PT_WAP_SUB,Percentage of working age population in the same subgroup,_Z,Not applicable,Y,Calendar and seasonally adjusted,_T,Total,Y15T64,From 15 to 64 years,_Z,Not applicable,A,Annual,2000,,77.19908,,,,A,Normal value,0,Units,1,One
DATAFLOW,OECD.SDD.TPS:DSD_LFS@DF_IALFS_LF_WAP_Q(1.0),Labour force participation rate,I,USA,United States,LF_WAP,Labour force participation rate,PT_WAP_SUB,Percentage of working age population in the same subgroup,_Z,Not applicable,Y,Calendar and seasonally adjusted,_T,Total,Y15T64,From 15 to 64 years,_Z,Not applicable,A,Annual,2001,,76.81205,,,,A,Normal value,0,Units,1,One
DATAFLOW,OECD.SDD.TPS:DSD_LFS@DF_IALFS_LF_WAP_Q(1.0),Labour force participation rate,I,USA,United States,LF_WAP,Labour force participation rate,PT_WAP_SUB,Percentage of working age population in the same subgroup,_Z,Not applicable,Y,Calendar and seasonally adjusted,_T,Total,Y15T64,From 15 to 64 years,_Z,Not applicable,A,Annual,2002,,76.40041,,,,A,Normal value,0,Units,1,One
DATAFLOW,OECD.SDD.TPS:DSD_LFS@DF_IALFS_LF_WAP_Q(1.0),Labour force participation rate,I,USA,United States,LF_WAP,Labour force participation rate,PT_WAP_SUB,Percentage of working age population in the same subgroup,_Z,Not applicable,Y,Calendar and seasonally adjusted,_T,Total,Y15T64,From 15 to 64 years,_Z,Not applicable,A,Annual,2003,,75.82006,,,,A,Normal value,0,Units,1,One
DATAFLOW,OECD.SDD.TPS:DSD_LFS@DF_IALFS_LF_WAP_Q(1.0),Labour force participation rate,I,USA,United States,LF_WAP,Labour force participation rate,PT_WAP_SUB,Percentage of working age population in the same subgroup,_Z,Not applicable,Y,Calendar and seasonally adjusted,_T,Total,Y15T64,From 15 to 64 years,_Z,Not applicable,A,Annual,2004,,75.44611,,,,A,Normal value,0,Units,1,One
DATAFLOW,OECD.SDD.TPS:DSD_LFS@DF_IALFS_LF_WAP_Q(1.0),Labour force participation rate,I,USA,United States,LF_WAP,Labour force participation rate,PT_WAP_SUB,Percentage of working age population in the same subgroup,_Z,Not applicable,Y,Calendar and seasonally adjusted,_T,Total,Y15T64,From 15 to 64 years,_Z,Not applicable,A,Annual,2005,,75.40867,,,,A,Normal value,0,Units,1,One
DATAFLOW,OECD.SDD.TPS:DSD_LFS@DF_IALFS_LF_WAP_Q(1.0),Labour force participation rate,I,USA,United States,LF_WAP,Labour force participation rate,PT_WAP_SUB,Percentage of working age population in the same subgroup,_Z,Not applicable,Y,Calendar and seasonally adjusted,_T,Total,Y15T64,From 15 to 64 years,_Z,Not applicable,A,Annual,2006,,75.53894,,,,A,Normal value,0,Units,1,One
DATAFLOW,OECD.SDD.TPS:DSD_LFS@DF_IALFS_LF_WAP_Q(1.0),Labour force participation rate,I,USA,United States,LF_WAP,Labour force participation rate,PT_WAP_SUB,Percentage of working age population in the same subgroup,_Z,Not applicable,Y,Calendar and seasonally adjusted,_T,Total,Y15T64,From 15 to 64 years,_Z,Not applicable,A,Annual,2007,,75.30208,,,,A,Normal value,0,Units,1,One
DATAFLOW,OECD.SDD.TPS:DSD_LFS@DF_IALFS_LF_WAP_Q(1.0),Labour force participation rate,I,USA,United States,LF_WAP,Labour force participation rate,PT_WAP_SUB,Percentage of working age population in the same subgroup,_Z,Not applicable,Y,Calendar and seasonally adjusted,_T,Total,Y15T64,From 15 to 64 years,_Z,Not applicable,A,Annual,2008,,75.29139,,,,A,Normal value,0,Units,1,One
DATAFLOW,OECD.SDD.TPS:DSD_LFS@DF_IALFS_LF_WAP_Q(1.0),Labour force participation rate,I,USA,United States,LF_WAP,Labour force participation rate,PT_WAP_SUB,Percentage of working age population in the same subgroup,_Z,Not applicable,Y,Calendar and seasonally adjusted,_T,Total,Y15T64,From 15 to 64 years,_Z,Not applicable,A,Annual,2009,,74.62418,,,,A,Normal value,0,Units,1,One
DATAFLOW,OECD.SDD.TPS:DSD_LFS@DF_IALFS_LF_WAP_Q(1.0),Labour force participation rate,I,USA,United States,LF_WAP,Labour force participation rate,PT_WAP_SUB,Percentage of working age population in the same subgroup,_Z,Not applicable,Y,Calendar and seasonally adjusted,_T,Total,Y15T64,From 15 to 64 years,_Z,Not applicable,A,Annual,2010,,73.90991,,,,A,Normal value,0,Units,1,One
DATAFLOW,OECD.SDD.TPS:DSD_LFS@DF_IALFS_LF_WAP_Q(1.0),Labour force participation rate,I,USA,United States,LF_WAP,Labour force participation rate,PT_WAP_SUB,Percentage of working age population in the same subgroup,_Z,Not applicable,Y,Calendar and seasonally adjusted,_T,Total,Y15T64,From 15 to 64 years,_Z,Not applicable,A,Annual,2011,,73.29298,,,,A,Normal value,0,Units,1,One
DATAFLOW,OECD.SDD.TPS:DSD_LFS@DF_IALFS_LF_WAP_Q(1.0),Labour force participation rate,I,USA,United States,LF_WAP,Labour force participation rate,PT_WAP_SUB,Percentage of working age population in the same subgroup,_Z,Not applicable,Y,Calendar and seasonally adjusted,_T,Total,Y15T64,From 15 to 64 years,_Z,Not applicable,A,Annual,2012,,73.10627,,,,A,Normal value,0,Units,1,One
DATAFLOW,OECD.SDD.TPS:DSD_LFS@DF_IALFS_LF_WAP_Q(1.0),Labour force participation rate,I,USA,United States,LF_WAP,Labour force participation rate,PT_WAP_SUB,Percentage of working age population in the same subgroup,_Z,Not applicable,Y,Calendar and seasonally adjusted,_T,Total,Y15T64,From 15 to 64 years,_Z,Not applicable,A,Annual,2013,,72.8112,,,,A,Normal value,0,Units,1,One
DATAFLOW,OECD.SDD.TPS:DSD_LFS@DF_IALFS_LF_WAP_Q(1.0),Labour force participation rate,I,USA,United States,LF_WAP,Labour force participation rate,PT_WAP_SUB,Percentage of working age population in the same subgroup,_Z,Not applicable,Y,Calendar and seasonally adjusted,_T,Total,Y15T64,From 15 to 64 years,_Z,Not applicable,A,Annual,2014,,72.69605,,,,A,Normal value,0,Units,1,One
DATAFLOW,OECD.SDD.TPS:DSD_LFS@DF_IALFS_LF_WAP_Q(1.0),Labour force participation rate,I,USA,United States,LF_WAP,Labour force participation rate,PT_WAP_SUB,Percentage of working age population in the same subgroup,_Z,Not applicable,Y,Calendar and seasonally adjusted,_T,Total,Y15T64,From 15 to 64 years,_Z,Not applicable,A,Annual,2015,,72.60625,,,,A,Normal value,0,Units,1,One
DATAFLOW,OECD.SDD.TPS:DSD_LFS@DF_IALFS_LF_WAP_Q(1.0),Labour force participation rate,I,USA,United States,LF_WAP,Labour force participation rate,PT_WAP_SUB,Percentage of working age population in the same subgroup,_Z,Not applicable,Y,Calendar and seasonally adjusted,_T,Total,Y15T64,From 15 to 64 years,_Z,Not applicable,A,Annual,2016,,72.95052,,,,A,Normal value,0,Units,1,One
DATAFLOW,OECD.SDD.TPS:DSD_LFS@DF_IALFS_LF_WAP_Q(1.0),Labour force participation rate,I,USA,United States,LF_WAP,Labour force participation rate,PT_WAP_SUB,Percentage of working age population in the same subgroup,_Z,Not applicable,Y,Calendar and seasonally adjusted,_T,Total,Y15T64,From 15 to 64 years,_Z,Not applicable,A,Annual,2017,,73.34052,,,,A,Normal value,0,Units,1,One
DATAFLOW,OECD.SDD.TPS:DSD_LFS@DF_IALFS_LF_WAP_Q(1.0),Labour force participation rate,I,USA,United States,LF_WAP,Labour force participation rate,PT_WAP_SUB,Percentage of working age population in the same subgroup,_Z,Not applicable,Y,Calendar and seasonally adjusted,_T,Total,Y15T64,From 15 to 64 years,_Z,Not applicable,A,Annual,2018,,73.62547,,,,A,Normal value,0,Units,1,One
DATAFLOW,OECD.SDD.TPS:DSD_LFS@DF_IALFS_LF_WAP_Q(1.0),Labour force participation rate,I,USA,United States,LF_WAP,Labour force participation rate,PT_WAP_SUB,Percentage of working age population in the same subgroup,_Z,Not applicable,Y,Calendar and seasonally adjusted,_T,Total,Y15T64,From 15 to 64 years,_Z,Not applicable,A,Annual,2019,,74.11403,,,,A,Normal value,0,Units,1,One
DATAFLOW,OECD.SDD.TPS:DSD_LFS@DF_IALFS_LF_WAP_Q(1.0),Labour force participation rate,I,USA,United States,LF_WAP,Labour force participation rate,PT_WAP_SUB,Percentage of working age population in the same subgroup,_Z,Not applicable,Y,Calendar and seasonally adjusted,_T,Total,Y15T64,From 15 to 64 years,_Z,Not applicable,A,Annual,2020,,72.97727,,,,A,Normal value,0,Units,1,One
DATAFLOW,OECD.SDD.TPS:DSD_LFS@DF_IALFS_LF_WAP_Q(1.0),Labour force participation rate,I,USA,United States,LF_WAP,Labour force participation rate,PT_WAP_SUB,Percentage of working age population in the same subgroup,_Z,Not applicable,Y,Calendar and seasonally adjusted,_T,Total,Y15T64,From 15 to 64 years,_Z,Not applicable,A,Annual,2021,,73.37443,,,,A,Normal value,0,Units,1,One
DATAFLOW,OECD.SDD.TPS:DSD_LFS@DF_IALFS_LF_WAP_Q(1.0),Labour force participation rate,I,USA,United States,LF_WAP,Labour force participation rate,PT_WAP_SUB,Percentage of working age population in the same subgroup,_Z,Not applicable,Y,Calendar and seasonally adjusted,_T,Total,Y15T64,From 15 to 64 years,_Z,Not applicable,A,Annual,2022,,74.00713,,,,A,Normal value,0,Units,1,One
DATAFLOW,OECD.SDD.TPS:DSD_LFS@DF_IALFS_LF_WAP_Q(1.0),Labour force participation rate,I,USA,United States,LF_WAP,Labour force participation rate,PT_WAP_SUB,Percentage of working age population in the same subgroup,_Z,Not applicable,Y,Calendar and seasonally adjusted,_T,Total,Y15T64,From 15 to 64 years,_Z,Not applicable,A,Annual,2023,,74.71663,,,,A,Normal value,0,Units,1,One
DATAFLOW,OECD.SDD.TPS:DSD_LFS@DF_IALFS_LF_WAP_Q(1.0),Labour force participation rate,I,USA,United States,LF_WAP,Labour force participation rate,PT_WAP_SUB,Percentage of working age population in the same subgroup,_Z,Not applicable,Y,Calendar and seasonally adjusted,_T,Total,Y15T64,From 15 to 64 years,_Z,Not applicable,A,Annual,2024,,74.9233,,,,A,Normal value,0,Units,1,One
DATAFLOW,OECD.SDD.TPS:DSD_LFS@DF_IALFS_LF_WAP_Q(1.0),Labour force participation rate,I,DEU,Germany,LF_WAP,Labour force participation rate,PT_WAP_SUB,Percentage of working age population in the same subgroup,_Z,Not applicable,Y,Calendar and seasonally adjusted,_T,Total,Y15T64,From 15 to 64 years,_Z,Not applicable,A,Annual,2005,,73.775,,,,A,Normal value,0,Units,1,One
DATAFLOW,OECD.SDD.TPS:DSD_LFS@DF_IALFS_LF_WAP_Q(1.0),Labour force participation rate,I,DEU,Germany,LF_WAP,Labour force participation rate,PT_WAP_SUB,Percentage of working age population in the same subgroup,_Z,Not applicable,Y,Calendar and seasonally adjusted,_T,Total,Y15T64,From 15 to 64 years,_Z,Not applicable,A,Annual,2006,,74.975,,,,A,Normal value,0,Units,1,One
DATAFLOW,OECD.SDD.TPS:DSD_LFS@DF_IALFS_LF_WAP_Q(1.0),Labour force participation rate,I,DEU,Germany,LF_WAP,Labour force participation rate,PT_WAP_SUB,Percentage of working age population in the same subgroup,_Z,Not applicable,Y,Calendar and seasonally adjusted,_T,Total,Y15T64,From 15 to 64 years,_Z,Not applicable,A,Annual,2007,,75.6,,,,A,Normal value,0,Units,1,One
DATAFLOW,OECD.SDD.TPS:DSD_LFS@DF_IALFS_LF_WAP_Q(1.0),Labour force participation rate,I,DEU,Germany,LF_WAP,Labour force participation rate,PT_WAP_SUB,Percentage of working age population in the same subgroup,_Z,Not applicable,Y,Calendar and seasonally adjusted,_T,Total,Y15T64,From 15 to 64 years,_Z,Not applicable,A,Annual,2008,,75.925,,,,A,Normal value,0,Units,1,One
DATAFLOW,OECD.SDD.TPS:DSD_LFS@DF_IALFS_LF_WAP_Q(1.0),Labour force participation rate,I,DEU,Germany,LF_WAP,Labour force participation rate,PT_WAP_SUB,Percentage of working age population in the same subgroup,_Z,Not applicable,Y,Calendar and seasonally adjusted,_T,Total,Y15T64,From 15 to 64 years,_Z,Not applicable,A,Annual,2009,,74.975,,,,A,Normal value,0,Units,1,One
DATAFLOW,OECD.SDD.TPS:DSD_LFS@DF_IALFS_LF_WAP_Q(1.0),Labour force participation rate,I,DEU,Germany,LF_WAP,Labour force participation rate,PT_WAP_SUB,Percentage of working age population in the same subgroup,_Z,Not applicable,Y,Calendar and seasonally adjusted,_T,Total,Y15T64,From 15 to 64 years,_Z,Not applicable,A,Annual,2010,,75.375,,,,A,Normal value,0,Units,1,One
DATAFLOW,OECD.SDD.TPS:DSD_LFS@DF_IALFS_LF_WAP_Q(1.0),Labour force participation rate,I,DEU,Germany,LF_WAP,Labour force participation rate,PT_WAP_SUB,Percentage of working age population in the same subgroup,_Z,Not applicable,Y,Calendar and seasonally adjusted,_T,Total,Y15T64,From 15 to 64 years,_Z,Not applicable,A,Annual,2011,,76.025,,,,A,Normal value,0,Units,1,One
DATAFLOW,OECD.SDD.TPS:DSD_LFS@DF_IALFS_LF_WAP_Q(1.0),Labour force participation rate,I,DEU,Germany,LF_WAP,Labour force participation rate,PT_WAP_SUB,Percentage of working age population in the same subgroup,_Z,Not applicable,Y,Calendar and seasonally adjusted,_T,Total,Y15T64,From 15 to 64 years,_Z,Not applicable,A,Annual,2012,,76,,,,A,Normal value,0,Units,1,One
DATAFLOW,OECD.SDD.TPS:DSD_LFS@DF_IALFS_LF_WAP_Q(1.0),Labour force participation rate,I,DEU,Germany,LF_WAP,Labour force participation rate,PT_WAP_SUB,Percentage of working age population in the same subgroup,_Z,Not applicable,Y,Calendar and seasonally adjusted,_T,Total,Y15T64,From 15 to 64 years,_Z,Not applicable,A,Annual,2013,,76.375,,,,A,Normal value,0,Units,1,One
DATAFLOW,OECD.SDD.TPS:DSD_LFS@DF_IALFS_LF_WAP_Q(1.0),Labour force participation rate,I,DEU,Germany,LF_WAP,Labour force participation rate,PT_WAP_SUB,Percentage of working age population in the same subgroup,_Z,Not applicable,Y,Calendar and seasonally adjusted,_T,Total,Y15T64,From 15 to 64 years,_Z,Not applicable,A,Annual,2014,,76.525,,,,A,Normal value,0,Units,1,One
DATAFLOW,OECD.SDD.TPS:DSD_LFS@DF_IALFS_LF_WAP_Q(1.0),Labour force participation rate,I,DEU,Germany,LF_WAP,Labour force participation rate,PT_WAP_SUB,Percentage of working age population in the same subgroup,_Z,Not applicable,Y,Calendar and seasonally adjusted,_T,Total,Y15T64,From 15 to 64 years,_Z,Not applicable,A,Annual,2015,,76.45,,,,A,Normal value,0,Units,1,One
DATAFLOW,OECD.SDD.TPS:DSD_LFS@DF_IALFS_LF_WAP_Q(1.0),Labour force participation rate,I,DEU,Germany,LF_WAP,Labour force participation rate,PT_WAP_SUB,Percentage of working age population in the same subgroup,_Z,Not applicable,Y,Calendar and seasonally adjusted,_T,Total,Y15T64,From 15 to 64 years,_Z,Not applicable,A,Annual,2016,,76.825,,,,A,Normal value,0,Units,1,One
DATAFLOW,OECD.SDD.TPS:DSD_LFS@DF_IALFS_LF_WAP_Q(1.0),Labour force participation rate,I,DEU,Germany,LF_WAP,Labour force participation rate,PT_WAP_SUB,Percentage of working age population in the same subgroup,_Z,Not applicable,Y,Calendar and seasonally adjusted,_T,Total,Y15T64,From 15 to 64 years,_Z,Not applicable,A,Annual,2017,,77.175,,,,A,Normal value,0,Units,1,One
DATAFLOW,OECD.SDD.TPS:DSD_LFS@DF_IALFS_LF_WAP_Q(1.0),Labour force participation rate,I,DEU,Germany,LF_WAP,Labour force participation rate,PT_WAP_SUB,Percentage of working age population in the same subgroup,_Z,Not applicable,Y,Calendar and seasonally adjusted,_T,Total,Y15T64,From 15 to 64 years,_Z,Not applicable,A,Annual,2018,,77.6,,,,A,Normal value,0,Units,1,One
DATAFLOW,OECD.SDD.TPS:DSD_LFS@DF_IALFS_LF_WAP_Q(1.0),Labour force participation rate,I,DEU,Germany,LF_WAP,Labour force participation rate,PT_WAP_SUB,Percentage of working age population in the same subgroup,_Z,Not applicable,Y,Calendar and seasonally adjusted,_T,Total,Y15T64,From 15 to 64 years,_Z,Not applicable,A,Annual,2019,,78.2,,,,A,Normal value,0,Units,1,One
DATAFLOW,OECD.SDD.TPS:DSD_LFS@DF_IALFS_LF_WAP_Q(1.0),Labour force participation rate,I,USA,United States,LF_WAP,Labour force participation rate,PT_WAP_SUB,Percentage of working age population in the same subgroup,_Z,Not applicable,Y,Calendar and seasonally adjusted,M,Male,Y15T64,From 15 to 64 years,_Z,Not applicable,A,Annual,1955,,91.73358,,,,A,Normal value,0,Units,1,One
DATAFLOW,OECD.SDD.TPS:DSD_LFS@DF_IALFS_LF_WAP_Q(1.0),Labour force participation rate,I,USA,United States,LF_WAP,Labour force participation rate,PT_WAP_SUB,Percentage of working age population in the same subgroup,_Z,Not applicable,Y,Calendar and seasonally adjusted,M,Male,Y15T64,From 15 to 64 years,_Z,Not applicable,A,Annual,1956,,91.92748,,,,A,Normal value,0,Units,1,One
DATAFLOW,OECD.SDD.TPS:DSD_LFS@DF_IALFS_LF_WAP_Q(1.0),Labour force participation rate,I,USA,United States,LF_WAP,Labour force participation rate,PT_WAP_SUB,Percentage of working age population in the same subgroup,_Z,Not applicable,Y,Calendar and seasonally adjusted,M,Male,Y15T64,From 15 to 64 years,_Z,Not applicable,A,Annual,1957,,91.4453,,,,A,Normal value,0,Units,1,One
DATAFLOW,OECD.SDD.TPS:DSD_LFS@DF_IALFS_LF_WAP_Q(1.0),Labour force participation rate,I,USA,United States,LF_WAP,Labour force participation rate,PT_WAP_SUB,Percentage of working age population in the same subgroup,_Z,Not applicable,Y,Calendar and seasonally adjusted,M,Male,Y15T64,From 15 to 64 years,_Z,Not applicable,A,Annual,1958,,91.11187,,,,A,Normal value,0,Units,1,One
DATAFLOW,OECD.SDD.TPS:DSD_LFS@DF_IALFS_LF_WAP_Q(1.0),Labour force participation rate,I,USA,United States,LF_WAP,Labour force participation rate,PT_WAP_SUB,Percentage of working age population in the same subgroup,_Z,Not applicable,Y,Calendar and seasonally adjusted,M,Male,Y15T64,From 15 to 64 years,_Z,Not applicable,A,Annual,1959,,90.74089,,,,A,Normal value,0,Units,1,One
DATAFLOW,OECD.SDD.TPS:DSD_LFS@DF_IALFS_LF_WAP_Q(1.0),Labour force participation rate,I,USA,United States,LF_WAP,Labour force participation rate,PT_WAP_SUB,Percentage of working age population in the same subgroup,_Z,Not applicable,Y,Calendar and seasonally adjusted,M,Male,Y15T64,From 15 to 64 years,_Z,Not applicable,A,Annual,1960,,90.44277,,,,A,Normal value,0,Units,1,One
DATAFLOW,OECD.SDD.TPS:DSD_LFS@DF_IALFS_LF_WAP_Q(1.0),Labour force participation rate,I,USA,United States,LF_WAP,Labour force participation rate,PT_WAP_SUB,Percentage of working age population in the same subgroup,_Z,Not applicable,Y,Calendar and seasonally adjusted,M,Male,Y15T64,From 15 to 64 years,_Z,Not applicable,A,Annual,1961,,90.16435,,,,A,Normal value,0,Units,1,One
DATAFLOW,OECD.SDD.TPS:DSD_LFS@DF_IALFS_LF_WAP_Q(1.0),Labour force participation rate,I,USA,United States,LF_WAP,Labour force participation rate,PT_WAP_SUB,Percentage of working age population in the same subgroup,_Z,Not applicable,Y,Calendar and seasonally adjusted,M,Male,Y15T64,From 15 to 64 years,_Z,Not applicable,A,Annual,1962,,89.71628,,,,A,Normal value,0,Units,1,One
DATAFLOW,OECD.SDD.TPS:DSD_LFS@DF_IALFS_LF_WAP_Q(1.0),Labour force participation rate,I,USA,United States,LF_WAP,Labour force participation rate,PT_WAP_SUB,Percentage of working age population in the same subgroup,_Z,Not applicable,Y,Calendar and seasonally adjusted,M,Male,Y15T64,From 15 to 64 years,_Z,Not applicable,A,Annual,1963,,89.28036,,,,A,Normal value,0,Units,1,One
DATAFLOW,OECD.SDD.TPS:DSD_LFS@DF_IALFS_LF_WAP_Q(1.0),Labour force participation rate,I,USA,United States,LF_WAP,Labour force participation rate,PT_WAP_SUB,Percentage of working age population in the same subgroup,_Z,Not applicable,Y,Calendar and seasonally adjusted,M,Male,Y15T64,From 15 to 64 years,_Z,Not applicable,A,Annual,1964,,88.84502,,,,A,Normal value,0,Units,1,One
DATAFLOW,OECD.SDD.TPS:DSD_LFS@DF_IALFS_LF_WAP_Q(1.0),Labour force participation rate,I,USA,United States,LF_WAP,Labour force participation rate,PT_WAP_SUB,Percentage of working age population in the same subgroup,_Z,Not applicable,Y,Calendar and seasonally adjusted,M,Male,Y15T64,From 15 to 64 years,_Z,Not applicable,A,Annual,1965,,88.47023,,,,A,Normal value,0,Units,1,One
DATAFLOW,OECD.SDD.TPS:DSD_LFS@DF_IALFS_LF_WAP_Q(1.0),Labour force participation rate,I,USA,United States,LF_WAP,Labour force participation rate,PT_WAP_SUB,Percentage of working age population in the same subgroup,_Z,Not applicable,Y,Calendar and seasonally adjusted,M,Male,Y15T64,From 15 to 64 years,_Z,Not applicable,A,Annual,1966,,88.28181,,,,A,Normal value,0,Units,1,One
DATAFLOW,OECD.SDD.TPS:DSD_LFS@DF_IALFS_LF_WAP_Q(1.0),Labour force participation rate,I,USA,United States,LF_WAP,Labour force participation rate,PT_WAP_SUB,Percentage of working age population in the same subgroup,_Z,Not applicable,Y,Calendar and seasonally adjusted,M,Male,Y15T64,From 15 to 64 years,_Z,Not applicable,A,Annual,1967,,88.27141,,,,A,Normal value,0,Units,1,One
DATAFLOW,OECD.SDD.TPS:DSD_LFS@DF_IALFS_LF_WAP_Q(1.0),Labour force participation rate,I,USA,United States,LF_WAP,Labour force participation rate,PT_WAP_SUB,Percentage of working age population in the same subgroup,_Z,Not applicable,Y,Calendar and seasonally adjusted,M,Male,Y15T64,From 15 to 64 years,_Z,Not applicable,A,Annual,1968,,87.81886,,,,A,Normal value,0,Units,1,One
DATAFLOW,OECD.SDD.TPS:DSD_LFS@DF_IALFS_LF_WAP_Q(1.0),Labour force participation rate,I,USA,United States,LF_WAP,Labour force participation rate,PT_WAP_SUB,Percentage of working age population in the same subgroup,_Z,Not applicable,Y,Calendar and seasonally adjusted,M,Male,Y15T64,From 15 to 64 years,_Z,Not applicable,A,Annual,1969,,87.51125,,,,A,Normal value,0,Units,1,One
DATAFLOW,OECD.SDD.TPS:DSD_LFS@DF_IALFS_LF_WAP_Q(1.0),Labour force participation rate,I,USA,United States,LF_WAP,Labour force participation rate,PT_WAP_SUB,Percentage of working age population in the same subgroup,_Z,Not applicable,Y,Calendar and seasonally adjusted,M,Male,Y15T64,From 15 to 64 years,_Z,Not applicable,A,Annual,1970,,87.28389,,,,A,Normal value,0,Units,1,One
DATAFLOW,OECD.SDD.TPS:DSD_LFS@DF_IALFS_LF_WAP_Q(1.0),Labour force participation rate,I,USA,United States,LF_WAP,Labour force participation rate,PT_WAP_SUB,Percentage of working age population in the same subgroup,_Z,Not applicable,Y,Calendar and seasonally adjusted,M,Male,Y15T64,From 15 to 64 years,_Z,Not applicable,A,Annual,1971,,86.75874,,,,A,Normal value,0,Units,1,One
DATAFLOW,OECD.SDD.TPS:DSD_LFS@DF_IALFS_LF_WAP_Q(1.0),Labour force participation rate,I,USA,United States,LF_WAP,Labour force participation rate,PT_WAP_SUB,Percentage of working age population in the same subgroup,_Z,Not applicable,Y,Calendar and seasonally adjusted,M,Male,Y15T64,From 15 to 64 years,_Z,Not applicable,A,Annual,1972,,86.59616,,,,A,Normal value,0,Units,1,One
DATAFLOW,OECD.SDD.TPS:DSD_LFS@DF_IALFS_LF_WAP_Q(1.0),Labour force participation rate,I,USA,United States,LF_WAP,Labour force participation rate,PT_WAP_SUB,Percentage of working age population in the same subgroup,_Z,Not applicable,Y,Calendar and seasonally adjusted,M,Male,Y15T64,From 15 to 64 years,_Z,Not applicable,A,Annual,1973,,86.59894,,,,A,Normal value,0,Units,1,One
DATAFLOW,OECD.SDD.TPS:DSD_LFS@DF_IALFS_LF_WAP_Q(1.0),Labour force participation rate,I,USA,United States,LF_WAP,Labour force participation rate,PT_WAP_SUB,Percentage of working age population in the same subgroup,_Z,Not applicable,Y,Calendar and seasonally adjusted,M,Male,Y15T64,From 15 to 64 years,_Z,Not applicable,A,Annual,1974,,86.55328,,,,A,Normal value,0,Units,1,One
DATAFLOW,OECD.SDD.TPS:DSD_LFS@DF_IALFS_LF_WAP_Q(1.0),Labour force participation rate,I,USA,United States,LF_WAP,Labour force participation rate,PT_WAP_SUB,Percentage of working age population in the same subgroup,_Z,Not applicable,Y,Calendar and seasonally adjusted,M,Male,Y15T64,From 15 to 64 years,_Z,Not applicable,A,Annual,1975,,85.72772,,,,A,Normal value,0,Units,1,One
DATAFLOW,OECD.SDD.TPS:DSD_LFS@DF_IALFS_LF_WAP_Q(1.0),Labour force participation rate,I,USA,United States,LF_WAP,Labour force participation rate,PT_WAP_SUB,Percentage of working age population in the same subgroup,_Z,Not applicable,Y,Calendar and seasonally adjusted,M,Male,Y15T64,From 15 to 64 years,_Z,Not applicable,A,Annual,1976,,85.53721,,,,A,Normal value,0,Units,1,One
DATAFLOW,OECD.SDD.TPS:DSD_LFS@DF_IALFS_LF_WAP_Q(1.0),Labour force participation rate,I,USA,United States,LF_WAP,Labour force participation rate,PT_WAP_SUB,Percentage of working age population in the same subgroup,_Z,Not applicable,Y,Calendar and seasonally adjusted,M,Male,Y15T64,From 15 to 64 years,_Z,Not applicable,A,Annual,1977,,85.79784,,,,A,Normal value,0,Units,1,One
DATAFLOW,OECD.SDD.TPS:DSD_LFS@DF_IALFS_LF_WAP_Q(1.0),Labour force participation rate,I,USA,United States,LF_WAP,Labour force participation rate,PT_WAP_SUB,Percentage of working age population in the same subgroup,_Z,Not applicable,Y,Calendar and seasonally adjusted,M,Male,Y15T64,From 15 to 64 years,_Z,Not applicable,A,Annual,1978,,86.0075,,,,A,Normal value,0,Units,1,One
DATAFLOW,OECD.SDD.TPS:DSD_LFS@DF_IALFS_LF_WAP_Q(1.0),Labour force participation rate,I,USA,United States,LF_WAP,Labour force participation rate,PT_WAP_SUB,Percentage of working age population in the same subgroup,_Z,Not applicable,Y,Calendar and seasonally adjusted,M,Male,Y15T64,From 15 to 64 years,_Z,Not applicable,A,Annual,1979,,86.10053,,,,A,Normal value,0,Units,1,One
DATAFLOW,OECD.SDD.TPS:DSD_LFS@DF_IALFS_LF_WAP_Q(1.0),Labour force participation rate,I,USA,United States,LF_WAP,Labour force participation rate,PT_WAP_SUB,Percentage of working age population in the same subgroup,_Z,Not applicable,Y,Calendar and seasonally adjusted,M,Male,Y15T64,From 15 to 64 years,_Z,Not applicable,A,Annual,1980,,85.79707,,,,A,Normal value,0,Units,1,One
DATAFLOW,OECD.SDD.TPS:DSD_LFS@DF_IALFS_LF_WAP_Q(1.0),Labour force participation rate,I,USA,United States,LF_WAP,Labour force participation rate,PT_WAP_SUB,Percentage of working age population in the same subgroup,_Z,Not applicable,Y,Calendar and seasonally adjusted,M,Male,Y15T64,From 15 to 64 years,_Z,Not applicable,A,Annual,1981,,85.45084,,,,A,Normal value,0,Units,1,One
DATAFLOW,OECD.SDD.TPS:DSD_LFS@DF_IALFS_LF_WAP_Q(1.0),Labour force participation rate,I,USA,United States,LF_WAP,Labour force participation rate,PT_WAP_SUB,Percentage of working age population in the same subgroup,_Z,Not applicable,Y,Calendar and seasonally adjusted,M,Male,Y15T64,From 15 to 64 years,_Z,Not applicable,A,Annual,1982,,85.1758,,,,A,Normal value,0,Units,1,One
DATAFLOW,OECD.SDD.TPS:DSD_LFS@DF_IALFS_LF_WAP_Q(1.0),Labour force participation rate,I,USA,United States,LF_WAP,Labour force participation rate,PT_WAP_SUB,Percentage of working age population in the same subgroup,_Z,Not applicable,Y,Calendar and seasonally adjusted,M,Male,Y15T64,From 15 to 64 years,_Z,Not applicable,A,Annual,1983,,85.0547,,,,A,Normal value,0,Units,1,One
DATAFLOW,OECD.SDD.TPS:DSD_LFS@DF_IALFS_LF_WAP_Q(1.0),Labour force participation rate,I,USA,United States,LF_WAP,Labour force participation rate,PT_WAP_SUB,Percentage of working age population in the same subgroup,_Z,Not applicable,Y,Calendar and seasonally adjusted,M,Male,Y15T64,From 15 to 64 years,_Z,Not applicable,A,Annual,1984,,85.25275,,,,A,Normal value,0,Units,1,One
DATAFLOW,OECD.SDD.TPS:DSD_LFS@DF_IALFS_LF_WAP_Q(1.0),Labour force participation rate,I,USA,United States,LF_WAP,Labour force participation rate,PT_WAP_SUB,Percentage of working age population in the same subgroup,_Z,Not applicable,Y,Calendar and seasonally adjusted,M,Male,Y15T64,From 15 to 64 years,_Z,Not applicable,A,Annual,1985,,85.38599,,,,A,Normal value,0,Units,1,One
DATAFLOW,OECD.SDD.TPS:DSD_LFS@DF_IALFS_LF_WAP_Q(1.0),Labour force participation rate,I,USA,United States,LF_WAP,Labour force participation rate,PT_WAP_SUB,Percentage of working age population in the same subgroup,_Z,Not applicable,Y,Calendar and seasonally adjusted,M,Male,Y15T64,From 15 to 64 years,_Z,Not applicable,A,Annual,1986,,85.43764,,,,A,Normal value,0,Units,1,One
DATAFLOW,OECD.SDD.TPS:DSD_LFS@DF_IALFS_LF_WAP_Q(1.0),Labour force participation rate,I,USA,United States,LF_WAP,Labour force participation rate,PT_WAP_SUB,Percentage of working age population in the same subgroup,_Z,Not applicable,Y,Calendar and seasonally adjusted,M,Male,Y15T64,From 15 to 64 years,_Z,Not applicable,A,Annual,1987,,85.43925,,,,A,Normal value,0,Units,1,One
DATAFLOW,OECD.SDD.TPS:DSD_LFS@DF_IALFS_LF_WAP_Q(1.0),Labour force participation rate,I,USA,United States,LF_WAP,Labour force participation rate,PT_WAP_SUB,Percentage of working age population in the same subgroup,_Z,Not applicable,Y,Calendar and seasonally adjusted,M,Male,Y15T64,From 15 to 64 years,_Z,Not applicable,A,Annual,1988,,85.48463,,,,A,Normal value,0,Units,1,One
DATAFLOW,OECD.SDD.TPS:DSD_LFS@DF_IALFS_LF_WAP_Q(1.0),Labour force participation rate,I,USA,United States,LF_WAP,Labour force participation rate,PT_WAP_SUB,Percentage of working age population in the same subgroup,_Z,Not applicable,Y,Calendar and seasonally adjusted,M,Male,Y15T64,From 15 to 64 years,_Z,Not applicable,A,Annual,1989,,85.87582,,,,A,Normal value,0,Units,1,One
DATAFLOW,OECD.SDD.TPS:DSD_LFS@DF_IALFS_LF_WAP_Q(1.0),Labour force participation rate,I,USA,United States,LF_WAP,Labour force participation rate,PT_WAP_SUB,Percentage of working age population in the same subgroup,_Z,Not applicable,Y,Calendar and seasonally adjusted,M,Male,Y15T64,From 15 to 64 years,_Z,Not applicable,A,Annual,1990,,85.59195,,,,A,Normal value,0,Units,1,One
DATAFLOW,OECD.SDD.TPS:DSD_LFS@DF_IALFS_LF_WAP_Q(1.0),Labour force participation rate,I,USA,United States,LF_WAP,Labour force participation rate,PT_WAP_SUB,Percentage of working age population in the same subgroup,_Z,Not applicable,Y,Calendar and seasonally adjusted,M,Male,Y15T64,From 15 to 64 years,_Z,Not applicable,A,Annual,1991,,85.09296,,,,A,Normal value,0,Units,1,One
DATAFLOW,OECD.SDD.TPS:DSD_LFS@DF_IALFS_LF_WAP_Q(1.0),Labour force participation rate,I,USA,United States,LF_WAP,Labour force participation rate,PT_WAP_SUB,Percentage of working age population in the same subgroup,_Z,Not applicable,Y,Calendar and seasonally adjusted,M,Male,Y15T64,From 15 to 64 years,_Z,Not applicable,A,Annual,1992,,85.18388,,,,A,Normal value,0,Units,1,One
DATAFLOW,OECD.SDD.TPS:DSD_LFS@DF_IALFS_LF_WAP_Q(1.0),Labour force participation rate,I,USA,United States,LF_WAP,Labour force participation rate,PT_WAP_SUB,Percentage of working age population in the same subgroup,_Z,Not applicable,Y,Calendar and seasonally adjusted,M,Male,Y15T64,From 15 to 64 years,_Z,Not applicable,A,Annual,1993,,84.87895,,,,A,Normal value,0,Units,1,One
DATAFLOW,OECD.SDD.TPS:DSD_LFS@DF_IALFS_LF_WAP_Q(1.0),Labour force participation rate,I,USA,United States,LF_WAP,Labour force participation rate,PT_WAP_SUB,Percentage of working age population in the same subgroup,_Z,Not applicable,Y,Calendar and seasonally adjusted,M,Male,Y15T64,From 15 to 64 years,_Z,Not applicable,A,Annual,1994,,84.28636,,,,A,Normal value,0,Units,1,One
DATAFLOW,OECD.SDD.TPS:DSD_LFS@DF_IALFS_LF_WAP_Q(1.0),Labour force participation rate,I,USA,United States,LF_WAP,Labour force participation rate,PT_WAP_SUB,Percentage of working age population in the same subgroup,_Z,Not applicable,Y,Calendar and seasonally adjusted,M,Male,Y15T64,From 15 to 64 years,_Z,Not applicable,A,Annual,1995,,84.29069,,,,A,Normal value,0,Units,1,One
DATAFLOW,OECD.SDD.TPS:DSD_LFS@DF_IALFS_LF_WAP_Q(1.0),Labour force participation rate,I,USA,United States,LF_WAP,Labour force participation rate,PT_WAP_SUB,Percentage of working age population in the same subgroup,_Z,Not applicable,Y,Calendar and seasonally adjusted,M,Male,Y15T64,From 15 to 64 years,_Z,Not applicable,A,Annual,1996,,84.26641,,,,A,Normal value,0,Units,1,One
DATAFLOW,OECD.SDD.TPS:DSD_LFS@DF_IALFS_LF_WAP_Q(1.0),Labour force participation rate,I,USA,United States,LF_WAP,Labour force participation rate,PT_WAP_SUB,Percentage of working age population in the same subgroup,_Z,Not applicable,Y,Calendar and seasonally adjusted,M,Male,Y15T64,From 15 to 64 years,_Z,Not applicable,A,Annual,1997,,84.23251,,,,A,Normal value,0,Units,1,One
DATAFLOW,OECD.SDD.TPS:DSD_LFS@DF_IALFS_LF_WAP_Q(1.0),Labour force participation rate,I,USA,United States,LF_WAP,Labour force participation rate,PT_WAP_SUB,Percentage of working age population in the same subgroup,_Z,Not applicable,Y,Calendar and seasonally adjusted,M,Male,Y15T64,From 15 to 64 years,_Z,Not applicable,A,Annual,1998,,84.23148,,,,A,Normal value,0,Units,1,One
DATAFLOW,OECD.SDD.TPS:DSD_LFS@DF_IALFS_LF_WAP_Q(1.0),Labour force participation rate,I,USA,United States,LF_WAP,Labour force participation rate,PT_WAP_SUB,Percentage of working age population in the same subgroup,_Z,Not applicable,Y,Calendar and seasonally adjusted,M,Male,Y15T64,From 15 to 64 years,_Z,Not applicable,A,Annual,1999,,83.98492,,,,A,Normal value,0,Units,1,One
DATAFLOW,OECD.SDD.TPS:DSD_LFS@DF_IALFS_LF_WAP_Q(1.0),Labour force participation rate,I,USA,United States,LF_WAP,Labour force participation rate,PT_WAP_SUB,Percentage of working age population in the same subgroup,_Z,Not applicable,Y,Calendar and seasonally adjusted,M,Male,Y15T64,From 15 to 64 years,_Z,Not applicable,A,Annual,2000,,83.92316,,,,A,Normal value,0,Units,1,One
DATAFLOW,OECD.SDD.TPS:DSD_LFS@DF_IALFS_LF_WAP_Q(1.0),Labour force participation rate,I,USA,United States,LF_WAP,Labour force participation rate,PT_WAP_SUB,Percentage of working age population in the same subgroup,_Z,Not applicable,Y,Calendar and seasonally adjusted,M,Male,Y15T64,From 15 to 64 years,_Z,Not applicable,A,Annual,2001,,83.448,,,,A,Normal value,0,Units,1,One
DATAFLOW,OECD.SDD.TPS:DSD_LFS@DF_IALFS_LF_WAP_Q(1.0),Labour force participation rate,I,USA,United States,LF_WAP,Labour force participation rate,PT_WAP_SUB,Percentage of working age population in the same subgroup,_Z,Not applicable,Y,Calendar and seasonally adjusted,M,Male,Y15T64,From 15 to 64 years,_Z,Not applicable,A,Annual,2002,,82.9613,,,,A,Normal value,0,Units,1,One
DATAFLOW,OECD.SDD.TPS:DSD_LFS@DF_IALFS_LF_WAP_Q(1.0),Labour force participation rate,I,USA,United States,LF_WAP,Labour force participation rate,PT_WAP_SUB,Percentage of working age population in the same subgroup,_Z,Not applicable,Y,Calendar and seasonally adjusted,M,Male,Y15T64,From 15 to 64 years,_Z,Not applicable,A,Annual,2003,,82.16915,,,,A,Normal value,0,Units,1,One
DATAFLOW,OECD.SDD.TPS:DSD_LFS@DF_IALFS_LF_WAP_Q(1.0),Labour force participation rate,I,USA,United States,LF_WAP,Labour force participation rate,PT_WAP_SUB,Percentage of working age population in the same subgroup,_Z,Not applicable,Y,Calendar and seasonally adjusted,M,Male,Y15T64,From 15 to 64 years,_Z,Not applicable,A,Annual,2004,,81.9044,,,,A,Normal value,0,Units,1,One
DATAFLOW,OECD.SDD.TPS:DSD_LFS@DF_IALFS_LF_WAP_Q(1.0),Labour force participation rate,I,USA,United States,LF_WAP,Labour force participation rate,PT_WAP_SUB,Percentage of working age population in the same subgroup,_Z,Not applicable,Y,Calendar and seasonally adjusted,M,Male,Y15T64,From 15 to 64 years,_Z,Not applicable,A,Annual,2005,,81.81207,,,,A,Normal value,0,Units,1,One
DATAFLOW,OECD.SDD.TPS:DSD_LFS@DF_IALFS_LF_WAP_Q(1.0),Labour force participation rate,I,USA,United States,LF_WAP,Labour force participation rate,PT_WAP_SUB,Percentage of working age population in the same subgroup,_Z,Not applicable,Y,Calendar and seasonally adjusted,M,Male,Y15T64,From 15 to 64 years,_Z,Not applicable,A,Annual,2006,,81.93923,,,,A,Normal value,0,Units,1,One
DATAFLOW,OECD.SDD.TPS:DSD_LFS@DF_IALFS_LF_WAP_Q(1.0),Labour force participation rate,I,USA,United States,LF_WAP,Labour force participation rate,PT_WAP_SUB,Percentage of working age population in the same subgroup,_Z,Not applicable,Y,Calendar and seasonally adjusted,M,Male,Y15T64,From 15 to 64 years,_Z,Not applicable,A,Annual,2007,,81.68649,,,,A,Normal value,0,Units,1,One
DATAFLOW,OECD.SDD.TPS:DSD_LFS@DF_IALFS_LF_WAP_Q(1.0),Labour force participation rate,I,USA,United States,LF_WAP,Labour force participation rate,PT_WAP_SUB,Percentage of working age population in the same subgroup,_Z,Not applicable,Y,Calendar and seasonally adjusted,M,Male,Y15T64,From 15 to 64 years,_Z,Not applicable,A,Annual,2008,,81.43675,,,,A,Normal value,0,Units,1,One
DATAFLOW,OECD.SDD.TPS:DSD_LFS@DF_IALFS_LF_WAP_Q(1.0),Labour force participation rate,I,USA,United States,LF_WAP,Labour force participation rate,PT_WAP_SUB,Percentage of working age population in the same subgroup,_Z,Not applicable,Y,Calendar and seasonally adjusted,M,Male,Y15T64,From 15 to 64 years,_Z,Not applicable,A,Annual,2009,,80.35719,,,,A,Normal value,0,Units,1,One
DATAFLOW,OECD.SDD.TPS:DSD_LFS@DF_IALFS_LF_WAP_Q(1.0),Labour force participation rate,I,USA,United States,LF_WAP,Labour force participation rate,PT_WAP_SUB,Percentage of working age population in the same subgroup,_Z,Not applicable,Y,Calendar and seasonally adjusted,M,Male,Y15T64,From 15 to 64 years,_Z,Not applicable,A,Annual,2010,,79.55335,,,,A,Normal value,0,Units,1,One
DATAFLOW,OECD.SDD.TPS:DSD_LFS@DF_IALFS_LF_WAP_Q(1.0),Labour force participation rate,I,USA,United States,LF_WAP,Labour force participation rate,PT_WAP_SUB,Percentage of working age population in the same subgroup,_Z,Not applicable,Y,Calendar and seasonally adjusted,M,Male,Y15T64,From 15 to 64 years,_Z,Not applicable,A,Annual,2011,,78.89674,,,,A,Normal value,0,Units,1,One
DATAFLOW,OECD.SDD.TPS:DSD_LFS@DF_IALFS_LF_WAP_Q(1.0),Labour force participation rate,I,USA,United States,LF_WAP,Labour force participation rate,PT_WAP_SUB,Percentage of working age population in the same subgroup,_Z,Not applicable,Y,Calendar and seasonally adjusted,M,Male,Y15T64,From 15 to 64 years,_Z,Not applicable,A,Annual,2012,,78.83238,,,,A,Normal value,0,Units,1,One
DATAFLOW,OECD.SDD.TPS:DSD_LFS@DF_IALFS_LF_WAP_Q(1.0),Labour force participation rate,I,USA,United States,LF_WAP,Labour force participation rate,PT_WAP_SUB,Percentage of working age population in the same subgroup,_Z,Not applicable,Y,Calendar and seasonally adjusted,M,Male,Y15T64,From 15 to 64 years,_Z,Not applicable,A,Annual,2013,,78.6586,,,,A,Normal value,0,Units,1,One
DATAFLOW,OECD.SDD.TPS:DSD_LFS@DF_IALFS_LF_WAP_Q(1.0),Labour force participation rate,I,USA,United States,LF_WAP,Labour force participation rate,PT_WAP_SUB,Percentage of working age population in the same subgroup,_Z,Not applicable,Y,Calendar and seasonally adjusted,M,Male,Y15T64,From 15 to 64 years,_Z,Not applicable,A,Annual,2014,,78.46722,,,,A,Normal value,0,Units,1,One
DATAFLOW,OECD.SDD.TPS:DSD_LFS@DF_IALFS_LF_WAP_Q(1.0),Labour force participation rate,I,USA,United States,LF_WAP,Labour force participation rate,PT_WAP_SUB,Percentage of working age population in the same subgroup,_Z,Not applicable,Y,Calendar and seasonally adjusted,M,Male,Y15T64,From 15 to 64 years,_Z,Not applicable,A,Annual,2015,,78.47453,,,,A,Normal value,0,Units,1,One
DATAFLOW,OECD.SDD.TPS:DSD_LFS@DF_IALFS_LF_WAP_Q(1.0),Labour force participation rate,I,USA,United States,LF_WAP,Labour force participation rate,PT_WAP_SUB,Percentage of working age population in the same subgroup,_Z,Not applicable,Y,Calendar and seasonally adjusted,M,Male,Y15T64,From 15 to 64 years,_Z,Not applicable,A,Annual,2016,,78.78654,,,,A,Normal value,0,Units,1,One
DATAFLOW,OECD.SDD.TPS:DSD_LFS@DF_IALFS_LF_WAP_Q(1.0),Labour force participation rate,I,USA,United States,LF_WAP,Labour force participation rate,PT_WAP_SUB,Percentage of working age population in the same subgroup,_Z,Not applicable,Y,Calendar and seasonally adjusted,M,Male,Y15T64,From 15 to 64 years,_Z,Not applicable,A,Annual,2017,,78.96799,,,,A,Normal value,0,Units,1,One
DATAFLOW,OECD.SDD.TPS:DSD_LFS@DF_IALFS_LF_WAP_Q(1.0),Labour force participation rate,I,USA,United States,LF_WAP,Labour force participation rate,PT_WAP_SUB,Percentage of working age population in the same subgroup,_Z,Not applicable,Y,Calendar and seasonally adjusted,M,Male,Y15T64,From 15 to 64 years,_Z,Not applicable,A,Annual,2018,,79.23281,,,,A,Normal value,0,Units,1,One
DATAFLOW,OECD.SDD.TPS:DSD_LFS@DF_IALFS_LF_WAP_Q(1.0),Labour force participation rate,I,USA,United States,LF_WAP,Labour force participation rate,PT_WAP_SUB,Percentage of working age population in the same subgroup,_Z,Not applicable,Y,Calendar and seasonally adjusted,M,Male,Y15T64,From 15 to 64 years,_Z,Not applicable,A,Annual,2019,,79.53468,,,,A,Normal value,0,Units,1,One
DATAFLOW,OECD.SDD.TPS:DSD_LFS@DF_IALFS_LF_WAP_Q(1.0),Labour force participation rate,I,USA,United States,LF_WAP,Labour force participation rate,PT_WAP_SUB,Percentage of working age population in the same subgroup,_Z,Not applicable,Y,Calendar and seasonally adjusted,M,Male,Y15T64,From 15 to 64 years,_Z,Not applicable,A,Annual,2020,,78.26404,,,,A,Normal value,0,Units,1,One
DATAFLOW,OECD.SDD.TPS:DSD_LFS@DF_IALFS_LF_WAP_Q(1.0),Labour force participation rate,I,USA,United States,LF_WAP,Labour force participation rate,PT_WAP_SUB,Percentage of working age population in the same subgroup,_Z,Not applicable,Y,Calendar and seasonally adjusted,M,Male,Y15T64,From 15 to 64 years,_Z,Not applicable,A,Annual,2021,,78.65952,,,,A,Normal value,0,Units,1,One
DATAFLOW,OECD.SDD.TPS:DSD_LFS@DF_IALFS_LF_WAP_Q(1.0),Labour force participation rate,I,USA,United States,LF_WAP,Labour force participation rate,PT_WAP_SUB,Percentage of working age population in the same subgroup,_Z,Not applicable,Y,Calendar and seasonally adjusted,M,Male,Y15T64,From 15 to 64 years,_Z,Not applicable,A,Annual,2022,,79.09731,,,,A,Normal value,0,Units,1,One
DATAFLOW,OECD.SDD.TPS:DSD_LFS@DF_IALFS_LF_WAP_Q(1.0),Labour force participation rate,I,USA,United States,LF_WAP,Labour force participation rate,PT_WAP_SUB,Percentage of working age population in the same subgroup,_Z,Not applicable,Y,Calendar and seasonally adjusted,M,Male,Y15T64,From 15 to 64 years,_Z,Not applicable,A,Annual,2023,,79.52167,,,,A,Normal value,0,Units,1,One
DATAFLOW,OECD.SDD.TPS:DSD_LFS@DF_IALFS_LF_WAP_Q(1.0),Labour force participation rate,I,USA,United States,LF_WAP,Labour force participation rate,PT_WAP_SUB,Percentage of working age population in the same subgroup,_Z,Not applicable,Y,Calendar and seasonally adjusted,M,Male,Y15T64,From 15 to 64 years,_Z,Not applicable,A,Annual,2024,,79.65212,,,,A,Normal value,0,Units,1,One
DATAFLOW,OECD.SDD.TPS:DSD_LFS@DF_IALFS_LF_WAP_Q(1.0),Labour force participation rate,I,DEU,Germany,LF_WAP,Labour force participation rate,PT_WAP_SUB,Percentage of working age population in the same subgroup,_Z,Not applicable,Y,Calendar and seasonally adjusted,M,Male,Y15T64,From 15 to 64 years,_Z,Not applicable,A,Annual,2005,,80.575,,,,A,Normal value,0,Units,1,One
DATAFLOW,OECD.SDD.TPS:DSD_LFS@DF_IALFS_LF_WAP_Q(1.0),Labour force participation rate,I,DEU,Germany,LF_WAP,Labour force participation rate,PT_WAP_SUB,Percentage of working age population in the same subgroup,_Z,Not applicable,Y,Calendar and seasonally adjusted,M,Male,Y15T64,From 15 to 64 years,_Z,Not applicable,A,Annual,2006,,81.275,,,,A,Normal value,0,Units,1,One
DATAFLOW,OECD.SDD.TPS:DSD_LFS@DF_IALFS_LF_WAP_Q(1.0),Labour force participation rate,I,DEU,Germany,LF_WAP,Labour force participation rate,PT_WAP_SUB,Percentage of working age population in the same subgroup,_Z,Not applicable,Y,Calendar and seasonally adjusted,M,Male,Y15T64,From 15 to 64 years,_Z,Not applicable,A,Annual,2007,,81.725,,,,A,Normal value,0,Units,1,One
DATAFLOW,OECD.SDD.TPS:DSD_LFS@DF_IALFS_LF_WAP_Q(1.0),Labour force participation rate,I,DEU,Germany,LF_WAP,Labour force participation rate,PT_WAP_SUB,Percentage of working age population in the same subgroup,_Z,Not applicable,Y,Calendar and seasonally adjusted,M,Male,Y15T64,From 15 to 64 years,_Z,Not applicable,A,Annual,2008,,82,,,,A,Normal value,0,Units,1,One
DATAFLOW,OECD.SDD.TPS:DSD_LFS@DF_IALFS_LF_WAP_Q(1.0),Labour force participation rate,I,DEU,Germany,LF_WAP,Labour force participation rate,PT_WAP_SUB,Percentage of working age population in the same subgroup,_Z,Not applicable,Y,Calendar and seasonally adjusted,M,Male,Y15T64,From 15 to 64 years,_Z,Not applicable,A,Annual,2009,,80.725,,,,A,Normal value,0,Units,1,One
DATAFLOW,OECD.SDD.TPS:DSD_LFS@DF_IALFS_LF_WAP_Q(1.0),Labour force participation rate,I,DEU,Germany,LF_WAP,Labour force participation rate,PT_WAP_SUB,Percentage of working age population in the same subgroup,_Z,Not applicable,Y,Calendar and seasonally adjusted,M,Male,Y15T64,From 15 to 64 years,_Z,Not applicable,A,Annual,2010,,80.975,,,,A,Normal value,0,Units,1,One
DATAFLOW,OECD.SDD.TPS:DSD_LFS@DF_IALFS_LF_WAP_Q(1.0),Labour force participation rate,I,DEU,Germany,LF_WAP,Labour force participation rate,PT_WAP_SUB,Percentage of working age population in the same subgroup,_Z,Not applicable,Y,Calendar and seasonally adjusted,M,Male,Y15T64,From 15 to 64 years,_Z,Not applicable,A,Annual,2011,,81.275,,,,A,Normal value,0,Units,1,One
DATAFLOW,OECD.SDD.TPS:DSD_LFS@DF_IALFS_LF_WAP_Q(1.0),Labour force participation rate,I,DEU,Germany,LF_WAP,Labour force participation rate,PT_WAP_SUB,Percentage of working age population in the same subgroup,_Z,Not applicable,Y,Calendar and seasonally adjusted,M,Male,Y15T64,From 15 to 64 years,_Z,Not applicable,A,Annual,2012,,81.225,,,,A,Normal value,0,Units,1,One
DATAFLOW,OECD.SDD.TPS:DSD_LFS@DF_IALFS_LF_WAP_Q(1.0),Labour force participation rate,I,DEU,Germany,LF_WAP,Labour force participation rate,PT_WAP_SUB,Percentage of working age population in the same subgroup,_Z,Not applicable,Y,Calendar and seasonally adjusted,M,Male,Y15T64,From 15 to 64 years,_Z,Not applicable,A,Annual,2013,,81.275,,,,A,Normal value,0,Units,1,One
DATAFLOW,OECD.SDD.TPS:DSD_LFS@DF_IALFS_LF_WAP_Q(1.0),Labour force participation rate,I,DEU,Germany,LF_WAP,Labour force participation rate,PT_WAP_SUB,Percentage of working age population in the same subgroup,_Z,Not applicable,Y,Calendar and seasonally adjusted,M,Male,Y15T64,From 15 to 64 years,_Z,Not applicable,A,Annual,2014,,81.225,,,,A,Normal value,0,Units,1,One
DATAFLOW,OECD.SDD.TPS:DSD_LFS@DF_IALFS_LF_WAP_Q(1.0),Labour force participation rate,I,DEU,Germany,LF_WAP,Labour force participation rate,PT_WAP_SUB,Percentage of working age population in the same subgroup,_Z,Not applicable,Y,Calendar and seasonally adjusted,M,Male,Y15T64,From 15 to 64 years,_Z,Not applicable,A,Annual,2015,,80.825,,,,A,Normal value,0,Units,1,One
DATAFLOW,OECD.SDD.TPS:DSD_LFS@DF_IALFS_LF_WAP_Q(1.0),Labour force participation rate,I,DEU,Germany,LF_WAP,Labour force participation rate,PT_WAP_SUB,Percentage of working age population in the same subgroup,_Z,Not applicable,Y,Calendar and seasonally adjusted,M,Male,Y15T64,From 15 to 64 years,_Z,Not applicable,A,Annual,2016,,80.95,,,,A,Normal value,0,Units,1,One
DATAFLOW,OECD.SDD.TPS:DSD_LFS@DF_IALFS_LF_WAP_Q(1.0),Labour force participation rate,I,DEU,Germany,LF_WAP,Labour force participation rate,PT_WAP_SUB,Percentage of working age population in the same subgroup,_Z,Not applicable,Y,Calendar and seasonally adjusted,M,Male,Y15T64,From 15 to 64 years,_Z,Not applicable,A,Annual,2017,,81.175,,,,A,Normal value,0,Units,1,One
DATAFLOW,OECD.SDD.TPS:DSD_LFS@DF_IALFS_LF_WAP_Q(1.0),Labour force participation rate,I,DEU,Germany,LF_WAP,Labour force participation rate,PT_WAP_SUB,Percentage of working age population in the same subgroup,_Z,Not applicable,Y,Calendar and seasonally adjusted,M,Male,Y15T64,From 15 to 64 years,_Z,Not applicable,A,Annual,2018,,81.725,,,,A,Normal value,0,Units,1,One
DATAFLOW,OECD.SDD.TPS:DSD_LFS@DF_IALFS_LF_WAP_Q(1.0),Labour force participation rate,I,DEU,Germany,LF_WAP,Labour force participation rate,PT_WAP_SUB,Percentage of working age population in the same subgroup,_Z,Not applicable,Y,Calendar and seasonally adjusted,M,Male,Y15T64,From 15 to 64 years,_Z,Not applicable,A,Annual,2019,,82.3,,,,A,Normal value,0,Units,1,One
DATAFLOW,OECD.SDD.TPS:DSD_LFS@DF_IALFS_LF_WAP_Q(1.0),Labour force participation rate,I,DEU,Germany,LF_WAP,Labour force participation rate,PT_WAP_SUB,Percentage of working age population in the same subgroup,_Z,Not applicable,Y,Calendar and seasonally adjusted,M,Male,Y15T64,From 15 to 64 years,_Z,Not applicable,A,Annual,2021,,82.65,,,,A,Normal value,0,Units,1,One
DATAFLOW,OECD.SDD.TPS:DSD_LFS@DF_IALFS_LF_WAP_Q(1.0),Labour force participation rate,I,DEU,Germany,LF_WAP,Labour force participation rate,PT_WAP_SUB,Percentage of working age population in the same subgroup,_Z,Not applicable,Y,Calendar and seasonally adjusted,M,Male,Y15T64,From 15 to 64 years,_Z,Not applicable,A,Annual,2022,,83.375,,,,A,Normal value,0,Units,1,One
DATAFLOW,OECD.SDD.TPS:DSD_LFS@DF_IALFS_LF_WAP_Q(1.0),Labour force participation rate,I,DEU,Germany,LF_WAP,Labour force participation rate,PT_WAP_SUB,Percentage of working age population in the same subgroup,_Z,Not applicable,Y,Calendar and seasonally adjusted,M,Male,Y15T64,From 15 to 64 years,_Z,Not applicable,A,Annual,2023,,83.525,,,,A,Normal value,0,Units,1,One
DATAFLOW,OECD.SDD.TPS:DSD_LFS@DF_IALFS_LF_WAP_Q(1.0),Labour force participation rate,I,DEU,Germany,LF_WAP,Labour force participation rate,PT_WAP_SUB,Percentage of working age population in the same subgroup,_Z,Not applicable,Y,Calendar and seasonally adjusted,M,Male,Y15T64,From 15 to 64 years,_Z,Not applicable,A,Annual,2024,,83.65,,,,A,Normal value,0,Units,1,One
DATAFLOW,OECD.SDD.TPS:DSD_LFS@DF_IALFS_LF_WAP_Q(1.0),Labour force participation rate,I,DEU,Germany,LF_WAP,Labour force participation rate,PT_WAP_SUB,Percentage of working age population in the same subgroup,_Z,Not applicable,Y,Calendar and seasonally adjusted,M,Male,Y15T64,From 15 to 64 years,_Z,Not applicable,A,Annual,2025,,83.775,,,,A,Normal value,0,Units,1,One
DATAFLOW,OECD.SDD.TPS:DSD_LFS@DF_IALFS_LF_WAP_Q(1.0),Labour force participation rate,I,DEU,Germany,LF_WAP,Labour force participation rate,PT_WAP_SUB,Percentage of working age population in the same subgroup,_Z,Not applicable,Y,Calendar and seasonally adjusted,_T,Total,Y15T64,From 15 to 64 years,_Z,Not applicable,A,Annual,2020,,76.29694,,,,E,Estimated value,0,Units,1,One
DATAFLOW,OECD.SDD.TPS:DSD_LFS@DF_IALFS_LF_WAP_Q(1.0),Labour force participation rate,I,DEU,Germany,LF_WAP,Labour force participation rate,PT_WAP_SUB,Percentage of working age population in the same subgroup,_Z,Not applicable,Y,Calendar and seasonally adjusted,M,Male,Y15T64,From 15 to 64 years,_Z,Not applicable,A,Annual,2020,,81.375,,,,U,Low reliability,0,Units,1,One
DATAFLOW,OECD.SDD.TPS:DSD_LFS@DF_IALFS_LF_WAP_Q(1.0),Labour force participation rate,I,DEU,Germany,LF_WAP,Labour force participation rate,PT_WAP_SUB,Percentage of working age population in the same subgroup,_Z,Not applicable,Y,Calendar and seasonally adjusted,F,Female,Y15T64,From 15 to 64 years,_Z,Not applicable,A,Annual,2020,,73.525,,,,U,Low reliability,0,Units,1,One
DATAFLOW,OECD.SDD.TPS:DSD_LFS@DF_IALFS_LF_WAP_Q(1.0),Labour force participation rate,I,DEU,Germany,LF_WAP,Labour force participation rate,PT_WAP_SUB,Percentage of working age population in the same subgroup,_Z,Not applicable,Y,Calendar and seasonally adjusted,_T,Total,Y15T64,From 15 to 64 years,_Z,Not applicable,A,Annual,2021,,78.70323,,,,E,Estimated value,0,Units,1,One
DATAFLOW,OECD.SDD.TPS:DSD_LFS@DF_IALFS_LF_WAP_Q(1.0),Labour force participation rate,I,DEU,Germany,LF_WAP,Labour force participation rate,PT_WAP_SUB,Percentage of working age population in the same subgroup,_Z,Not applicable,Y,Calendar and seasonally adjusted,_T,Total,Y15T64,From 15 to 64 years,_Z,Not applicable,A,Annual,2022,,79.50011,,,,E,Estimated value,0,Units,1,One
DATAFLOW,OECD.SDD.TPS:DSD_LFS@DF_IALFS_LF_WAP_Q(1.0),Labour force participation rate,I,DEU,Germany,LF_WAP,Labour force participation rate,PT_WAP_SUB,Percentage of working age population in the same subgroup,_Z,Not applicable,Y,Calendar and seasonally adjusted,_T,Total,Y15T64,From 15 to 64 years,_Z,Not applicable,A,Annual,2023,,79.76717,,,,E,Estimated value,0,Units,1,One
DATAFLOW,OECD.SDD.TPS:DSD_LFS@DF_IALFS_LF_WAP_Q(1.0),Labour force participation rate,I,DEU,Germany,LF_WAP,Labour force participation rate,PT_WAP_SUB,Percentage of working age population in the same subgroup,_Z,Not applicable,Y,Calendar and seasonally adjusted,_T,Total,Y15T64,From 15 to 64 years,_Z,Not applicable,A,Annual,2024,,80.06024,,,,E,Estimated value,0,Units,1,One
DATAFLOW,OECD.SDD.TPS:DSD_LFS@DF_IALFS_LF_WAP_Q(1.0),Labour force participation rate,I,DEU,Germany,LF_WAP,Labour force participation rate,PT_WAP_SUB,Percentage of working age population in the same subgroup,_Z,Not applicable,Y,Calendar and seasonally adjusted,_T,Total,Y15T64,From 15 to 64 years,_Z,Not applicable,A,Annual,2025,,80.33884,,,,E,Estimated value,0,Units,1,One
